baseMean	log2FoldChange	lfcSE	stat	pvalue	padj
1	83655.3965160685	0.790435800150603	0.205052332695155	3.85480033199973	0.000115824119002922	0.00123154759446145
2	8.38807271613156	-1.97830744593835	0.887856317197643	-2.22818423163617	0.0258682321355108	0.0688508079652378
3	8.38807271613156	-1.97830744593835	0.887856317197643	-2.22818423163617	0.0258682321355108	0.0688508079652378
4	8.2860106435156	-1.95793333702592	0.883721962102766	-2.21555355755461	0.0267220925302358	0.0708093303640317
5	3.99942612370777	-3.07682341230667	1.2455018149764	-2.47034839717593	0.0134981519294223	0.0429486652299799
6	3.99942612370777	-3.07682341230667	1.2455018149764	-2.47034839717593	0.0134981519294223	0.0429486652299799
7	3.99942612370777	-3.07682341230667	1.2455018149764	-2.47034839717593	0.0134981519294223	0.0429486652299799
8	3.99942612370777	-3.07682341230667	1.2455018149764	-2.47034839717593	0.0134981519294223	0.0429486652299799
9	5.74652756373759	-3.57860600569931	1.20955099337339	-2.95862351013306	0.00309016380963654	0.0151266759912278
10	5.74652756373759	-3.57860600569931	1.20955099337339	-2.95862351013306	0.00309016380963654	0.0151266759912278
11	2.18387680003728	-3.36012747252439	1.49417287136508	-2.24882109488079	0.0245238807093102	0.0669267699669283
12	2.18387680003728	-3.36012747252439	1.49417287136508	-2.24882109488079	0.0245238807093102	0.0669267699669283
13	2.32528584597162	0.0341713042662566	1.46682669926389	0.0232960746374504	0.981414102851041	0.987027124871367
14	2.32528584597162	0.0341713042662566	1.46682669926389	0.0232960746374504	0.981414102851041	0.987027124871367
15	8.24409418237184	-0.843460889696589	0.838704526825531	-1.00567108286521	0.314573817826075	0.42305796825793
16	8.24409418237184	-0.843460889696589	0.838704526825531	-1.00567108286521	0.314573817826075	0.42305796825793
17	1.45041446997769	1.53543666574195	1.49866647636395	1.0245352718286	0.305582519751191	NA
18	1.45041446997769	1.53543666574195	1.49866647636395	1.0245352718286	0.305582519751191	NA
19	0	NA	NA	NA	NA	NA
20	0	NA	NA	NA	NA	NA
21	0	NA	NA	NA	NA	NA
22	0	NA	NA	NA	NA	NA
23	0.102062072615966	0.0151395672302882	2.09688988419048	0.00722001061878979	0.99423931504784	NA
24	0.102062072615966	0.0151395672302882	2.09688988419048	0.00722001061878979	0.99423931504784	NA
25	19.1685878320527	-3.38644115868567	0.956822348453023	-3.53925800767595	0.000401253470719718	0.00319178897163412
26	19.1685878320527	-3.38644115868567	0.956822348453023	-3.53925800767595	0.000401253470719718	0.00319178897163412
27	4.56170350644307	-2.47183567052428	1.10243712521755	-2.2421556875967	0.0249513119398185	0.0676536540653567
28	4.56170350644307	-2.47183567052428	1.10243712521755	-2.2421556875967	0.0249513119398185	0.0676536540653567
29	0.664339455351268	-0.218000059103391	2.01088723535044	-0.108409887571543	0.913670558214857	NA
30	0.664339455351268	-0.218000059103391	2.01088723535044	-0.108409887571543	0.913670558214857	NA
31	0.227564095343811	1.16277842171323	2.09495177282485	0.555038276678481	0.578868479644751	NA
32	0.227564095343811	1.16277842171323	2.09495177282485	0.555038276678481	0.578868479644751	NA
33	0.329626167959777	0.605654192809648	2.0991405715485	0.288524837744843	0.772945020734111	NA
34	0.329626167959777	0.605654192809648	2.0991405715485	0.288524837744843	0.772945020734111	NA
35	0	NA	NA	NA	NA	NA
36	0	NA	NA	NA	NA	NA
37	3.03827601795265	3.94062416364552	1.38651201929672	2.84211323724716	0.00448155706298878	0.0195052224503139
38	3.03827601795265	3.94062416364552	1.38651201929672	2.84211323724716	0.00448155706298878	0.0195052224503139
39	0.227564095343811	1.16277842171323	2.09495177282485	0.555038276678481	0.578868479644751	NA
40	0.227564095343811	1.16277842171323	2.09495177282485	0.555038276678481	0.578868479644751	NA
41	0.329626167959777	0.605654192809648	2.0991405715485	0.288524837744843	0.772945020734111	NA
42	0.329626167959777	0.605654192809648	2.0991405715485	0.288524837744843	0.772945020734111	NA
43	0	NA	NA	NA	NA	NA
44	0	NA	NA	NA	NA	NA
45	0.227564095343811	1.16277842171323	2.09495177282485	0.555038276678481	0.578868479644751	NA
46	0.227564095343811	1.16277842171323	2.09495177282485	0.555038276678481	0.578868479644751	NA
47	0.102062072615966	0.0151395672302882	2.09688988419048	0.00722001061878979	0.99423931504784	NA
48	0.102062072615966	0.0151395672302882	2.09688988419048	0.00722001061878979	0.99423931504784	NA
49	0.102062072615966	0.0151395672302882	2.09688988419048	0.00722001061878979	0.99423931504784	NA
50	0.102062072615966	0.0151395672302882	2.09688988419048	0.00722001061878979	0.99423931504784	NA
51	0	NA	NA	NA	NA	NA
52	0	NA	NA	NA	NA	NA
53	0	NA	NA	NA	NA	NA
54	0	NA	NA	NA	NA	NA
55	0	NA	NA	NA	NA	NA
56	0	NA	NA	NA	NA	NA
57	0.102062072615966	0.0151395672302882	2.09688988419048	0.00722001061878979	0.99423931504784	NA
58	0.102062072615966	0.0151395672302882	2.09688988419048	0.00722001061878979	0.99423931504784	NA
59	0.455128190687622	1.46332915655147	2.09860405196263	0.697286920409284	0.485623251838368	NA
60	0.455128190687622	1.46332915655147	2.09860405196263	0.697286920409284	0.485623251838368	NA
61	0	NA	NA	NA	NA	NA
62	0	NA	NA	NA	NA	NA
63	0.227564095343811	1.16277842171323	2.09495177282485	0.555038276678481	0.578868479644751	NA
64	0.227564095343811	1.16277842171323	2.09495177282485	0.555038276678481	0.578868479644751	NA
65	0.102062072615966	0.0151395672302882	2.09688988419048	0.00722001061878979	0.99423931504784	NA
66	0.102062072615966	0.0151395672302882	2.09688988419048	0.00722001061878979	0.99423931504784	NA
67	0.891903550695079	0.313143053340604	1.82650082124636	0.171444244479958	0.863874467683476	NA
68	0.891903550695079	0.313143053340604	1.82650082124636	0.171444244479958	0.863874467683476	NA
69	1.32867891070254	-0.443943755878198	1.52786060272776	-0.290565615138977	0.771383561047814	NA
70	1.32867891070254	-0.443943755878198	1.52786060272776	-0.290565615138977	0.771383561047814	NA
71	0	NA	NA	NA	NA	NA
72	0	NA	NA	NA	NA	NA
73	2.56611565256388	2.55652925840233	1.25262980478383	2.04092960956132	0.041257824207873	0.0980480990609596
74	2.56611565256388	2.55652925840233	1.25262980478383	2.04092960956132	0.041257824207873	0.0980480990609596
75	0.334713287391491	-0.530109587478167	2.10015201911518	-0.252414864568474	0.800720411785564	NA
76	0.334713287391491	-0.530109587478167	2.10015201911518	-0.252414864568474	0.800720411785564	NA
77	0	NA	NA	NA	NA	NA
78	0	NA	NA	NA	NA	NA
79	1.9556377136258	0.816770318396615	1.38629122248327	0.589176577871948	0.555742827495119	0.650104369887201
80	1.9556377136258	0.816770318396615	1.38629122248327	0.589176577871948	0.555742827495119	0.650104369887201
81	3.73635334263093	-1.24586026050352	1.01428978061255	-1.22830800853689	0.219331365774159	0.324708229400432
82	3.73635334263093	-1.24586026050352	1.01428978061255	-1.22830800853689	0.219331365774159	0.324708229400432
83	1.66847931752574	-1.69024075561901	1.47059471503724	-1.14935864948774	0.250408123357052	0.35588132441824
84	1.66847931752574	-1.69024075561901	1.47059471503724	-1.14935864948774	0.250408123357052	0.35588132441824
85	0.664339455351268	-0.218000059103391	2.01088723535044	-0.108409887571543	0.913670558214857	NA
86	0.664339455351268	-0.218000059103391	2.01088723535044	-0.108409887571543	0.913670558214857	NA
87	0	NA	NA	NA	NA	NA
88	0	NA	NA	NA	NA	NA
89	55.0444770006824	-4.55745150739551	0.996399586711935	-4.57391950797054	4.78683800624318e-06	0.000136766800178376
90	55.0444770006824	-4.55745150739551	0.996399586711935	-4.57391950797054	4.78683800624318e-06	0.000136766800178376
91	0.102062072615966	0.0151395672302882	2.09688988419048	0.00722001061878979	0.99423931504784	NA
92	0.102062072615966	0.0151395672302882	2.09688988419048	0.00722001061878979	0.99423931504784	NA
93	3.02381333107689	-2.67659210468702	1.28734673859698	-2.07915398737415	0.037603199274723	0.0910804134681872
94	3.02381333107689	-2.67659210468702	1.28734673859698	-2.07915398737415	0.037603199274723	0.0910804134681872
95	7.2324507194483	-3.89950179162054	1.20327318680969	-3.24074518934433	0.00119217697425106	0.00730320087518412
96	7.2324507194483	-3.89950179162054	1.20327318680969	-3.24074518934433	0.00119217697425106	0.00730320087518412
97	4.76393315491729	-1.22279464487811	0.935574020793018	-1.30699935836358	0.191212929399693	0.29612621809687
98	4.76393315491729	-1.22279464487811	0.935574020793018	-1.30699935836358	0.191212929399693	0.29612621809687
99	0.970525673199165	-0.879241494083832	1.78417221075644	-0.492800800720383	0.622153344900128	NA
100	0.970525673199165	-0.879241494083832	1.78417221075644	-0.492800800720383	0.622153344900128	NA
101	1.95122558526176	-3.2066140601429	1.52860001465251	-2.09774566885102	0.0359276182821628	0.0887623510500492
102	1.95122558526176	-3.2066140601429	1.52860001465251	-2.09774566885102	0.0359276182821628	0.0887623510500492
103	0.664339455351268	-0.218000059103391	2.01088723535044	-0.108409887571543	0.913670558214857	NA
104	0.664339455351268	-0.218000059103391	2.01088723535044	-0.108409887571543	0.913670558214857	NA
105	0.102062072615966	0.0151395672302882	2.09688988419048	0.00722001061878979	0.99423931504784	NA
106	0.102062072615966	0.0151395672302882	2.09688988419048	0.00722001061878979	0.99423931504784	NA
107	0	NA	NA	NA	NA	NA
108	0	NA	NA	NA	NA	NA
109	1.6532179592306	0.477550372482491	1.41540265631235	0.337395419142908	0.735818837417854	0.80460378579294
110	1.6532179592306	0.477550372482491	1.41540265631235	0.337395419142908	0.735818837417854	0.80460378579294
111	0	NA	NA	NA	NA	NA
112	0	NA	NA	NA	NA	NA
113	0.102062072615966	0.0151395672302882	2.09688988419048	0.00722001061878979	0.99423931504784	NA
114	0.102062072615966	0.0151395672302882	2.09688988419048	0.00722001061878979	0.99423931504784	NA
115	0	NA	NA	NA	NA	NA
116	0	NA	NA	NA	NA	NA
117	0	NA	NA	NA	NA	NA
118	0	NA	NA	NA	NA	NA
119	0	NA	NA	NA	NA	NA
120	0	NA	NA	NA	NA	NA
121	0	NA	NA	NA	NA	NA
122	0	NA	NA	NA	NA	NA
123	0	NA	NA	NA	NA	NA
124	0	NA	NA	NA	NA	NA
125	0.102062072615966	0.0151395672302882	2.09688988419048	0.00722001061878979	0.99423931504784	NA
126	0.102062072615966	0.0151395672302882	2.09688988419048	0.00722001061878979	0.99423931504784	NA
127	0	NA	NA	NA	NA	NA
128	0	NA	NA	NA	NA	NA
129	0	NA	NA	NA	NA	NA
130	0	NA	NA	NA	NA	NA
131	10.6676038133741	-2.04868996006131	0.947550791222255	-2.16208986266444	0.0306112502642579	0.0779195461272019
132	10.6676038133741	-2.04868996006131	0.947550791222255	-2.16208986266444	0.0306112502642579	0.0779195461272019
133	3.355957130643	2.03576768864223	1.0427616839145	1.95228470708668	0.0509044120863088	0.114821982149569
134	3.355957130643	2.03576768864223	1.0427616839145	1.95228470708668	0.0509044120863088	0.114821982149569
135	5.76488039441776	-2.26986024177716	0.982973511587265	-2.30917742443729	0.0209337377742728	0.0603029483209505
136	5.76488039441776	-2.26986024177716	0.982973511587265	-2.30917742443729	0.0209337377742728	0.0603029483209505
137	13.8411352586473	-4.76221311437317	1.18171318916214	-4.02992296104413	5.57951360403889e-05	0.000697439200504861
138	13.8411352586473	-4.76221311437317	1.18171318916214	-4.02992296104413	5.57951360403889e-05	0.000697439200504861
139	0.102062072615966	0.0151395672302882	2.09688988419048	0.00722001061878979	0.99423931504784	NA
140	0.102062072615966	0.0151395672302882	2.09688988419048	0.00722001061878979	0.99423931504784	NA
141	0	NA	NA	NA	NA	NA
142	0	NA	NA	NA	NA	NA
143	0	NA	NA	NA	NA	NA
144	0	NA	NA	NA	NA	NA
145	1.54738942316194	2.04596891858852	1.50473156442047	1.35969030421482	0.173927947635657	0.276732865881382
146	1.54738942316194	2.04596891858852	1.50473156442047	1.35969030421482	0.173927947635657	0.276732865881382
147	0	NA	NA	NA	NA	NA
148	0	NA	NA	NA	NA	NA
149	0	NA	NA	NA	NA	NA
150	0	NA	NA	NA	NA	NA
151	0	NA	NA	NA	NA	NA
152	0	NA	NA	NA	NA	NA
153	0	NA	NA	NA	NA	NA
154	0	NA	NA	NA	NA	NA
155	0	NA	NA	NA	NA	NA
156	0	NA	NA	NA	NA	NA
157	0	NA	NA	NA	NA	NA
158	0	NA	NA	NA	NA	NA
159	0	NA	NA	NA	NA	NA
160	0	NA	NA	NA	NA	NA
161	0.436775360007456	-0.717854028375714	2.10172648415553	-0.341554447635058	0.732686223085295	NA
162	0.436775360007456	-0.717854028375714	2.10172648415553	-0.341554447635058	0.732686223085295	NA
163	2.69029701931271	2.34073676014294	1.15817597053956	2.0210545026698	0.0432741234082203	0.101593805653731
164	2.69029701931271	2.34073676014294	1.15817597053956	2.0210545026698	0.0432741234082203	0.101593805653731
165	1.66339219809403	-0.822543243410079	1.39971876452324	-0.587648936527794	0.556767956781967	0.650104369887201
166	1.66339219809403	-0.822543243410079	1.39971876452324	-0.587648936527794	0.556767956781967	0.650104369887201
167	6.74558030648035	-3.03898041748144	1.06401592427255	-2.85614185667301	0.00428823492858812	0.0189333518232663
168	6.74558030648035	-3.03898041748144	1.06401592427255	-2.85614185667301	0.00428823492858812	0.0189333518232663
169	6.88474634466458	4.99710661494206	1.33703785497872	3.73744587435154	0.000185899091644243	0.00173892246081474
170	6.88474634466458	4.99710661494206	1.33703785497872	3.73744587435154	0.000185899091644243	0.00173892246081474
171	0	NA	NA	NA	NA	NA
172	0	NA	NA	NA	NA	NA
173	2.68520989988099	3.02460846632198	1.29005724907089	2.34455367659095	0.0190498682648321	0.0559704259524137
174	2.68520989988099	3.02460846632198	1.29005724907089	2.34455367659095	0.0190498682648321	0.0559704259524137
175	0.766401527967233	-0.465278789480739	1.92404318179707	-0.241823465233334	0.808916955819756	NA
176	0.766401527967233	-0.465278789480739	1.92404318179707	-0.241823465233334	0.808916955819756	NA
177	1.65830507866231	-0.118810312458177	1.36136428403176	-0.0872729759784158	0.930454534088011	0.951987586643032
178	1.65830507866231	-0.118810312458177	1.36136428403176	-0.0872729759784158	0.930454534088011	0.951987586643032
179	3.21454808470866	-0.0478014211510448	1.03920687011822	-0.0459979841603692	0.963311856617602	0.972107111435351
180	3.21454808470866	-0.0478014211510448	1.03920687011822	-0.0459979841603692	0.963311856617602	0.972107111435351
181	0.975612792630879	-1.97724141485751	1.93871554125265	-1.01987185473325	0.307789239391845	NA
182	0.975612792630879	-1.97724141485751	1.93871554125265	-1.01987185473325	0.307789239391845	NA
183	6.62568738774386	0.331161482033359	0.740059271977173	0.447479674362588	0.654528760269905	0.734443172090195
184	6.62568738774386	0.331161482033359	0.740059271977173	0.447479674362588	0.654528760269905	0.734443172090195
185	34.1103171729273	1.94292643582666	0.791555505222983	2.45456752306881	0.014105417114025	0.0446777917638801
186	34.1103171729273	1.94292643582666	0.791555505222983	2.45456752306881	0.014105417114025	0.0446777917638801
187	8.08507912095766	-1.44994906824523	0.785129833477247	-1.84676343506599	0.0647814334293931	0.134560840951262
188	8.08507912095766	-1.44994906824523	0.785129833477247	-1.84676343506599	0.0647814334293931	0.134560840951262
189	9.83971348789288	-2.10554418652745	0.861718584983988	-2.44342436523702	0.0145486187723753	0.0459142625556687
190	9.83971348789288	-2.10554418652745	0.861718584983988	-2.44342436523702	0.0145486187723753	0.0459142625556687
191	1.89095629343784	-0.338363477134851	1.29009169101793	-0.262278626775644	0.793106638765807	0.843303261472503
192	1.89095629343784	-0.338363477134851	1.29009169101793	-0.262278626775644	0.793106638765807	0.843303261472503
193	0.538837432623422	-0.864822990680704	2.10272243892331	-0.411287279134916	0.680861896192882	NA
194	0.538837432623422	-0.864822990680704	2.10272243892331	-0.411287279134916	0.680861896192882	NA
195	2.17878968060557	-2.16796267692336	1.35352975681523	-1.6017103916684	0.109219666155014	0.195951558244793
196	2.17878968060557	-2.16796267692336	1.35352975681523	-1.6017103916684	0.109219666155014	0.195951558244793
197	2.26237524218966	1.45794268459237	1.32312626405619	1.10189233197055	0.270508482632472	0.377955963757945
198	2.26237524218966	1.45794268459237	1.32312626405619	1.10189233197055	0.270508482632472	0.377955963757945
199	0.659252335919554	0.693501941428492	2.12273943425933	0.326701398313859	0.743893742536631	NA
200	0.659252335919554	0.693501941428492	2.12273943425933	0.326701398313859	0.743893742536631	NA
201	0.329626167959777	0.605654192809648	2.0991405715485	0.288524837744843	0.772945020734111	NA
202	0.329626167959777	0.605654192809648	2.0991405715485	0.288524837744843	0.772945020734111	NA
203	0.660572991898574	1.16277842171323	2.09495177282485	0.555038276678481	0.578868479644751	NA
204	0.660572991898574	1.16277842171323	2.09495177282485	0.555038276678481	0.578868479644751	NA
205	0.557190263303588	0.93792212795813	2.1015277568334	0.446304896477504	0.655377019783103	NA
206	0.557190263303588	0.93792212795813	2.1015277568334	0.446304896477504	0.655377019783103	NA
207	0	NA	NA	NA	NA	NA
208	0	NA	NA	NA	NA	NA
209	0	NA	NA	NA	NA	NA
210	0	NA	NA	NA	NA	NA
211	0.232651214775525	-0.19316414502161	2.0980365678857	-0.0920690077467387	0.926643212073756	NA
212	0.232651214775525	-0.19316414502161	2.0980365678857	-0.0920690077467387	0.926643212073756	NA
213	1.07767486524684	-2.17633120654209	1.87040749752695	-1.16355992446546	0.244602400160686	NA
214	1.07767486524684	-2.17633120654209	1.87040749752695	-1.16355992446546	0.244602400160686	NA
215	3.14300872868298	-3.76039390509905	1.50137174602356	-2.50463878453727	0.0122576505255947	0.0399705995399826
216	3.14300872868298	-3.76039390509905	1.50137174602356	-2.50463878453727	0.0122576505255947	0.0399705995399826
217	2.41652801481281	-3.4886297338405	1.47537595331801	-2.36457001077917	0.0180510151938724	0.053654822232317
218	2.41652801481281	-3.4886297338405	1.47537595331801	-2.36457001077917	0.0180510151938724	0.053654822232317
219	70.8799240305672	0.686902854368202	1.89494598817033	0.362492049196317	0.716984363950655	0.789133733907954
220	2.91918177063554	3.58359159117496	1.36164534500294	2.63180982061611	0.00849313899639339	0.0305142718433296
221	2.91918177063554	3.58359159117496	1.36164534500294	2.63180982061611	0.00849313899639339	0.0305142718433296
222	3.5607562669426	-1.08224931981857	1.06578100359921	-1.01545187628954	0.309890475215709	0.419040565327102
223	3.5607562669426	-1.08224931981857	1.06578100359921	-1.01545187628954	0.309890475215709	0.419040565327102
224	4.2656915274586	-4.28417981797194	1.39670259013873	-3.06735295561126	0.00215963685806846	0.0112397457297243
225	4.2656915274586	-4.28417981797194	1.39670259013873	-3.06735295561126	0.00215963685806846	0.0112397457297243
226	6.31897918533632	-4.81379366982134	1.37598034459827	-3.49844653575104	0.000467976904097033	0.00362638929374085
227	6.31897918533632	-4.81379366982134	1.37598034459827	-3.49844653575104	0.000467976904097033	0.00362638929374085
228	5.66603347453853	-4.67863004507084	1.40379110878888	-3.33285345360773	0.000859602067688129	0.0057027744987312
229	5.66603347453853	-4.67863004507084	1.40379110878888	-3.33285345360773	0.000859602067688129	0.0057027744987312
230	3.69832702529158	-4.10824155024974	1.40567907544289	-2.9226027633337	0.00347119054768724	0.0164734466669903
231	3.69832702529158	-4.10824155024974	1.40567907544289	-2.9226027633337	0.00347119054768724	0.0164734466669903
232	30.2932861570048	-2.14619563987325	0.78414880737573	-2.73697494619142	0.00620070152125104	0.024592017364735
233	30.2932861570048	-2.14619563987325	0.78414880737573	-2.73697494619142	0.00620070152125104	0.024592017364735
234	0.329626167959777	0.605654192809648	2.0991405715485	0.288524837744843	0.772945020734111	NA
235	0.329626167959777	0.605654192809648	2.0991405715485	0.288524837744843	0.772945020734111	NA
236	4.64032562894715	-3.28863437340718	1.23292586394086	-2.66734154063048	0.00764539326048011	0.0285916487970174
237	4.64032562894715	-3.28863437340718	1.23292586394086	-2.66734154063048	0.00764539326048011	0.0285916487970174
238	2.41144089538109	-2.30176262862048	1.32725023312084	-1.73423411138397	0.0828765528105214	0.161298202874972
239	2.41144089538109	-2.30176262862048	1.32725023312084	-1.73423411138397	0.0828765528105214	0.161298202874972
240	0.873550720014913	-1.7477027830362	2.0124501450409	-0.86844525681439	0.3851506285872	NA
241	0.873550720014913	-1.7477027830362	2.0124501450409	-0.86844525681439	0.3851506285872	NA
242	3.17784242334833	-1.89766178328214	1.15826193256455	-1.6383701561187	0.101344500816476	0.185790878842951
243	3.17784242334833	-1.89766178328214	1.15826193256455	-1.6383701561187	0.101344500816476	0.185790878842951
244	4.13001526586733	-3.11042817230226	1.23640500017181	-2.51570332687917	0.0118795132799128	0.0391018462191486
245	4.13001526586733	-3.11042817230226	1.23640500017181	-2.51570332687917	0.0118795132799128	0.0391018462191486
246	1.5144502252543	-2.80093626769599	1.64135414778898	-1.70647892867548	0.0879189462214691	NA
247	1.5144502252543	-2.80093626769599	1.64135414778898	-1.70647892867548	0.0879189462214691	NA
248	15.0271562915692	-2.4204905836609	0.771321144149474	-3.13810998443449	0.00170041059746761	0.00939729430786309
249	15.0271562915692	-2.4204905836609	0.771321144149474	-3.13810998443449	0.00170041059746761	0.00939729430786309
250	3.66979995574799	-4.11197994535056	1.41060118909596	-2.91505492632251	0.00355625948003755	0.0166489590405932
251	3.66979995574799	-4.11197994535056	1.41060118909596	-2.91505492632251	0.00355625948003755	0.0166489590405932
252	2.38800094526921	-3.5046187135773	1.47119538420501	-2.38215722480062	0.0172115471892907	0.0520435552159977
253	2.38800094526921	-3.5046187135773	1.47119538420501	-2.38215722480062	0.0172115471892907	0.0520435552159977
254	2.59212509050115	-3.63050581177164	1.4574343324804	-2.49102531130367	0.0127375045268641	0.0408378007731522
255	2.59212509050115	-3.63050581177164	1.4574343324804	-2.49102531130367	0.0127375045268641	0.0408378007731522
256	3.22793747630882	-2.77680253732738	1.28384727154568	-2.162876067014	0.0305507129947206	0.0778598268069335
257	3.22793747630882	-2.77680253732738	1.28384727154568	-2.162876067014	0.0305507129947206	0.0778598268069335
258	2.15534973049369	-3.36372053773661	1.50336649293847	-2.23745876573443	0.0252563714227163	0.0681289402539553
259	2.15534973049369	-3.36372053773661	1.50336649293847	-2.23745876573443	0.0252563714227163	0.0681289402539553
260	2.35947387572562	-3.49863799657666	1.48850405667086	-2.35043900679827	0.0187512805480379	0.0552669321415853
261	2.35947387572562	-3.49863799657666	1.48850405667086	-2.35043900679827	0.0187512805480379	0.0552669321415853
262	3.02381333107689	-2.67659210468702	1.28734673859698	-2.07915398737415	0.037603199274723	0.0910804134681872
263	3.02381333107689	-2.67659210468702	1.28734673859698	-2.07915398737415	0.037603199274723	0.0910804134681872
264	4.22190309961986	-1.80287995265867	1.04142741768167	-1.73116236623774	0.0834228094886616	0.161911182926238
265	4.22190309961986	-1.80287995265867	1.04142741768167	-1.73116236623774	0.0834228094886616	0.161911182926238
266	3.70019899198656	-2.07432412964222	1.21822186855342	-1.70274740848757	0.0886153486620392	0.168104997461863
267	3.70019899198656	-2.07432412964222	1.21822186855342	-1.70274740848757	0.0886153486620392	0.168104997461863
268	5.46886841543329	-3.48783075882797	1.21262033302839	-2.87627599820752	0.00402397691718035	0.0181532793256257
269	5.46886841543329	-3.48783075882797	1.21262033302839	-2.87627599820752	0.00402397691718035	0.0181532793256257
270	6.42104125795229	-4.837138492748	1.37530014440592	-3.51715115600274	0.000436205300987601	0.00344372606042843
271	6.42104125795229	-4.837138492748	1.37530014440592	-3.51715115600274	0.000436205300987601	0.00344372606042843
272	14.9091578695904	-1.14184498529823	0.69416191488546	-1.64492600474435	0.099985071428625	0.184102279701984
273	14.9091578695904	-1.14184498529823	0.69416191488546	-1.64492600474435	0.099985071428625	0.184102279701984
274	1.43206163929752	-0.645042651554598	1.63861776887756	-0.393650467977316	0.693839115377449	NA
275	1.43206163929752	-0.645042651554598	1.63861776887756	-0.393650467977316	0.693839115377449	NA
276	4.80452896008202	-4.44761577082	1.38812292791106	-3.20405036282562	0.00135508770313666	0.00812462070488999
277	4.80452896008202	-4.44761577082	1.38812292791106	-3.20405036282562	0.00135508770313666	0.00812462070488999
278	0.436775360007456	-0.717854028375714	2.10172648415553	-0.341554447635058	0.732686223085295	NA
279	0.436775360007456	-0.717854028375714	2.10172648415553	-0.341554447635058	0.732686223085295	NA
280	0	NA	NA	NA	NA	NA
281	0	NA	NA	NA	NA	NA
282	0	NA	NA	NA	NA	NA
283	0	NA	NA	NA	NA	NA
284	0.204124145231932	-0.289902072294537	2.0984847144607	-0.138148288761322	0.890123222704436	NA
285	0.204124145231932	-0.289902072294537	2.0984847144607	-0.138148288761322	0.890123222704436	NA
286	1.07767486524684	-2.17633120654209	1.87040749752695	-1.16355992446546	0.244602400160686	NA
287	1.07767486524684	-2.17633120654209	1.87040749752695	-1.16355992446546	0.244602400160686	NA
288	1.36229309967784	-1.30558872211774	1.65286824422678	-0.789892797975863	0.429590377770743	NA
289	1.36229309967784	-1.30558872211774	1.65286824422678	-0.789892797975863	0.429590377770743	NA
290	4.92307189668317	-4.49974641736274	1.40606519332489	-3.20024024399771	0.00137313079029819	0.00816876674115069
291	4.92307189668317	-4.49974641736274	1.40606519332489	-3.20024024399771	0.00137313079029819	0.00816876674115069
292	0	NA	NA	NA	NA	NA
293	0	NA	NA	NA	NA	NA
294	0	NA	NA	NA	NA	NA
295	0	NA	NA	NA	NA	NA
296	0	NA	NA	NA	NA	NA
297	0	NA	NA	NA	NA	NA
298	1.07767486524684	-2.17633120654209	1.87040749752695	-1.16355992446546	0.244602400160686	NA
299	1.07767486524684	-2.17633120654209	1.87040749752695	-1.16355992446546	0.244602400160686	NA
300	0.533750313191708	0.0508251107301774	2.10370273380308	0.0241598349013387	0.980725115876254	NA
301	0.533750313191708	0.0508251107301774	2.10370273380308	0.0241598349013387	0.980725115876254	NA
302	1.33376603013425	-1.33979669262574	1.57164661062102	-0.852479611874284	0.393947950192337	NA
303	1.33376603013425	-1.33979669262574	1.57164661062102	-0.852479611874284	0.393947950192337	NA
304	0.436775360007456	-0.717854028375714	2.10172648415553	-0.341554447635058	0.732686223085295	NA
305	0.436775360007456	-0.717854028375714	2.10172648415553	-0.341554447635058	0.732686223085295	NA
306	0.102062072615966	0.0151395672302882	2.09688988419048	0.00722001061878979	0.99423931504784	NA
307	0.102062072615966	0.0151395672302882	2.09688988419048	0.00722001061878979	0.99423931504784	NA
308	5.18612214769727	-2.61632242137784	1.10146192353082	-2.37531807998503	0.0175338331707313	0.0527144590673383
309	5.18612214769727	-2.61632242137784	1.10146192353082	-2.37531807998503	0.0175338331707313	0.0527144590673383
310	3.14554889035204	-1.56270892498176	1.15692093142967	-1.35074825126609	0.176776090024694	0.280385037048231
311	3.14554889035204	-1.56270892498176	1.15692093142967	-1.35074825126609	0.176776090024694	0.280385037048231
312	13.689646328045	-3.90136485343254	1.04779996330223	-3.72338708729963	0.000196567792961571	0.00183056481250243
313	13.689646328045	-3.90136485343254	1.04779996330223	-3.72338708729963	0.000196567792961571	0.00183056481250243
314	12.6373059096677	-4.63406555101786	1.21654150190216	-3.80921287417825	0.000139409894553492	0.00141772774122196
315	12.6373059096677	-4.63406555101786	1.21654150190216	-3.80921287417825	0.000139409894553492	0.00141772774122196
316	13.7650532978123	-3.06590628618442	0.864975672761003	-3.54450001628144	0.000393358480386034	0.00314088520460331
317	13.7650532978123	-3.06590628618442	0.864975672761003	-3.54450001628144	0.000393358480386034	0.00314088520460331
318	0	NA	NA	NA	NA	NA
319	0	NA	NA	NA	NA	NA
320	0	NA	NA	NA	NA	NA
321	0	NA	NA	NA	NA	NA
322	0.329626167959777	0.605654192809648	2.0991405715485	0.288524837744843	0.772945020734111	NA
323	0.329626167959777	0.605654192809648	2.0991405715485	0.288524837744843	0.772945020734111	NA
324	7.81440158884279	-2.57306852723509	0.93790346964425	-2.74342574743973	0.00608017972855796	0.0241596545505614
325	7.81440158884279	-2.57306852723509	0.93790346964425	-2.74342574743973	0.00608017972855796	0.0241596545505614
326	7.04410991707115	-0.240888950784001	0.729589625992171	-0.330170471457041	0.741271157278748	0.808029810685373
327	7.04410991707115	-0.240888950784001	0.729589625992171	-0.330170471457041	0.741271157278748	0.808029810685373
328	1.45041446997769	1.53543666574195	1.49866647636395	1.0245352718286	0.305582519751191	NA
329	1.45041446997769	1.53543666574195	1.49866647636395	1.0245352718286	0.305582519751191	NA
330	0.227564095343811	1.16277842171323	2.09495177282485	0.555038276678481	0.578868479644751	NA
331	0.227564095343811	1.16277842171323	2.09495177282485	0.555038276678481	0.578868479644751	NA
332	0	NA	NA	NA	NA	NA
333	0	NA	NA	NA	NA	NA
334	0.664339455351268	-0.218000059103391	2.01088723535044	-0.108409887571543	0.913670558214857	NA
335	0.664339455351268	-0.218000059103391	2.01088723535044	-0.108409887571543	0.913670558214857	NA
336	1.87260346275767	-1.90171822889812	1.40691803373302	-1.35169084715776	0.176474234291431	0.28011783220862
337	1.87260346275767	-1.90171822889812	1.40691803373302	-1.35169084715776	0.176474234291431	0.28011783220862
338	3.93097824006711	-4.17983448889929	1.40160242401038	-2.98218269125107	0.00286201156400067	0.0141085077098625
339	3.93097824006711	-4.17983448889929	1.40160242401038	-2.98218269125107	0.00286201156400067	0.0141085077098625
340	2.62065216004474	-3.62278828169355	1.45290416464525	-2.4934805542237	0.0126497513030487	0.0406184674868537
341	2.62065216004474	-3.62278828169355	1.45290416464525	-2.4934805542237	0.0126497513030487	0.0406184674868537
342	2.30429170333341	-1.39055169075375	1.24785671880921	-1.11435204843126	0.265128186129943	0.371954169086525
343	2.30429170333341	-1.39055169075375	1.24785671880921	-1.11435204843126	0.265128186129943	0.371954169086525
344	2.56359802095755	-3.61597250268422	1.48040859143504	-2.44255033617379	0.0145838956892048	0.0459142625556687
345	2.56359802095755	-3.61597250268422	1.48040859143504	-2.44255033617379	0.0145838956892048	0.0459142625556687
346	7.95316932281908	-1.35097803403948	0.786772536892204	-1.717113867975	0.085958368805031	0.166064925934282
347	7.95316932281908	-1.35097803403948	0.786772536892204	-1.717113867975	0.085958368805031	0.166064925934282
348	3.00533682004501	0.479555798920954	1.08982951352915	0.440028273200298	0.65991663002443	0.739303773300242
349	3.00533682004501	0.479555798920954	1.08982951352915	0.440028273200298	0.65991663002443	0.739303773300242
350	12.8312332859735	-2.17797022860457	0.771220633400312	-2.82405596308011	0.00474201042488155	0.0203021853053033
351	12.8312332859735	-2.17797022860457	0.771220633400312	-2.82405596308011	0.00474201042488155	0.0203021853053033
352	0.771488647398947	-1.48375308003281	2.08084128814171	-0.713054421059606	0.47581208212865	NA
353	0.771488647398947	-1.48375308003281	2.08084128814171	-0.713054421059606	0.47581208212865	NA
354	0.669426574782981	-1.18312895308249	2.12141177000729	-0.557708300580618	0.577043588664145	NA
355	0.669426574782981	-1.18312895308249	2.12141177000729	-0.557708300580618	0.577043588664145	NA
356	0.455128190687622	1.46332915655147	2.09860405196263	0.697286920409284	0.485623251838368	NA
357	0.455128190687622	1.46332915655147	2.09860405196263	0.697286920409284	0.485623251838368	NA
358	0	NA	NA	NA	NA	NA
359	0	NA	NA	NA	NA	NA
360	0	NA	NA	NA	NA	NA
361	0	NA	NA	NA	NA	NA
362	0	NA	NA	NA	NA	NA
363	0	NA	NA	NA	NA	NA
364	0.102062072615966	0.0151395672302882	2.09688988419048	0.00722001061878979	0.99423931504784	NA
365	0.102062072615966	0.0151395672302882	2.09688988419048	0.00722001061878979	0.99423931504784	NA
366	0.766401527967233	-0.465278789480739	1.92404318179707	-0.241823465233334	0.808916955819756	NA
367	0.766401527967233	-0.465278789480739	1.92404318179707	-0.241823465233334	0.808916955819756	NA
368	8.48071416117801	-2.65493871578849	1.23439117003033	-2.15080825288409	0.0314913374360801	0.0799659112645323
369	8.48071416117801	-2.65493871578849	1.23439117003033	-2.15080825288409	0.0314913374360801	0.0799659112645323
370	1.22661683808657	-0.277769180721582	1.5909008943486	-0.174598670293234	0.861394993488318	NA
371	1.22661683808657	-0.277769180721582	1.5909008943486	-0.174598670293234	0.861394993488318	NA
372	2.20222963071745	-1.30547462405518	1.26612680255388	-1.03107731502242	0.302504564825957	0.410109481042291
373	2.20222963071745	-1.30547462405518	1.26612680255388	-1.03107731502242	0.302504564825957	0.410109481042291
374	0.845023650471319	-1.65636001094906	2.05467880706273	-0.806140602246689	0.420161782670255	NA
375	0.845023650471319	-1.65636001094906	2.05467880706273	-0.806140602246689	0.420161782670255	NA
376	4.64541274837887	-4.42536830674642	1.39210952227674	-3.17889378380871	0.00147838254483636	0.00848252279824141
377	4.64541274837887	-4.42536830674642	1.39210952227674	-3.17889378380871	0.00147838254483636	0.00848252279824141
378	0.669426574782981	-1.18312895308249	2.12141177000729	-0.557708300580618	0.577043588664145	NA
379	0.669426574782981	-1.18312895308249	2.12141177000729	-0.557708300580618	0.577043588664145	NA
380	10.672769553032	-1.89322473513224	0.85437527999439	-2.21591703255351	0.0266971848117249	0.0707879900310888
381	10.672769553032	-1.89322473513224	0.85437527999439	-2.21591703255351	0.0266971848117249	0.0707879900310888
382	8.92164749275251	3.30562991162378	0.948867962831931	3.48376174674293	0.000494419404546872	0.00377312056313876
383	8.92164749275251	3.30562991162378	0.948867962831931	3.48376174674293	0.000494419404546872	0.00377312056313876
384	1.53280305593447	-0.731862459738575	1.44334620843763	-0.507059536693411	0.612113045082671	0.695394857816397
385	1.53280305593447	-0.731862459738575	1.44334620843763	-0.507059536693411	0.612113045082671	0.695394857816397
386	1.74201432059811	-1.82419979500934	1.43110340419489	-1.27468063430092	0.202422304017218	0.307922374817933
387	1.74201432059811	-1.82419979500934	1.43110340419489	-1.27468063430092	0.202422304017218	0.307922374817933
388	6.85524713013436	-0.812270749221144	0.78654392847564	-1.03270868900528	0.301740246053377	0.410109481042291
389	6.85524713013436	-0.812270749221144	0.78654392847564	-1.03270868900528	0.301740246053377	0.410109481042291
390	3.0250103067042	1.67011389912136	1.04617167279691	1.59640520055026	0.110398355802304	0.197183731917654
391	3.0250103067042	1.67011389912136	1.04617167279691	1.59640520055026	0.110398355802304	0.197183731917654
392	0.102062072615966	0.0151395672302882	2.09688988419048	0.00722001061878979	0.99423931504784	NA
393	0.102062072615966	0.0151395672302882	2.09688988419048	0.00722001061878979	0.99423931504784	NA
394	0.538837432623422	-0.864822990680704	2.10272243892331	-0.411287279134916	0.680861896192882	NA
395	0.538837432623422	-0.864822990680704	2.10272243892331	-0.411287279134916	0.680861896192882	NA
396	0.669426574782981	-1.18312895308249	2.12141177000729	-0.557708300580618	0.577043588664145	NA
397	0.669426574782981	-1.18312895308249	2.12141177000729	-0.557708300580618	0.577043588664145	NA
398	0	NA	NA	NA	NA	NA
399	0	NA	NA	NA	NA	NA
400	1.32359179127082	0.314761402634321	1.54258047896302	0.204048610057555	0.838315512588351	NA
401	1.32359179127082	0.314761402634321	1.54258047896302	0.204048610057555	0.838315512588351	NA
402	0	NA	NA	NA	NA	NA
403	0	NA	NA	NA	NA	NA
404	0	NA	NA	NA	NA	NA
405	0	NA	NA	NA	NA	NA
406	0	NA	NA	NA	NA	NA
407	0	NA	NA	NA	NA	NA
408	0	NA	NA	NA	NA	NA
409	0	NA	NA	NA	NA	NA
410	1.23988254933502	2.39820669439133	1.87339736442853	1.28013775396918	0.20049669281704	NA
411	1.23988254933502	2.39820669439133	1.87339736442853	1.28013775396918	0.20049669281704	NA
412	2.46153594834159	-3.55924424239285	1.48379487416864	-2.39874412855555	0.0164514059920946	0.0504349672750346
413	2.46153594834159	-3.55924424239285	1.48379487416864	-2.39874412855555	0.0164514059920946	0.0504349672750346
414	3.64887763724244	0.143276436578726	0.95854167314508	0.149473351647425	0.881180135432062	0.909549414798393
415	3.64887763724244	0.143276436578726	0.95854167314508	0.149473351647425	0.881180135432062	0.909549414798393
416	5.77570029819254	-1.07553244376125	0.862269856570479	-1.24732696564273	0.2122776338579	0.316512344315588
417	5.77570029819254	-1.07553244376125	0.862269856570479	-1.24732696564273	0.2122776338579	0.316512344315588
418	0.102062072615966	0.0151395672302882	2.09688988419048	0.00722001061878979	0.99423931504784	NA
419	0.102062072615966	0.0151395672302882	2.09688988419048	0.00722001061878979	0.99423931504784	NA
420	0.533750313191708	0.0508251107301774	2.10370273380308	0.0241598349013387	0.980725115876254	NA
421	0.533750313191708	0.0508251107301774	2.10370273380308	0.0241598349013387	0.980725115876254	NA
422	0.868463600583199	-0.685073820305404	1.84775621910483	-0.37075985090571	0.710816407676975	NA
423	0.868463600583199	-0.685073820305404	1.84775621910483	-0.37075985090571	0.710816407676975	NA
424	1.53789017536618	-1.60290792764874	1.48425781510729	-1.07993901823106	0.28016933668021	0.386981033483007
425	1.53789017536618	-1.60290792764874	1.48425781510729	-1.07993901823106	0.28016933668021	0.386981033483007
426	7.32805316043448	1.08603241194362	0.72002061140098	1.5083351708925	0.131468766008641	0.22336926263604
427	7.32805316043448	1.08603241194362	0.72002061140098	1.5083351708925	0.131468766008641	0.22336926263604
428	0	NA	NA	NA	NA	NA
429	0	NA	NA	NA	NA	NA
430	16.8019274774106	1.31094870836745	0.684627559482504	1.91483484737069	0.0555135688519725	0.121562559529867
431	16.8019274774106	1.31094870836745	0.684627559482504	1.91483484737069	0.0555135688519725	0.121562559529867
432	5.96134793239259	0.43109556304303	0.760810483603636	0.566626738634191	0.570967804595342	0.662372295343372
433	5.96134793239259	0.43109556304303	0.760810483603636	0.566626738634191	0.570967804595342	0.662372295343372
434	23.6315230388428	-3.7052189838747	0.904410747506663	-4.09683210210569	4.18842452025021e-05	0.0005730092177541
435	23.6315230388428	-3.7052189838747	0.904410747506663	-4.09683210210569	4.18842452025021e-05	0.0005730092177541
436	1.50936310582259	-1.61432249360947	1.51223538425867	-1.06750742008384	0.285742764795301	NA
437	1.50936310582259	-1.61432249360947	1.51223538425867	-1.06750742008384	0.285742764795301	NA
438	4.59531769541837	-3.24222722438555	1.22672713473226	-2.64298973470836	0.00821775267035026	0.0299345717393505
439	4.59531769541837	-3.24222722438555	1.22672713473226	-2.64298973470836	0.00821775267035026	0.0299345717393505
440	21.4368263350307	-4.65388929507376	1.06379904611288	-4.37478235394086	1.21553695285226e-05	0.000243107390570452
441	21.4368263350307	-4.65388929507376	1.06379904611288	-4.37478235394086	1.21553695285226e-05	0.000243107390570452
442	15.8779420525399	-4.93453238046866	1.18917836205457	-4.14953091808967	3.33157288389868e-05	0.000474325630927947
443	15.8779420525399	-4.93453238046866	1.18917836205457	-4.14953091808967	3.33157288389868e-05	0.000474325630927947
444	2.85330337482026	-3.72596373165153	1.44323875969683	-2.58166828365544	0.00983240415031934	0.0338215376178061
445	2.85330337482026	-3.72596373165153	1.44323875969683	-2.58166828365544	0.00983240415031934	0.0338215376178061
446	16.2817913864597	-0.00168734474037474	0.716157000829828	-0.00235611009655644	0.998120097869709	0.998595619593325
447	16.2817913864597	-0.00168734474037474	0.716157000829828	-0.00235611009655644	0.998120097869709	0.998595619593325
448	2.56347434060584	1.33669653343931	1.26254934432077	1.05872815145964	0.289723603218894	0.397270366803577
449	2.56347434060584	1.33669653343931	1.26254934432077	1.05872815145964	0.289723603218894	0.397270366803577
450	2.41144089538109	-2.30176262862048	1.32725023312084	-1.73423411138397	0.0828765528105214	0.161298202874972
451	2.41144089538109	-2.30176262862048	1.32725023312084	-1.73423411138397	0.0828765528105214	0.161298202874972
452	2.16993609772116	-0.79023953189038	1.27512780277354	-0.619733590759705	0.535433196719849	0.631868341169813
453	2.16993609772116	-0.79023953189038	1.27512780277354	-0.619733590759705	0.535433196719849	0.631868341169813
454	6.76393313716052	-2.10040777804152	0.915811773648703	-2.2934928753681	0.0218196450743601	0.061920614400211
455	6.76393313716052	-2.10040777804152	0.915811773648703	-2.2934928753681	0.0218196450743601	0.061920614400211
456	15.9324492338644	-3.27849797488316	0.85952201504763	-3.81432693693306	0.000136554591712277	0.00139544838246123
457	15.9324492338644	-3.27849797488316	0.85952201504763	-3.81432693693306	0.000136554591712277	0.00139544838246123
458	13.6319239939837	-4.03177660327522	1.04635000582331	-3.85318161307111	0.000116592843436313	0.00123347592552271
459	13.6319239939837	-4.03177660327522	1.04635000582331	-3.85318161307111	0.000116592843436313	0.00123347592552271
460	9.63182287920825	-1.91155275674785	0.782457262386635	-2.4430123517766	0.0145652387713639	0.0459142625556687
461	9.63182287920825	-1.91155275674785	0.782457262386635	-2.4430123517766	0.0145652387713639	0.0459142625556687
462	2.7512413022043	-3.66516502606197	1.45347916469343	-2.52164951180091	0.0116806025421024	0.038750814120719
463	2.7512413022043	-3.66516502606197	1.45347916469343	-2.52164951180091	0.0116806025421024	0.038750814120719
464	3.76355975619551	-1.09301697569839	1.00904852443485	-1.08321547401358	0.278712792925863	0.38683906461205
465	3.76355975619551	-1.09301697569839	1.00904852443485	-1.08321547401358	0.278712792925863	0.38683906461205
466	1.92269851571816	-3.18731772837797	1.55830645712997	-2.04537285576564	0.0408181129434494	0.0973515470542234
467	1.92269851571816	-3.18731772837797	1.55830645712997	-2.04537285576564	0.0408181129434494	0.0973515470542234
468	0.538837432623422	-0.864822990680704	2.10272243892331	-0.411287279134916	0.680861896192882	NA
469	0.538837432623422	-0.864822990680704	2.10272243892331	-0.411287279134916	0.680861896192882	NA
470	4.97503891633864	-3.38270415084422	1.22323807070973	-2.76536859981929	0.00568585071460718	0.0231630771873316
471	4.97503891633864	-3.38270415084422	1.22323807070973	-2.76536859981929	0.00568585071460718	0.0231630771873316
472	3.05234040062048	-2.66718166529658	1.27721134320153	-2.08828529396777	0.0367721072234002	0.0905292205968822
473	3.05234040062048	-2.66718166529658	1.27721134320153	-2.08828529396777	0.0367721072234002	0.0905292205968822
474	0.766401527967233	-0.465278789480739	1.92404318179707	-0.241823465233334	0.808916955819756	NA
475	0.766401527967233	-0.465278789480739	1.92404318179707	-0.241823465233334	0.808916955819756	NA
476	1.20317688797469	-1.21727093310504	1.61634957106016	-0.753098806656433	0.451390541475107	NA
477	1.20317688797469	-1.21727093310504	1.61634957106016	-0.753098806656433	0.451390541475107	NA
478	0.329626167959777	0.605654192809648	2.0991405715485	0.288524837744843	0.772945020734111	NA
479	0.329626167959777	0.605654192809648	2.0991405715485	0.288524837744843	0.772945020734111	NA
480	0.538837432623422	-0.864822990680704	2.10272243892331	-0.411287279134916	0.680861896192882	NA
481	0.538837432623422	-0.864822990680704	2.10272243892331	-0.411287279134916	0.680861896192882	NA
482	7.21661552037446	-1.50817965874894	0.830752932606042	-1.81543705662024	0.0694567706764593	0.141063073907703
483	7.21661552037446	-1.50817965874894	0.830752932606042	-1.81543705662024	0.0694567706764593	0.141063073907703
484	5.52656821943183	-0.910135733591608	0.877825737198734	-1.03680684562289	0.299825884555648	0.408323189083567
485	5.52656821943183	-0.910135733591608	0.877825737198734	-1.03680684562289	0.299825884555648	0.408323189083567
486	0.771488647398947	-1.48375308003281	2.08084128814171	-0.713054421059606	0.47581208212865	NA
487	0.771488647398947	-1.48375308003281	2.08084128814171	-0.713054421059606	0.47581208212865	NA
488	5.23165206578569	1.75935375708245	0.854568174177066	2.05876349043385	0.0395169007315748	0.0951668480920952
489	5.23165206578569	1.75935375708245	0.854568174177066	2.05876349043385	0.0395169007315748	0.0951668480920952
490	1.30523896059066	-1.36308934320672	1.57303808824636	-0.866532955172312	0.386197962181062	NA
491	1.30523896059066	-1.36308934320672	1.57303808824636	-0.866532955172312	0.386197962181062	NA
492	5.41690139577782	-4.62365092661385	1.38223522833974	-3.34505360000665	0.000822666702828608	0.00553717973057717
493	5.41690139577782	-4.62365092661385	1.38223522833974	-3.34505360000665	0.000822666702828608	0.00553717973057717
494	1.28179901047878	-2.50042464510809	1.76371586956303	-1.41770264035079	0.1562775989076	NA
495	1.28179901047878	-2.50042464510809	1.76371586956303	-1.41770264035079	0.1562775989076	NA
496	1.97466553537364	-1.99665695643976	1.38482506126311	-1.44181168603245	0.149355505274293	0.247257832933398
497	1.97466553537364	-1.99665695643976	1.38482506126311	-1.44181168603245	0.149355505274293	0.247257832933398
498	22.3877503457034	-2.8241359861634	0.793459583196619	-3.55926886002911	0.000371888670221635	0.00301541690622479
499	22.3877503457034	-2.8241359861634	0.793459583196619	-3.55926886002911	0.000371888670221635	0.00301541690622479
500	5.54240341850566	-3.52365404223901	1.21042950332271	-2.91107745851068	0.00360184713379074	0.0167527773664685
501	5.54240341850566	-3.52365404223901	1.21042950332271	-2.91107745851068	0.00360184713379074	0.0167527773664685
502	8.13640047570179	-2.76490273721231	0.967668003788931	-2.85728444713089	0.00427282738372256	0.0189103003283822
503	8.13640047570179	-2.76490273721231	0.967668003788931	-2.85728444713089	0.00427282738372256	0.0189103003283822
504	0.742961577855354	-1.40391491330835	2.10237748146545	-0.667774900409302	0.504277290617022	NA
505	0.742961577855354	-1.40391491330835	2.10237748146545	-0.667774900409302	0.504277290617022	NA
506	2263.1413720207	0.773614130344743	0.475896271134949	1.6255940154769	0.104036049145728	0.189402430174278
507	2263.1413720207	0.773614130344743	0.475896271134949	1.6255940154769	0.104036049145728	0.189402430174278
508	2263.1413720207	0.773614130344743	0.475896271134949	1.6255940154769	0.104036049145728	0.189402430174278
509	30.1677961626062	0.913277116938564	1.57924091887126	0.578301325671904	0.563060699560133	0.655084470402371
510	30.1677961626062	0.913277116938564	1.57924091887126	0.578301325671904	0.563060699560133	0.655084470402371
511	30.1677961626062	0.913277116938564	1.57924091887126	0.578301325671904	0.563060699560133	0.655084470402371
512	146.299429096109	1.99365205858063	2.00196265647672	0.995848774766501	0.319323627607584	0.428075083291367
513	146.299429096109	1.99365205858063	2.00196265647672	0.995848774766501	0.319323627607584	0.428075083291367
514	146.299429096109	1.99365205858063	2.00196265647672	0.995848774766501	0.319323627607584	0.428075083291367
515	6246.5986185957	0.125900974219905	0.425508294672293	0.295883713187938	0.767318889465184	0.826896267692789
516	6246.5986185957	0.125900974219905	0.425508294672293	0.295883713187938	0.767318889465184	0.826896267692789
517	6246.5986185957	0.125900974219905	0.425508294672293	0.295883713187938	0.767318889465184	0.826896267692789
518	2007.02990925589	2.78352404398552	0.435177252202762	6.39629950760523	1.59187614006437e-10	7.42875532030041e-08
519	2007.02990925589	2.78352404398552	0.435177252202762	6.39629950760523	1.59187614006437e-10	7.42875532030041e-08
520	2007.02990925589	2.78352404398552	0.435177252202762	6.39629950760523	1.59187614006437e-10	7.42875532030041e-08
521	285.592545057915	2.89246740066681	1.74547860405338	1.6571199405996	0.0974952283723605	0.180546719208075
522	285.592545057915	2.89246740066681	1.74547860405338	1.6571199405996	0.0974952283723605	0.180546719208075
523	285.592545057915	2.89246740066681	1.74547860405338	1.6571199405996	0.0974952283723605	0.180546719208075
524	0	NA	NA	NA	NA	NA
525	0	NA	NA	NA	NA	NA
526	0.455128190687622	1.46332915655147	2.09860405196263	0.697286920409284	0.485623251838368	NA
527	0.455128190687622	1.46332915655147	2.09860405196263	0.697286920409284	0.485623251838368	NA
528	0	NA	NA	NA	NA	NA
529	0	NA	NA	NA	NA	NA
530	1.7331607377137	-0.246451902195061	1.39660124495813	-0.176465475084443	0.859928269911355	0.895092622956058
531	1.7331607377137	-0.246451902195061	1.39660124495813	-0.176465475084443	0.859928269911355	0.895092622956058
532	0.102062072615966	0.0151395672302882	2.09688988419048	0.00722001061878979	0.99423931504784	NA
533	0.102062072615966	0.0151395672302882	2.09688988419048	0.00722001061878979	0.99423931504784	NA
534	15.9735670235888	-1.62688206255397	0.689633127492912	-2.35905439819623	0.0183215698157476	0.0543820446827843
535	15.9735670235888	-1.62688206255397	0.689633127492912	-2.35905439819623	0.0183215698157476	0.0543820446827843
536	2.18452246494863	1.47236143347245	1.35949859894395	1.08301798517201	0.278800440138256	0.38683906461205
537	2.18452246494863	1.47236143347245	1.35949859894395	1.08301798517201	0.278800440138256	0.38683906461205
538	0.562277382735302	0.0498330857396452	2.0951784918673	0.0237846493428024	0.981024384636588	NA
539	0.562277382735302	0.0498330857396452	2.0951784918673	0.0237846493428024	0.981024384636588	NA
540	0.669426574782981	-1.18312895308249	2.12141177000729	-0.557708300580618	0.577043588664145	NA
541	0.669426574782981	-1.18312895308249	2.12141177000729	-0.557708300580618	0.577043588664145	NA
542	2.65359135795238	0.0597636851614113	1.05917557591357	0.0564247198674904	0.955003464715108	0.966975542864864
543	2.65359135795238	0.0597636851614113	1.05917557591357	0.0564247198674904	0.955003464715108	0.966975542864864
544	604.040221237097	2.73397013742986	2.00097920823093	1.36631611472213	0.171839765184509	0.275889531259532
545	604.040221237097	2.73397013742986	2.00097920823093	1.36631611472213	0.171839765184509	0.275889531259532
546	604.040221237097	2.73397013742986	2.00097920823093	1.36631611472213	0.171839765184509	0.275889531259532
547	0	NA	NA	NA	NA	NA
548	0	NA	NA	NA	NA	NA
549	0	NA	NA	NA	NA	NA
550	0	NA	NA	NA	NA	NA
551	0.868463600583199	-0.685073820305404	1.84775621910483	-0.37075985090571	0.710816407676975	NA
552	0.868463600583199	-0.685073820305404	1.84775621910483	-0.37075985090571	0.710816407676975	NA
553	0	NA	NA	NA	NA	NA
554	0	NA	NA	NA	NA	NA
555	0.102062072615966	0.0151395672302882	2.09688988419048	0.00722001061878979	0.99423931504784	NA
556	0.102062072615966	0.0151395672302882	2.09688988419048	0.00722001061878979	0.99423931504784	NA
557	0.232651214775525	-0.19316414502161	2.0980365678857	-0.0920690077467387	0.926643212073756	NA
558	0.232651214775525	-0.19316414502161	2.0980365678857	-0.0920690077467387	0.926643212073756	NA
559	0.232651214775525	-0.19316414502161	2.0980365678857	-0.0920690077467387	0.926643212073756	NA
560	0.232651214775525	-0.19316414502161	2.0980365678857	-0.0920690077467387	0.926643212073756	NA
561	0	NA	NA	NA	NA	NA
562	0	NA	NA	NA	NA	NA
563	0	NA	NA	NA	NA	NA
564	0	NA	NA	NA	NA	NA
565	0	NA	NA	NA	NA	NA
566	0	NA	NA	NA	NA	NA
567	0.329626167959777	0.605654192809648	2.0991405715485	0.288524837744843	0.772945020734111	NA
568	0.329626167959777	0.605654192809648	2.0991405715485	0.288524837744843	0.772945020734111	NA
569	0	NA	NA	NA	NA	NA
570	0	NA	NA	NA	NA	NA
571	0	NA	NA	NA	NA	NA
572	0	NA	NA	NA	NA	NA
573	0.329626167959777	0.605654192809648	2.0991405715485	0.288524837744843	0.772945020734111	NA
574	0.329626167959777	0.605654192809648	2.0991405715485	0.288524837744843	0.772945020734111	NA
575	0	NA	NA	NA	NA	NA
576	0	NA	NA	NA	NA	NA
577	0	NA	NA	NA	NA	NA
578	0	NA	NA	NA	NA	NA
579	0	NA	NA	NA	NA	NA
580	0	NA	NA	NA	NA	NA
581	0	NA	NA	NA	NA	NA
582	0	NA	NA	NA	NA	NA
583	0.102062072615966	0.0151395672302882	2.09688988419048	0.00722001061878979	0.99423931504784	NA
584	0.102062072615966	0.0151395672302882	2.09688988419048	0.00722001061878979	0.99423931504784	NA
585	0.102062072615966	0.0151395672302882	2.09688988419048	0.00722001061878979	0.99423931504784	NA
586	0.102062072615966	0.0151395672302882	2.09688988419048	0.00722001061878979	0.99423931504784	NA
587	0	NA	NA	NA	NA	NA
588	0	NA	NA	NA	NA	NA
589	0.102062072615966	0.0151395672302882	2.09688988419048	0.00722001061878979	0.99423931504784	NA
590	0.102062072615966	0.0151395672302882	2.09688988419048	0.00722001061878979	0.99423931504784	NA
591	0	NA	NA	NA	NA	NA
592	0	NA	NA	NA	NA	NA
593	0	NA	NA	NA	NA	NA
594	0	NA	NA	NA	NA	NA
595	0	NA	NA	NA	NA	NA
596	0	NA	NA	NA	NA	NA
597	0.102062072615966	0.0151395672302882	2.09688988419048	0.00722001061878979	0.99423931504784	NA
598	0.102062072615966	0.0151395672302882	2.09688988419048	0.00722001061878979	0.99423931504784	NA
599	0	NA	NA	NA	NA	NA
600	0	NA	NA	NA	NA	NA
601	2.84754126432088	0.691744851997767	1.07233104581937	0.645085167210843	0.518871995521202	0.614742561689435
602	2.84754126432088	0.691744851997767	1.07233104581937	0.645085167210843	0.518871995521202	0.614742561689435
603	2.88115545329619	0.338584051368428	1.00852509425012	0.335721989763853	0.737080521881876	0.80513346993599
604	2.88115545329619	0.338584051368428	1.00852509425012	0.335721989763853	0.737080521881876	0.80513346993599
605	4.42854487645813	0.922067935952554	0.844229464863268	1.09220060934724	0.274744934722956	0.382856246130198
606	4.42854487645813	0.922067935952554	0.844229464863268	1.09220060934724	0.274744934722956	0.382856246130198
607	0.76131440853552	0.44849010424205	2.0995768011383	0.213609763643273	0.830851384848037	NA
608	0.76131440853552	0.44849010424205	2.0995768011383	0.213609763643273	0.830851384848037	NA
609	0	NA	NA	NA	NA	NA
610	0	NA	NA	NA	NA	NA
611	0	NA	NA	NA	NA	NA
612	0	NA	NA	NA	NA	NA
613	0.232651214775525	-0.19316414502161	2.0980365678857	-0.0920690077467387	0.926643212073756	NA
614	0.232651214775525	-0.19316414502161	2.0980365678857	-0.0920690077467387	0.926643212073756	NA
615	0	NA	NA	NA	NA	NA
616	0	NA	NA	NA	NA	NA
617	0	NA	NA	NA	NA	NA
618	0	NA	NA	NA	NA	NA
619	0	NA	NA	NA	NA	NA
620	0	NA	NA	NA	NA	NA
621	0	NA	NA	NA	NA	NA
622	0	NA	NA	NA	NA	NA
623	0.329626167959777	0.605654192809648	2.0991405715485	0.288524837744843	0.772945020734111	NA
624	0.329626167959777	0.605654192809648	2.0991405715485	0.288524837744843	0.772945020734111	NA
625	0.102062072615966	0.0151395672302882	2.09688988419048	0.00722001061878979	0.99423931504784	NA
626	0.102062072615966	0.0151395672302882	2.09688988419048	0.00722001061878979	0.99423931504784	NA
627	0.102062072615966	0.0151395672302882	2.09688988419048	0.00722001061878979	0.99423931504784	NA
628	0.102062072615966	0.0151395672302882	2.09688988419048	0.00722001061878979	0.99423931504784	NA
629	0.102062072615966	0.0151395672302882	2.09688988419048	0.00722001061878979	0.99423931504784	NA
630	0.102062072615966	0.0151395672302882	2.09688988419048	0.00722001061878979	0.99423931504784	NA
631	0.562277382735302	0.0498330857396452	2.0951784918673	0.0237846493428024	0.981024384636588	NA
632	0.562277382735302	0.0498330857396452	2.0951784918673	0.0237846493428024	0.981024384636588	NA
633	0	NA	NA	NA	NA	NA
634	0	NA	NA	NA	NA	NA
635	7.15818886908921	3.2816028995129	0.911877021436161	3.59873406431992	0.000319769972508376	0.0027077296059177
636	7.15818886908921	3.2816028995129	0.911877021436161	3.59873406431992	0.000319769972508376	0.0027077296059177
637	0	NA	NA	NA	NA	NA
638	0	NA	NA	NA	NA	NA
639	11.5664664501958	-1.63323175185999	0.916719118991392	-1.78160542092428	0.0748135998085219	0.148847522120224
640	11.5664664501958	-1.63323175185999	0.916719118991392	-1.78160542092428	0.0748135998085219	0.148847522120224
641	1.1245547654706	-0.0958364160127469	1.67572833733718	-0.057190902533185	0.954393125027233	NA
642	1.1245547654706	-0.0958364160127469	1.67572833733718	-0.057190902533185	0.954393125027233	NA
643	1.32867891070254	-0.443943755878198	1.52786060272776	-0.290565615138977	0.771383561047814	NA
644	1.32867891070254	-0.443943755878198	1.52786060272776	-0.290565615138977	0.771383561047814	NA
645	6.48170885398414	1.54374850075369	0.808225782266197	1.91004609680372	0.0561272783717083	0.122268967407248
646	6.48170885398414	1.54374850075369	0.808225782266197	1.91004609680372	0.0561272783717083	0.122268967407248
647	1.61142517843855	-1.72334848934885	1.49109082499759	-1.15576359297337	0.24777786848392	0.355176466768759
648	1.61142517843855	-1.72334848934885	1.49109082499759	-1.15576359297337	0.24777786848392	0.355176466768759
649	1.94237200237735	-1.4253880271671	1.48317925216346	-0.961035576170541	0.336534280247951	0.442844487732229
650	1.94237200237735	-1.4253880271671	1.48317925216346	-0.961035576170541	0.336534280247951	0.442844487732229
651	3.74520692551534	-2.13123929197	1.13474852747874	-1.87815999788545	0.0603592806224103	0.127446415024618
652	3.74520692551534	-2.13123929197	1.13474852747874	-1.87815999788545	0.0603592806224103	0.127446415024618
653	0.562277382735302	0.0498330857396452	2.0951784918673	0.0237846493428024	0.981024384636588	NA
654	0.562277382735302	0.0498330857396452	2.0951784918673	0.0237846493428024	0.981024384636588	NA
655	0.329626167959777	0.605654192809648	2.0991405715485	0.288524837744843	0.772945020734111	NA
656	0.329626167959777	0.605654192809648	2.0991405715485	0.288524837744843	0.772945020734111	NA
657	0	NA	NA	NA	NA	NA
658	0	NA	NA	NA	NA	NA
659	11.2192342667562	-1.6463613171416	0.775395382072765	-2.12325396205043	0.0337325762886751	0.0847349404380595
660	11.2192342667562	-1.6463613171416	0.775395382072765	-2.12325396205043	0.0337325762886751	0.0847349404380595
661	1.94613846583004	-2.01242900126662	1.39837621760993	-1.43911844031946	0.150116968213599	0.247348476460226
662	1.94613846583004	-2.01242900126662	1.39837621760993	-1.43911844031946	0.150116968213599	0.247348476460226
663	2.52808933522453	-0.413641718959663	1.11719664639765	-0.370249696231574	0.711196451171991	0.783379253847984
664	2.52808933522453	-0.413641718959663	1.11719664639765	-0.370249696231574	0.711196451171991	0.783379253847984
665	3.46058869108434	-2.86933598090091	1.26350102654194	-2.27094075954489	0.0231505643883314	0.0643496826148192
666	3.46058869108434	-2.86933598090091	1.26350102654194	-2.27094075954489	0.0231505643883314	0.0643496826148192
667	1.45418093343038	0.197263748291289	1.46392735777202	0.134749683612382	0.89280978954022	NA
668	1.45418093343038	0.197263748291289	1.46392735777202	0.134749683612382	0.89280978954022	NA
669	1.81554932367048	-1.91524733072931	1.46121086303985	-1.31072617866042	0.189950290886698	0.295076872770053
670	1.81554932367048	-1.91524733072931	1.46121086303985	-1.31072617866042	0.189950290886698	0.295076872770053
671	1.71857437048623	-3.01272194226993	1.58953644679805	-1.89534624911479	0.0580465447294754	0.12457613074287
672	1.71857437048623	-3.01272194226993	1.58953644679805	-1.89534624911479	0.0580465447294754	0.12457613074287
673	355.084478324423	2.36972436338983	2.11488917276911	1.12049576587838	0.262502555911062	0.370591843639147
674	355.084478324423	2.36972436338983	2.11488917276911	1.12049576587838	0.262502555911062	0.370591843639147
675	355.084478324423	2.36972436338983	2.11488917276911	1.12049576587838	0.262502555911062	0.370591843639147
676	0	NA	NA	NA	NA	NA
677	0	NA	NA	NA	NA	NA
678	0	NA	NA	NA	NA	NA
679	0	NA	NA	NA	NA	NA
680	1.42697451986581	0.379838247430157	1.48560955491071	0.255678382098846	0.79819918904202	NA
681	1.42697451986581	0.379838247430157	1.48560955491071	0.255678382098846	0.79819918904202	NA
682	0.227564095343811	1.16277842171323	2.09495177282485	0.555038276678481	0.578868479644751	NA
683	0.227564095343811	1.16277842171323	2.09495177282485	0.555038276678481	0.578868479644751	NA
684	0.102062072615966	0.0151395672302882	2.09688988419048	0.00722001061878979	0.99423931504784	NA
685	0.102062072615966	0.0151395672302882	2.09688988419048	0.00722001061878979	0.99423931504784	NA
686	0	NA	NA	NA	NA	NA
687	0	NA	NA	NA	NA	NA
688	0.227564095343811	1.16277842171323	2.09495177282485	0.555038276678481	0.578868479644751	NA
689	0.227564095343811	1.16277842171323	2.09495177282485	0.555038276678481	0.578868479644751	NA
690	0.102062072615966	0.0151395672302882	2.09688988419048	0.00722001061878979	0.99423931504784	NA
691	0.102062072615966	0.0151395672302882	2.09688988419048	0.00722001061878979	0.99423931504784	NA
692	0.999052742742758	-0.87403617560947	1.74218541880253	-0.501689525222998	0.615885933861144	NA
693	0.999052742742758	-0.87403617560947	1.74218541880253	-0.501689525222998	0.615885933861144	NA
694	0.204124145231932	-0.289902072294537	2.0984847144607	-0.138148288761322	0.890123222704436	NA
695	0.204124145231932	-0.289902072294537	2.0984847144607	-0.138148288761322	0.890123222704436	NA
696	0.102062072615966	0.0151395672302882	2.09688988419048	0.00722001061878979	0.99423931504784	NA
697	0.102062072615966	0.0151395672302882	2.09688988419048	0.00722001061878979	0.99423931504784	NA
698	0.562277382735302	0.0498330857396452	2.0951784918673	0.0237846493428024	0.981024384636588	NA
699	0.562277382735302	0.0498330857396452	2.0951784918673	0.0237846493428024	0.981024384636588	NA
700	0.232651214775525	-0.19316414502161	2.0980365678857	-0.0920690077467387	0.926643212073756	NA
701	0.232651214775525	-0.19316414502161	2.0980365678857	-0.0920690077467387	0.926643212073756	NA
702	0.204124145231932	-0.289902072294537	2.0984847144607	-0.138148288761322	0.890123222704436	NA
703	0.204124145231932	-0.289902072294537	2.0984847144607	-0.138148288761322	0.890123222704436	NA
704	0	NA	NA	NA	NA	NA
705	0	NA	NA	NA	NA	NA
706	0	NA	NA	NA	NA	NA
707	0	NA	NA	NA	NA	NA
708	1.52771593650275	-0.0312582604684696	1.47009658749813	-0.0212627256836683	0.983036077707495	NA
709	1.52771593650275	-0.0312582604684696	1.47009658749813	-0.0212627256836683	0.983036077707495	NA
710	0	NA	NA	NA	NA	NA
711	0	NA	NA	NA	NA	NA
712	0.789841478079113	0.591149938434629	1.93523818614374	0.305466243208329	0.760011076119735	NA
713	0.789841478079113	0.591149938434629	1.93523818614374	0.305466243208329	0.760011076119735	NA
714	1.20317688797469	-1.21727093310504	1.61634957106016	-0.753098806656433	0.451390541475107	NA
715	1.20317688797469	-1.21727093310504	1.61634957106016	-0.753098806656433	0.451390541475107	NA
716	0.436775360007456	-0.717854028375714	2.10172648415553	-0.341554447635058	0.732686223085295	NA
717	0.436775360007456	-0.717854028375714	2.10172648415553	-0.341554447635058	0.732686223085295	NA
718	0	NA	NA	NA	NA	NA
719	0	NA	NA	NA	NA	NA
720	0.227564095343811	1.16277842171323	2.09495177282485	0.555038276678481	0.578868479644751	NA
721	0.227564095343811	1.16277842171323	2.09495177282485	0.555038276678481	0.578868479644751	NA
722	0	NA	NA	NA	NA	NA
723	0	NA	NA	NA	NA	NA
724	0.329626167959777	0.605654192809648	2.0991405715485	0.288524837744843	0.772945020734111	NA
725	0.329626167959777	0.605654192809648	2.0991405715485	0.288524837744843	0.772945020734111	NA
726	0	NA	NA	NA	NA	NA
727	0	NA	NA	NA	NA	NA
728	0.102062072615966	0.0151395672302882	2.09688988419048	0.00722001061878979	0.99423931504784	NA
729	0.102062072615966	0.0151395672302882	2.09688988419048	0.00722001061878979	0.99423931504784	NA
730	0	NA	NA	NA	NA	NA
731	0	NA	NA	NA	NA	NA
732	0.102062072615966	0.0151395672302882	2.09688988419048	0.00722001061878979	0.99423931504784	NA
733	0.102062072615966	0.0151395672302882	2.09688988419048	0.00722001061878979	0.99423931504784	NA
734	0	NA	NA	NA	NA	NA
735	0	NA	NA	NA	NA	NA
736	0.102062072615966	0.0151395672302882	2.09688988419048	0.00722001061878979	0.99423931504784	NA
737	0.102062072615966	0.0151395672302882	2.09688988419048	0.00722001061878979	0.99423931504784	NA
738	0.102062072615966	0.0151395672302882	2.09688988419048	0.00722001061878979	0.99423931504784	NA
739	0.102062072615966	0.0151395672302882	2.09688988419048	0.00722001061878979	0.99423931504784	NA
740	1.96957841594192	-1.14920611346278	1.31215136835551	-0.875818248700269	0.381128847799579	0.488030841694582
741	1.96957841594192	-1.14920611346278	1.31215136835551	-0.875818248700269	0.381128847799579	0.488030841694582
742	2.91344898629247	-0.177906706187545	1.11509513434979	-0.159543971368221	0.873240317810607	0.90550914786153
743	2.91344898629247	-0.177906706187545	1.11509513434979	-0.159543971368221	0.873240317810607	0.90550914786153
744	8.1973579304134	4.36961420523452	1.18063815159321	3.70106132800972	0.000214699572785413	0.00195181429804921
745	8.1973579304134	4.36961420523452	1.18063815159321	3.70106132800972	0.000214699572785413	0.00195181429804921
746	1.67665790934248	1.17561229898069	1.42301207162091	0.826143588256134	0.408722644097962	0.513808771389237
747	1.67665790934248	1.17561229898069	1.42301207162091	0.826143588256134	0.408722644097962	0.513808771389237
748	3.0250103067042	1.67011389912136	1.04617167279691	1.59640520055026	0.110398355802304	0.197183731917654
749	3.0250103067042	1.67011389912136	1.04617167279691	1.59640520055026	0.110398355802304	0.197183731917654
750	0.102062072615966	0.0151395672302882	2.09688988419048	0.00722001061878979	0.99423931504784	NA
751	0.102062072615966	0.0151395672302882	2.09688988419048	0.00722001061878979	0.99423931504784	NA
752	0	NA	NA	NA	NA	NA
753	0	NA	NA	NA	NA	NA
754	0.659252335919554	0.693501941428492	2.12273943425933	0.326701398313859	0.743893742536631	NA
755	0.659252335919554	0.693501941428492	2.12273943425933	0.326701398313859	0.743893742536631	NA
756	0.431688240575743	0.300911269897379	2.10125340962322	0.143205606957866	0.886127801753767	NA
757	0.431688240575743	0.300911269897379	2.10125340962322	0.143205606957866	0.886127801753767	NA
758	2.19337604783304	-0.079273509949291	1.17773219055776	-0.067310302448087	0.94633467532376	0.962607322925598
759	2.19337604783304	-0.079273509949291	1.17773219055776	-0.067310302448087	0.94633467532376	0.962607322925598
760	4.62890255823736	1.15876248989445	0.870479006860895	1.33117798449059	0.183130453610975	0.28656777390689
761	4.62890255823736	1.15876248989445	0.870479006860895	1.33117798449059	0.183130453610975	0.28656777390689
762	0	NA	NA	NA	NA	NA
763	0	NA	NA	NA	NA	NA
764	0.460215310119336	0.276912429550551	2.10151614532912	0.131767928676648	0.895167854523936	NA
765	0.460215310119336	0.276912429550551	2.10151614532912	0.131767928676648	0.895167854523936	NA
766	0.455128190687622	1.46332915655147	2.09860405196263	0.697286920409284	0.485623251838368	NA
767	0.455128190687622	1.46332915655147	2.09860405196263	0.697286920409284	0.485623251838368	NA
768	0.102062072615966	0.0151395672302882	2.09688988419048	0.00722001061878979	0.99423931504784	NA
769	0.102062072615966	0.0151395672302882	2.09688988419048	0.00722001061878979	0.99423931504784	NA
770	0	NA	NA	NA	NA	NA
771	0	NA	NA	NA	NA	NA
772	2.18387680003728	-3.36012747252439	1.49417287136508	-2.24882109488079	0.0245238807093102	0.0669267699669283
773	2.18387680003728	-3.36012747252439	1.49417287136508	-2.24882109488079	0.0245238807093102	0.0669267699669283
774	3.52205495853558	-0.231127574100237	0.936982739804539	-0.246672178986404	0.805161939275508	0.85218674960672
775	3.52205495853558	-0.231127574100237	0.936982739804539	-0.246672178986404	0.805161939275508	0.85218674960672
776	0	NA	NA	NA	NA	NA
777	0	NA	NA	NA	NA	NA
778	0.845023650471319	-1.65636001094906	2.05467880706273	-0.806140602246689	0.420161782670255	NA
779	0.845023650471319	-1.65636001094906	2.05467880706273	-0.806140602246689	0.420161782670255	NA
780	0.436775360007456	-0.717854028375714	2.10172648415553	-0.341554447635058	0.732686223085295	NA
781	0.436775360007456	-0.717854028375714	2.10172648415553	-0.341554447635058	0.732686223085295	NA
782	0.975612792630879	-1.97724141485751	1.93871554125265	-1.01987185473325	0.307789239391845	NA
783	0.975612792630879	-1.97724141485751	1.93871554125265	-1.01987185473325	0.307789239391845	NA
784	0.455128190687622	1.46332915655147	2.09860405196263	0.697286920409284	0.485623251838368	NA
785	0.455128190687622	1.46332915655147	2.09860405196263	0.697286920409284	0.485623251838368	NA
786	1.6779785653215	1.88936643477752	1.40995268852084	1.34002115826994	0.18023846625894	0.284480104580063
787	1.6779785653215	1.88936643477752	1.40995268852084	1.34002115826994	0.18023846625894	0.284480104580063
788	3.06560611186893	-0.776947113788924	1.0629145641701	-0.730959138183927	0.464804112053048	0.567163646316909
789	3.06560611186893	-0.776947113788924	1.0629145641701	-0.730959138183927	0.464804112053048	0.567163646316909
790	0.557190263303588	0.93792212795813	2.1015277568334	0.446304896477504	0.655377019783103	NA
791	0.557190263303588	0.93792212795813	2.1015277568334	0.446304896477504	0.655377019783103	NA
792	0.306186217847897	-0.511379433977429	2.09997323508663	-0.243517119853355	0.807604824481893	NA
793	0.306186217847897	-0.511379433977429	2.09997323508663	-0.243517119853355	0.807604824481893	NA
794	7.6894508768309	-1.96378820768185	0.882920078963213	-2.22419701904148	0.0261351915351482	0.0694732939541914
795	7.6894508768309	-1.96378820768185	0.882920078963213	-2.22419701904148	0.0261351915351482	0.0694732939541914
796	7.69702630171263	2.39187497964866	0.781355006545489	3.06118852456525	0.00220460235543293	0.0114171761933641
797	7.69702630171263	2.39187497964866	0.781355006545489	3.06118852456525	0.00220460235543293	0.0114171761933641
798	1.45041446997769	1.53543666574195	1.49866647636395	1.0245352718286	0.305582519751191	NA
799	1.45041446997769	1.53543666574195	1.49866647636395	1.0245352718286	0.305582519751191	NA
800	1.28179901047878	-2.50042464510809	1.76371586956303	-1.41770264035079	0.1562775989076	NA
801	1.28179901047878	-2.50042464510809	1.76371586956303	-1.41770264035079	0.1562775989076	NA
802	0.334713287391491	-0.530109587478167	2.10015201911518	-0.252414864568474	0.800720411785564	NA
803	0.334713287391491	-0.530109587478167	2.10015201911518	-0.252414864568474	0.800720411785564	NA
804	1.67356643695745	-2.87635747372412	1.63448596088736	-1.75979331885026	0.0784428563008049	0.154458507484004
805	1.67356643695745	-2.87635747372412	1.63448596088736	-1.75979331885026	0.0784428563008049	0.154458507484004
806	7.58723579770691	2.22901337212459	0.823694076847324	2.70611800518962	0.00680748509994194	0.0262547634708504
807	7.58723579770691	2.22901337212459	0.823694076847324	2.70611800518962	0.00680748509994194	0.0262547634708504
808	2.12492816419238	-0.559573426069659	1.33960875428415	-0.417714070828598	0.676156183336216	0.751367748952292
809	2.12492816419238	-0.559573426069659	1.33960875428415	-0.417714070828598	0.676156183336216	0.751367748952292
810	0.868463600583199	-0.685073820305404	1.84775621910483	-0.37075985090571	0.710816407676975	NA
811	0.868463600583199	-0.685073820305404	1.84775621910483	-0.37075985090571	0.710816407676975	NA
812	2.3829138258375	-2.31789954917611	1.33408353772624	-1.73744708155732	0.0823082869911774	0.160937991323531
813	2.3829138258375	-2.31789954917611	1.33408353772624	-1.73744708155732	0.0823082869911774	0.160937991323531
814	1.11946764603889	0.777740889818454	1.67246886398355	0.465025631607875	0.641913101329133	NA
815	1.11946764603889	0.777740889818454	1.67246886398355	0.465025631607875	0.641913101329133	NA
816	0.436775360007456	-0.717854028375714	2.10172648415553	-0.341554447635058	0.732686223085295	NA
817	0.436775360007456	-0.717854028375714	2.10172648415553	-0.341554447635058	0.732686223085295	NA
818	1.07767486524684	-2.17633120654209	1.87040749752695	-1.16355992446546	0.244602400160686	NA
819	1.07767486524684	-2.17633120654209	1.87040749752695	-1.16355992446546	0.244602400160686	NA
820	0.334713287391491	-0.530109587478167	2.10015201911518	-0.252414864568474	0.800720411785564	NA
821	0.334713287391491	-0.530109587478167	2.10015201911518	-0.252414864568474	0.800720411785564	NA
822	3.95441819017899	-3.01581935474627	1.24626440413742	-2.41988726046751	0.0155253196420107	0.0478052364343437
823	3.95441819017899	-3.01581935474627	1.24626440413742	-2.41988726046751	0.0155253196420107	0.0478052364343437
824	2.51859008742877	-3.5578691160862	1.46284612277793	-2.43215541312701	0.015009265600977	0.046284078945744
825	2.51859008742877	-3.5578691160862	1.46284612277793	-2.43215541312701	0.015009265600977	0.046284078945744
826	3.15440247323645	-2.72146182114479	1.27228435448109	-2.13903583075559	0.0324327666154821	0.0817632771818877
827	3.15440247323645	-2.72146182114479	1.27228435448109	-2.13903583075559	0.0324327666154821	0.0817632771818877
828	1.23170395751828	-1.18915053731653	1.63538001455739	-0.727140191717686	0.467140079772365	NA
829	1.23170395751828	-1.18915053731653	1.63538001455739	-0.727140191717686	0.467140079772365	NA
830	0.436775360007456	-0.717854028375714	2.10172648415553	-0.341554447635058	0.732686223085295	NA
831	0.436775360007456	-0.717854028375714	2.10172648415553	-0.341554447635058	0.732686223085295	NA
832	10.0217408690547	-5.38127575848687	1.40652089260522	-3.82594797331411	0.000130269802746113	0.00133773391573026
833	10.0217408690547	-5.38127575848687	1.40652089260522	-3.82594797331411	0.000130269802746113	0.00133773391573026
834	1.63486512855043	-0.85685217732724	1.41501736420584	-0.605541811006778	0.544819052343873	0.63970925911218
835	1.63486512855043	-0.85685217732724	1.41501736420584	-0.605541811006778	0.544819052343873	0.63970925911218
836	0.902077789558506	-1.73761697374753	2.02280564545901	-0.85901331037329	0.390333172575116	NA
837	0.902077789558506	-1.73761697374753	2.02280564545901	-0.85901331037329	0.390333172575116	NA
838	3.43206162154075	-2.86747984987834	1.28312328713615	-2.23476565239368	0.0254327379074287	0.0685166768513153
839	3.43206162154075	-2.86747984987834	1.28312328713615	-2.23476565239368	0.0254327379074287	0.0685166768513153
840	3.49420288005965	-4.02067032434059	1.41247957988677	-2.84653341654886	0.00441980901486933	0.0193165430410522
841	3.49420288005965	-4.02067032434059	1.41247957988677	-2.84653341654886	0.00441980901486933	0.0193165430410522
842	8.31708467082184	-3.32685683222755	1.05532353024553	-3.15245205558294	0.00161905407160531	0.00904767955111575
843	8.31708467082184	-3.32685683222755	1.05532353024553	-3.15245205558294	0.00161905407160531	0.00904767955111575
844	2.95536544743623	-3.78344651176398	1.43497906145679	-2.63658656309801	0.00837448302128804	0.0302712847990344
845	2.95536544743623	-3.78344651176398	1.43497906145679	-2.63658656309801	0.00837448302128804	0.0302712847990344
846	0.102062072615966	0.0151395672302882	2.09688988419048	0.00722001061878979	0.99423931504784	NA
847	0.102062072615966	0.0151395672302882	2.09688988419048	0.00722001061878979	0.99423931504784	NA
848	0.204124145231932	-0.289902072294537	2.0984847144607	-0.138148288761322	0.890123222704436	NA
849	0.204124145231932	-0.289902072294537	2.0984847144607	-0.138148288761322	0.890123222704436	NA
850	1.10620193479044	-2.19338494381761	1.8563452695987	-1.18156087649135	0.237379984981971	NA
851	1.10620193479044	-2.19338494381761	1.8563452695987	-1.18156087649135	0.237379984981971	NA
852	1.54297729479789	-2.79400755251868	1.6395409094695	-1.70414018728128	0.0883549003098271	0.167914290181572
853	1.54297729479789	-2.79400755251868	1.6395409094695	-1.70414018728128	0.0883549003098271	0.167914290181572
854	1.53280305593447	-0.731862459738575	1.44334620843763	-0.507059536693411	0.612113045082671	0.695394857816397
855	1.53280305593447	-0.731862459738575	1.44334620843763	-0.507059536693411	0.612113045082671	0.695394857816397
856	0.46530242955105	-0.73806087475055	2.10187461749905	-0.351144101844069	0.725480243379624	NA
857	0.46530242955105	-0.73806087475055	2.10187461749905	-0.351144101844069	0.725480243379624	NA
858	4.92117739992546	-2.33422464662584	1.07718942680542	-2.1669583719814	0.0302380284072555	0.0771719266758506
859	4.92117739992546	-2.33422464662584	1.07718942680542	-2.1669583719814	0.0302380284072555	0.0771719266758506
860	3.28499161539601	-2.75966312795844	1.26689288135367	-2.17829239438913	0.0293842750476565	0.0759003414515112
861	3.28499161539601	-2.75966312795844	1.26689288135367	-2.17829239438913	0.0293842750476565	0.0759003414515112
862	3.26155166528413	-3.93858549481092	1.41893366502681	-2.77573616856607	0.00550768820443191	0.0226122096369639
863	3.26155166528413	-3.93858549481092	1.41893366502681	-2.77573616856607	0.00550768820443191	0.0226122096369639
864	4.53826355633119	-3.25565993511775	1.23278484615362	-2.64089873044404	0.00826864309634883	0.0300677930776321
865	4.53826355633119	-3.25565993511775	1.23278484615362	-2.64089873044404	0.00826864309634883	0.0300677930776321
866	0.975612792630879	-1.97724141485751	1.93871554125265	-1.01987185473325	0.307789239391845	NA
867	0.975612792630879	-1.97724141485751	1.93871554125265	-1.01987185473325	0.307789239391845	NA
868	0.868463600583199	-0.685073820305404	1.84775621910483	-0.37075985090571	0.710816407676975	NA
869	0.868463600583199	-0.685073820305404	1.84775621910483	-0.37075985090571	0.710816407676975	NA
870	1.78512775736918	0.68771498471862	1.32791250204381	0.517891791560172	0.604533769434955	0.692025574169205
871	1.78512775736918	0.68771498471862	1.32791250204381	0.517891791560172	0.604533769434955	0.692025574169205
872	2.54203003754065	-2.35137147784794	1.32713971762235	-1.77175880325589	0.0764346038049563	0.151570035873851
873	2.54203003754065	-2.35137147784794	1.32713971762235	-1.77175880325589	0.0764346038049563	0.151570035873851
874	2.89509615561231	-1.09221926540269	1.13449983118734	-0.962731977015455	0.335682045023112	0.442844487732229
875	2.89509615561231	-1.09221926540269	1.13449983118734	-0.962731977015455	0.335682045023112	0.442844487732229
876	2.3239651899926	-0.156986248794879	1.15870502523234	-0.135484221934224	0.892229038305267	0.918696239490591
877	2.3239651899926	-0.156986248794879	1.15870502523234	-0.135484221934224	0.892229038305267	0.918696239490591
878	1.67356643695745	-2.87635747372412	1.63448596088736	-1.75979331885026	0.0784428563008049	0.154458507484004
879	1.67356643695745	-2.87635747372412	1.63448596088736	-1.75979331885026	0.0784428563008049	0.154458507484004
880	0.102062072615966	0.0151395672302882	2.09688988419048	0.00722001061878979	0.99423931504784	NA
881	0.102062072615966	0.0151395672302882	2.09688988419048	0.00722001061878979	0.99423931504784	NA
882	0	NA	NA	NA	NA	NA
883	0	NA	NA	NA	NA	NA
884	0.102062072615966	0.0151395672302882	2.09688988419048	0.00722001061878979	0.99423931504784	NA
885	0.102062072615966	0.0151395672302882	2.09688988419048	0.00722001061878979	0.99423931504784	NA
886	0.102062072615966	0.0151395672302882	2.09688988419048	0.00722001061878979	0.99423931504784	NA
887	0.102062072615966	0.0151395672302882	2.09688988419048	0.00722001061878979	0.99423931504784	NA
888	0	NA	NA	NA	NA	NA
889	0	NA	NA	NA	NA	NA
890	0.232651214775525	-0.19316414502161	2.0980365678857	-0.0920690077467387	0.926643212073756	NA
891	0.232651214775525	-0.19316414502161	2.0980365678857	-0.0920690077467387	0.926643212073756	NA
892	0	NA	NA	NA	NA	NA
893	0	NA	NA	NA	NA	NA
894	2.18452246494863	1.47236143347245	1.35949859894395	1.08301798517201	0.278800440138256	0.38683906461205
895	2.18452246494863	1.47236143347245	1.35949859894395	1.08301798517201	0.278800440138256	0.38683906461205
896	3.30907723041924	0.861698414064436	0.973841271260772	0.884844829947337	0.376240326963749	0.483836305342237
897	3.30907723041924	0.861698414064436	0.973841271260772	0.884844829947337	0.376240326963749	0.483836305342237
898	4.74999245260117	-0.234162147979188	0.856890343070076	-0.273269677821586	0.784645922145622	0.839407252422724
899	4.74999245260117	-0.234162147979188	0.856890343070076	-0.273269677821586	0.784645922145622	0.839407252422724
900	2.14517549163026	-1.34613290489807	1.3439513857289	-1.0016232128575	0.316525605429576	0.425138325169242
901	2.14517549163026	-1.34613290489807	1.3439513857289	-1.0016232128575	0.316525605429576	0.425138325169242
902	0.455128190687622	1.46332915655147	2.09860405196263	0.697286920409284	0.485623251838368	NA
903	0.455128190687622	1.46332915655147	2.09860405196263	0.697286920409284	0.485623251838368	NA
904	0.659252335919554	0.693501941428492	2.12273943425933	0.326701398313859	0.743893742536631	NA
905	0.659252335919554	0.693501941428492	2.12273943425933	0.326701398313859	0.743893742536631	NA
906	0.664339455351268	-0.218000059103391	2.01088723535044	-0.108409887571543	0.913670558214857	NA
907	0.664339455351268	-0.218000059103391	2.01088723535044	-0.108409887571543	0.913670558214857	NA
908	9.22734105219708	-1.99416406860237	0.866420498913668	-2.30161228999392	0.0213570464363898	0.0612702151863642
909	9.22734105219708	-1.99416406860237	0.866420498913668	-2.30161228999392	0.0213570464363898	0.0612702151863642
910	5.27424351799711	-1.45227281464002	0.899667071628997	-1.61423359866938	0.106476766791455	0.192179811140573
911	5.27424351799711	-1.45227281464002	0.899667071628997	-1.61423359866938	0.106476766791455	0.192179811140573
912	5.14365437583756	-1.42403143671625	0.900523821761446	-1.58133677566775	0.113801055171543	0.20175788590987
913	5.14365437583756	-1.42403143671625	0.900523821761446	-1.58133677566775	0.113801055171543	0.20175788590987
914	13.1944736429086	-2.21862398187144	0.763661759636959	-2.9052443098973	0.00366966539921356	0.0169555496993366
915	13.1944736429086	-2.21862398187144	0.763661759636959	-2.9052443098973	0.00366966539921356	0.0169555496993366
916	19.0600435977442	-0.624424733870658	0.646438517001764	-0.96594605279214	0.334071176331535	0.441087375225541
917	19.0600435977442	-0.624424733870658	0.646438517001764	-0.96594605279214	0.334071176331535	0.441087375225541
918	0.408248290463863	-0.698123216799561	2.10157813569984	-0.332189988533108	0.739745802941649	NA
919	0.408248290463863	-0.698123216799561	2.10157813569984	-0.332189988533108	0.739745802941649	NA
920	1.7369272011664	-0.971292503854785	1.39310981784122	-0.697211728333029	0.485670300207054	0.58632229401254
921	1.7369272011664	-0.971292503854785	1.39310981784122	-0.697211728333029	0.485670300207054	0.58632229401254
922	13.6901882805182	2.77527453317208	0.735341224251753	3.77413157544113	0.000160566005468761	0.00157933775870913
923	13.6901882805182	2.77527453317208	0.735341224251753	3.77413157544113	0.000160566005468761	0.00157933775870913
924	16.9752904044459	-4.19436267794246	1.03985515256805	-4.03360282206994	5.49281292641568e-05	0.00069071300272293
925	16.9752904044459	-4.19436267794246	1.03985515256805	-4.03360282206994	5.49281292641568e-05	0.00069071300272293
926	5.48277979159309	-0.0889194168580573	0.796447789343534	-0.111645004290047	0.911104886800549	0.935380230887877
927	5.48277979159309	-0.0889194168580573	0.796447789343534	-0.111645004290047	0.911104886800549	0.935380230887877
928	24.9347863203003	-0.392960890776613	0.643084916345184	-0.61105599087895	0.541162513584326	0.637554714461197
929	24.9347863203003	-0.392960890776613	0.643084916345184	-0.61105599087895	0.541162513584326	0.637554714461197
930	17.4931043682748	-1.91908142781591	0.696658987377469	-2.75469270128872	0.00587472837093877	0.0236566243125051
931	17.4931043682748	-1.91908142781591	0.696658987377469	-2.75469270128872	0.00587472837093877	0.0236566243125051
932	18.9474089820569	-2.89716395048127	0.785955839675828	-3.68616632669365	0.00022765759298054	0.00205184955046839
933	18.9474089820569	-2.89716395048127	0.785955839675828	-3.68616632669365	0.00022765759298054	0.00205184955046839
934	6.00770584805671	-3.62270013221087	1.20554562872338	-3.00502946209273	0.00265555125409576	0.0133576238916943
935	6.00770584805671	-3.62270013221087	1.20554562872338	-3.00502946209273	0.00265555125409576	0.0133576238916943
936	0	NA	NA	NA	NA	NA
937	0	NA	NA	NA	NA	NA
938	0.329626167959777	0.605654192809648	2.0991405715485	0.288524837744843	0.772945020734111	NA
939	0.329626167959777	0.605654192809648	2.0991405715485	0.288524837744843	0.772945020734111	NA
940	2.9737182781164	-1.77738792967112	1.17812909691099	-1.5086529433246	0.131387496817106	0.22336926263604
941	2.9737182781164	-1.77738792967112	1.17812909691099	-1.5086529433246	0.131387496817106	0.22336926263604
942	0.659252335919554	0.693501941428492	2.12273943425933	0.326701398313859	0.743893742536631	NA
943	0.659252335919554	0.693501941428492	2.12273943425933	0.326701398313859	0.743893742536631	NA
944	1.01231845399121	2.01006849393422	1.98193338849551	1.01419578760922	0.310489338237761	NA
945	1.01231845399121	2.01006849393422	1.98193338849551	1.01419578760922	0.310489338237761	NA
946	0.533750313191708	0.0508251107301774	2.10370273380308	0.0241598349013387	0.980725115876254	NA
947	0.533750313191708	0.0508251107301774	2.10370273380308	0.0241598349013387	0.980725115876254	NA
948	10.9196292978863	4.83649201390459	1.09473090094981	4.41797341219503	9.96306730779708e-06	0.000215695271612102
949	10.9196292978863	4.83649201390459	1.09473090094981	4.41797341219503	9.96306730779708e-06	0.000215695271612102
950	1.22152971865486	0.527708115601999	1.59723635534651	0.330388244567296	0.741106622797517	NA
951	1.22152971865486	0.527708115601999	1.59723635534651	0.330388244567296	0.741106622797517	NA
952	0.538837432623422	-0.864822990680704	2.10272243892331	-0.411287279134916	0.680861896192882	NA
953	0.538837432623422	-0.864822990680704	2.10272243892331	-0.411287279134916	0.680861896192882	NA
954	2.69418716311711	-3.68760160214043	1.4529559462253	-2.53799959435839	0.0111488113665754	0.0372810571175291
955	2.69418716311711	-3.68760160214043	1.4529559462253	-2.53799959435839	0.0111488113665754	0.0372810571175291
956	6.66508621728128	-3.78929623520268	1.21693884392316	-3.11379347789306	0.00184698721900753	0.010074475740041
957	6.66508621728128	-3.78929623520268	1.21693884392316	-3.11379347789306	0.00184698721900753	0.010074475740041
958	1.78380710139016	0.387667725849983	1.32654742774788	0.292238119603564	0.770104567856712	0.827222297953502
959	1.78380710139016	0.387667725849983	1.32654742774788	0.292238119603564	0.770104567856712	0.827222297953502
960	3.79273249065045	1.3138999868367	0.934308615448321	1.40628049994619	0.159640848222782	0.260283991667579
961	3.79273249065045	1.3138999868367	0.934308615448321	1.40628049994619	0.159640848222782	0.260283991667579
962	2.44305943730971	0.597157248966731	1.18093788406212	0.505663555235154	0.613092856949433	0.695755201077444
963	2.44305943730971	0.597157248966731	1.18093788406212	0.505663555235154	0.613092856949433	0.695755201077444
964	210.905303928147	2.24302601872526	1.48202694624811	1.51348531442272	0.130156428678762	0.222580211909935
965	210.905303928147	2.24302601872526	1.48202694624811	1.51348531442272	0.130156428678762	0.222580211909935
966	210.905303928147	2.24302601872526	1.48202694624811	1.51348531442272	0.130156428678762	0.222580211909935
967	1.88586917400612	0.234364816581536	1.28740275739924	0.182044675012962	0.855547666039312	0.891416570916673
968	1.88586917400612	0.234364816581536	1.28740275739924	0.182044675012962	0.855547666039312	0.891416570916673
969	3.69884900985122	4.19118350390571	1.31106867367868	3.19676885585698	0.00138976243915036	0.00819709912986956
970	3.69884900985122	4.19118350390571	1.31106867367868	3.19676885585698	0.00138976243915036	0.00819709912986956
971	3.27092723272818	3.15489575364344	1.22005035183446	2.58587340178196	0.00971325994017375	0.0335215215683893
972	3.27092723272818	3.15489575364344	1.22005035183446	2.58587340178196	0.00971325994017375	0.0335215215683893
973	5.58419619929771	-1.78540368357727	0.931536671164155	-1.91662200624482	0.0552859702142679	0.12119054013566
974	5.58419619929771	-1.78540368357727	0.931536671164155	-1.91662200624482	0.0552859702142679	0.12119054013566
975	10.5362652938651	2.84996250930952	0.794461150008677	3.58728996286149	0.000334132688650116	0.00280671458466098
976	10.5362652938651	2.84996250930952	0.794461150008677	3.58728996286149	0.000334132688650116	0.00280671458466098
977	15.9567801465875	2.66039426093167	0.747457159110999	3.55925985657273	0.000371901418434391	0.00301541690622479
978	15.9567801465875	2.66039426093167	0.747457159110999	3.55925985657273	0.000371901418434391	0.00301541690622479
979	49.4005148564135	3.70948768589404	0.760096424549794	4.88028566650761	1.05932285070239e-06	5.23430114464709e-05
980	49.4005148564135	3.70948768589404	0.760096424549794	4.88028566650761	1.05932285070239e-06	5.23430114464709e-05
981	9.12340701288614	-2.57211060426616	0.908814136950501	-2.83018331217515	0.00465213411853631	0.0200811544685021
982	9.12340701288614	-2.57211060426616	0.908814136950501	-2.83018331217515	0.00465213411853631	0.0200811544685021
983	3.14931535380473	-1.91449739706288	1.16713266325377	-1.64034257401861	0.100933958214357	0.185361882160166
984	3.14931535380473	-1.91449739706288	1.16713266325377	-1.64034257401861	0.100933958214357	0.185361882160166
985	2.57496923544829	0.782802504915064	1.1050800311022	0.708367252039021	0.478717223423435	0.581606114659655
986	2.57496923544829	0.782802504915064	1.1050800311022	0.708367252039021	0.478717223423435	0.581606114659655
987	3.24761096296801	-1.62720811711436	1.15440078520122	-1.40956948225805	0.158666843484884	0.258896947411232
988	3.24761096296801	-1.62720811711436	1.15440078520122	-1.40956948225805	0.158666843484884	0.258896947411232
989	1.79398134025358	-0.917130821614312	1.40451198084186	-0.652988962802999	0.513763394040941	0.61041195331597
990	1.79398134025358	-0.917130821614312	1.40451198084186	-0.652988962802999	0.513763394040941	0.61041195331597
991	0	NA	NA	NA	NA	NA
992	0	NA	NA	NA	NA	NA
993	0.204124145231932	-0.289902072294537	2.0984847144607	-0.138148288761322	0.890123222704436	NA
994	0.204124145231932	-0.289902072294537	2.0984847144607	-0.138148288761322	0.890123222704436	NA
995	0.664339455351268	-0.218000059103391	2.01088723535044	-0.108409887571543	0.913670558214857	NA
996	0.664339455351268	-0.218000059103391	2.01088723535044	-0.108409887571543	0.913670558214857	NA
997	1.64503936741386	-2.91315552298985	1.60081229262054	-1.81979832140157	0.0687897234663693	0.140187326443975
998	1.64503936741386	-2.91315552298985	1.60081229262054	-1.81979832140157	0.0687897234663693	0.140187326443975
999	8.70441064278015	-1.31826434385272	0.761083410982545	-1.73208918343242	0.0832576847546563	0.161740183149656
1000	8.70441064278015	-1.31826434385272	0.761083410982545	-1.73208918343242	0.0832576847546563	0.161740183149656
1001	0.102062072615966	0.0151395672302882	2.09688988419048	0.00722001061878979	0.99423931504784	NA
1002	1.41238815263834	-2.67644172728055	1.67869848209266	-1.59435524355995	0.110856490840115	NA
1003	1.41238815263834	-2.67644172728055	1.67869848209266	-1.59435524355995	0.110856490840115	NA
1004	2.4450550843564	-3.45881451833379	1.5009945164726	-2.30434853716998	0.0212030863770162	0.060911739249978
1005	2.4450550843564	-3.45881451833379	1.5009945164726	-2.30434853716998	0.0212030863770162	0.060911739249978
1006	9.54691666164514	-4.27101963666203	1.18665141968287	-3.5992200959937	0.000319172970888709	0.0027077296059177
1007	9.54691666164514	-4.27101963666203	1.18665141968287	-3.5992200959937	0.000319172970888709	0.0027077296059177
1008	2.74238771931989	-2.10225396480116	1.33974562024205	-1.56914412186797	0.1166143609073	0.204672091855687
1009	2.74238771931989	-2.10225396480116	1.33974562024205	-1.56914412186797	0.1166143609073	0.204672091855687
1010	3.45293208382725	2.26758264040401	1.02302535068761	2.21654589388219	0.0266541384148196	0.0707631993313794
1011	3.45293208382725	2.26758264040401	1.02302535068761	2.21654589388219	0.0266541384148196	0.0707631993313794
1012	0	NA	NA	NA	NA	NA
1013	0	NA	NA	NA	NA	NA
1014	1.30523896059066	-1.36308934320672	1.57303808824636	-0.866532955172312	0.386197962181062	NA
1015	1.30523896059066	-1.36308934320672	1.57303808824636	-0.866532955172312	0.386197962181062	NA
1016	3.30334444607617	-1.34768774659524	1.06868617846163	-1.26106968889148	0.207283740187494	0.311816514608695
1017	3.30334444607617	-1.34768774659524	1.06868617846163	-1.26106968889148	0.207283740187494	0.311816514608695
1018	0.891903550695079	0.313143053340604	1.82650082124636	0.171444244479958	0.863874467683476	NA
1019	0.891903550695079	0.313143053340604	1.82650082124636	0.171444244479958	0.863874467683476	NA
1020	1.66847931752574	-1.69024075561901	1.47059471503724	-1.14935864948774	0.250408123357052	0.35588132441824
1021	1.66847931752574	-1.69024075561901	1.47059471503724	-1.14935864948774	0.250408123357052	0.35588132441824
1022	1.94613846583004	-2.01242900126662	1.39837621760993	-1.43911844031946	0.150116968213599	0.247348476460226
1023	1.94613846583004	-2.01242900126662	1.39837621760993	-1.43911844031946	0.150116968213599	0.247348476460226
1024	0.766401527967233	-0.465278789480739	1.92404318179707	-0.241823465233334	0.808916955819756	NA
1025	0.766401527967233	-0.465278789480739	1.92404318179707	-0.241823465233334	0.808916955819756	NA
1026	0.863376481151485	0.223848322028114	2.05804537432383	0.108767437696391	0.913386951504722	NA
1027	0.863376481151485	0.223848322028114	2.05804537432383	0.108767437696391	0.913386951504722	NA
1028	19.8881880800224	-3.457480250573	0.89267468982859	-3.87316935269767	0.000107429122094235	0.00117500602290569
1029	19.8881880800224	-3.457480250573	0.89267468982859	-3.87316935269767	0.000107429122094235	0.00117500602290569
1030	0.999052742742758	-0.87403617560947	1.74218541880253	-0.501689525222998	0.615885933861144	NA
1031	0.999052742742758	-0.87403617560947	1.74218541880253	-0.501689525222998	0.615885933861144	NA
1032	0.334713287391491	-0.530109587478167	2.10015201911518	-0.252414864568474	0.800720411785564	NA
1033	0.334713287391491	-0.530109587478167	2.10015201911518	-0.252414864568474	0.800720411785564	NA
1034	2.2865845375646	1.22029416789808	1.34787268567133	0.905348243102271	0.365280925952454	0.472928449136962
1035	2.2865845375646	1.22029416789808	1.34787268567133	0.905348243102271	0.365280925952454	0.472928449136962
1036	0.557190263303588	0.93792212795813	2.1015277568334	0.446304896477504	0.655377019783103	NA
1037	0.557190263303588	0.93792212795813	2.1015277568334	0.446304896477504	0.655377019783103	NA
1038	0.533750313191708	0.0508251107301774	2.10370273380308	0.0241598349013387	0.980725115876254	NA
1039	0.533750313191708	0.0508251107301774	2.10370273380308	0.0241598349013387	0.980725115876254	NA
1040	4.5433506757629	-4.39440363564513	1.39220225444584	-3.15644053987996	0.00159707445689544	0.00896753037294231
1041	4.5433506757629	-4.39440363564513	1.39220225444584	-3.15644053987996	0.00159707445689544	0.00896753037294231
1042	1.99810548548552	-1.12091317472536	1.31909237343075	-0.84976093964522	0.395458010079813	0.501183959666631
1043	1.99810548548552	-1.12091317472536	1.31909237343075	-0.84976093964522	0.395458010079813	0.501183959666631
1044	1.07767486524684	-2.17633120654209	1.87040749752695	-1.16355992446546	0.244602400160686	NA
1045	1.07767486524684	-2.17633120654209	1.87040749752695	-1.16355992446546	0.244602400160686	NA
1046	0.329626167959777	0.605654192809648	2.0991405715485	0.288524837744843	0.772945020734111	NA
1047	0.329626167959777	0.605654192809648	2.0991405715485	0.288524837744843	0.772945020734111	NA
1048	1.78889422082187	-0.215353325105986	1.33650700119757	-0.161131460525848	0.871989862072451	0.90550914786153
1049	1.78889422082187	-0.215353325105986	1.33650700119757	-0.161131460525848	0.871989862072451	0.90550914786153
1050	0.334713287391491	-0.530109587478167	2.10015201911518	-0.252414864568474	0.800720411785564	NA
1051	0.334713287391491	-0.530109587478167	2.10015201911518	-0.252414864568474	0.800720411785564	NA
1052	5.67807968009693	-4.66794307471045	1.38058049500269	-3.38114517161954	0.000721843950218872	0.00495383103091383
1053	5.67807968009693	-4.66794307471045	1.38058049500269	-3.38114517161954	0.000721843950218872	0.00495383103091383
1054	3.15948959266816	-3.88954164390267	1.4230766885308	-2.73319187591941	0.0062723780312876	0.0247093288585789
1055	3.15948959266816	-3.88954164390267	1.4230766885308	-2.73319187591941	0.0062723780312876	0.0247093288585789
1056	3.77186202836396	-4.15033186150138	1.41003965507135	-2.94341499302824	0.0032461295718188	0.0156171182149358
1057	3.77186202836396	-4.15033186150138	1.41003965507135	-2.94341499302824	0.0032461295718188	0.0156171182149358
1058	1.09602769592701	-0.138916182369174	1.6813768286884	-0.0826204929192103	0.934153305990921	NA
1059	1.09602769592701	-0.138916182369174	1.6813768286884	-0.0826204929192103	0.934153305990921	NA
1060	0	NA	NA	NA	NA	NA
1061	0	NA	NA	NA	NA	NA
1062	0.993965623311044	0.070477634208762	1.74486433211095	0.0403914693605419	0.967781031164989	NA
1063	0.993965623311044	0.070477634208762	1.74486433211095	0.0403914693605419	0.967781031164989	NA
1064	0.947085723087285	-1.87527622269716	2.00012112589023	-0.937581328662036	0.348459610401336	NA
1065	0.947085723087285	-1.87527622269716	2.00012112589023	-0.937581328662036	0.348459610401336	NA
1066	0.232651214775525	-0.19316414502161	2.0980365678857	-0.0920690077467387	0.926643212073756	NA
1067	0.232651214775525	-0.19316414502161	2.0980365678857	-0.0920690077467387	0.926643212073756	NA
1068	0	NA	NA	NA	NA	NA
1069	0	NA	NA	NA	NA	NA
1070	0	NA	NA	NA	NA	NA
1071	0	NA	NA	NA	NA	NA
1072	0.329626167959777	0.605654192809648	2.0991405715485	0.288524837744843	0.772945020734111	NA
1073	0.329626167959777	0.605654192809648	2.0991405715485	0.288524837744843	0.772945020734111	NA
1074	0	NA	NA	NA	NA	NA
1075	0	NA	NA	NA	NA	NA
1076	0	NA	NA	NA	NA	NA
1077	0	NA	NA	NA	NA	NA
1078	0	NA	NA	NA	NA	NA
1079	0	NA	NA	NA	NA	NA
1080	0	NA	NA	NA	NA	NA
1081	0	NA	NA	NA	NA	NA
1082	0.766401527967233	-0.465278789480739	1.92404318179707	-0.241823465233334	0.808916955819756	NA
1083	0.766401527967233	-0.465278789480739	1.92404318179707	-0.241823465233334	0.808916955819756	NA
1084	0.102062072615966	0.0151395672302882	2.09688988419048	0.00722001061878979	0.99423931504784	NA
1085	0.102062072615966	0.0151395672302882	2.09688988419048	0.00722001061878979	0.99423931504784	NA
1086	0	NA	NA	NA	NA	NA
1087	0	NA	NA	NA	NA	NA
1088	0	NA	NA	NA	NA	NA
1089	0	NA	NA	NA	NA	NA
1090	0	NA	NA	NA	NA	NA
1091	0	NA	NA	NA	NA	NA
1092	0	NA	NA	NA	NA	NA
1093	0	NA	NA	NA	NA	NA
1094	0	NA	NA	NA	NA	NA
1095	0	NA	NA	NA	NA	NA
1096	4.56679062587478	-3.25139725709368	1.22601055479266	-2.6520140828996	0.00800132045230594	0.0294011775150349
1097	4.56679062587478	-3.25139725709368	1.22601055479266	-2.6520140828996	0.00800132045230594	0.0294011775150349
1098	2.82477630527667	-3.74129867067249	1.43889590580168	-2.60011767049127	0.00931917990706337	0.0322675643937891
1099	2.82477630527667	-3.74129867067249	1.43889590580168	-2.60011767049127	0.00931917990706337	0.0322675643937891
1100	1.76545427070999	-0.939535558226187	1.36344605837552	-0.689088910012032	0.49076731846974	0.589575830014281
1101	1.76545427070999	-0.939535558226187	1.36344605837552	-0.689088910012032	0.49076731846974	0.589575830014281
1102	10.2131280836914	-2.72339719673995	0.907826140331306	-2.99991052884428	0.00270058921489942	0.0134708725683819
1103	10.2131280836914	-2.72339719673995	0.907826140331306	-2.99991052884428	0.00270058921489942	0.0134708725683819
1104	3.29317020721274	-0.50135934753308	1.03256540888556	-0.485547301138235	0.627288168072639	0.70973278859519
1105	3.29317020721274	-0.50135934753308	1.03256540888556	-0.485547301138235	0.627288168072639	0.70973278859519
1106	0.664339455351268	-0.218000059103391	2.01088723535044	-0.108409887571543	0.913670558214857	NA
1107	0.664339455351268	-0.218000059103391	2.01088723535044	-0.108409887571543	0.913670558214857	NA
1108	0	NA	NA	NA	NA	NA
1109	0	NA	NA	NA	NA	NA
1110	0	NA	NA	NA	NA	NA
1111	0	NA	NA	NA	NA	NA
1112	1.31032608002237	-2.53605447061539	1.72610010556136	-1.46923950844127	0.141767837720336	NA
1113	1.31032608002237	-2.53605447061539	1.72610010556136	-1.46923950844127	0.141767837720336	NA
1114	4.1819822855228	-2.30116154250508	1.11719322114536	-2.0597704129872	0.0394204943328214	0.0951529173550861
1115	4.1819822855228	-2.30116154250508	1.11719322114536	-2.0597704129872	0.0394204943328214	0.0951529173550861
1116	0.329626167959777	0.605654192809648	2.0991405715485	0.288524837744843	0.772945020734111	NA
1117	0.329626167959777	0.605654192809648	2.0991405715485	0.288524837744843	0.772945020734111	NA
1118	0	NA	NA	NA	NA	NA
1119	0	NA	NA	NA	NA	NA
1120	0	NA	NA	NA	NA	NA
1121	0	NA	NA	NA	NA	NA
1122	0.102062072615966	0.0151395672302882	2.09688988419048	0.00722001061878979	0.99423931504784	NA
1123	0.102062072615966	0.0151395672302882	2.09688988419048	0.00722001061878979	0.99423931504784	NA
1124	0.102062072615966	0.0151395672302882	2.09688988419048	0.00722001061878979	0.99423931504784	NA
1125	0.102062072615966	0.0151395672302882	2.09688988419048	0.00722001061878979	0.99423931504784	NA
1126	0.562277382735302	0.0498330857396452	2.0951784918673	0.0237846493428024	0.981024384636588	NA
1127	0.562277382735302	0.0498330857396452	2.0951784918673	0.0237846493428024	0.981024384636588	NA
1128	0	NA	NA	NA	NA	NA
1129	0	NA	NA	NA	NA	NA
1130	0	NA	NA	NA	NA	NA
1131	0	NA	NA	NA	NA	NA
1132	0	NA	NA	NA	NA	NA
1133	0	NA	NA	NA	NA	NA
1134	0.789841478079113	0.591149938434629	1.93523818614374	0.305466243208329	0.760011076119735	NA
1135	0.789841478079113	0.591149938434629	1.93523818614374	0.305466243208329	0.760011076119735	NA
1136	5.01162089734727	0.708905391049709	1.05281430210554	0.673343237864418	0.500728951175511	0.599333597873225
1137	5.01162089734727	0.708905391049709	1.05281430210554	0.673343237864418	0.500728951175511	0.599333597873225
1138	5.01162089734727	0.708905391049709	1.05281430210554	0.673343237864418	0.500728951175511	0.599333597873225
1139	0.334713287391491	-0.530109587478167	2.10015201911518	-0.252414864568474	0.800720411785564	NA
1140	0.334713287391491	-0.530109587478167	2.10015201911518	-0.252414864568474	0.800720411785564	NA
1141	0.227564095343811	1.16277842171323	2.09495177282485	0.555038276678481	0.578868479644751	NA
1142	0.227564095343811	1.16277842171323	2.09495177282485	0.555038276678481	0.578868479644751	NA
1143	0	NA	NA	NA	NA	NA
1144	0	NA	NA	NA	NA	NA
1145	3.6197049027875	-2.89388546774983	1.25499830686175	-2.30588794576646	0.0211168943557128	0.0607472303383519
1146	3.6197049027875	-2.89388546774983	1.25499830686175	-2.30588794576646	0.0211168943557128	0.0607472303383519
1147	2.64409211015662	-2.42099963563987	1.31260058347114	-1.84442980303848	0.0651205272737867	0.134864997312576
1148	2.64409211015662	-2.42099963563987	1.31260058347114	-1.84442980303848	0.0651205272737867	0.134864997312576
1149	1.41238815263834	-2.67644172728055	1.67869848209266	-1.59435524355995	0.110856490840115	NA
1150	1.41238815263834	-2.67644172728055	1.67869848209266	-1.59435524355995	0.110856490840115	NA
1151	0	NA	NA	NA	NA	NA
1152	0	NA	NA	NA	NA	NA
1153	0	NA	NA	NA	NA	NA
1154	0	NA	NA	NA	NA	NA
1155	0	NA	NA	NA	NA	NA
1156	0	NA	NA	NA	NA	NA
1157	0	NA	NA	NA	NA	NA
1158	0.232651214775525	-0.19316414502161	2.0980365678857	-0.0920690077467387	0.926643212073756	NA
1159	0.232651214775525	-0.19316414502161	2.0980365678857	-0.0920690077467387	0.926643212073756	NA
1160	0.46530242955105	-0.73806087475055	2.10187461749905	-0.351144101844069	0.725480243379624	NA
1161	0.46530242955105	-0.73806087475055	2.10187461749905	-0.351144101844069	0.725480243379624	NA
1162	1.01740557342292	1.06885729488453	1.78486901127594	0.598843549936723	0.549277218004424	NA
1163	1.01740557342292	1.06885729488453	1.78486901127594	0.598843549936723	0.549277218004424	NA
1164	0	NA	NA	NA	NA	NA
1165	0	NA	NA	NA	NA	NA
1166	0.227564095343811	1.16277842171323	2.09495177282485	0.555038276678481	0.578868479644751	NA
1167	0.227564095343811	1.16277842171323	2.09495177282485	0.555038276678481	0.578868479644751	NA
1168	2.2402559480568	1.31695116098444	1.18830985992508	1.10825568767684	0.267751406896967	0.374602234832532
1169	2.2402559480568	1.31695116098444	1.18830985992508	1.10825568767684	0.267751406896967	0.374602234832532
1170	3.60576420047138	-1.20540509255684	1.02033113460169	-1.18138617129173	0.237449349036279	0.344401634159867
1171	3.60576420047138	-1.20540509255684	1.02033113460169	-1.18138617129173	0.237449349036279	0.344401634159867
1172	0.659252335919554	0.693501941428492	2.12273943425933	0.326701398313859	0.743893742536631	NA
1173	0.659252335919554	0.693501941428492	2.12273943425933	0.326701398313859	0.743893742536631	NA
1174	1.32359179127082	0.314761402634321	1.54258047896302	0.204048610057555	0.838315512588351	NA
1175	1.32359179127082	0.314761402634321	1.54258047896302	0.204048610057555	0.838315512588351	NA
1176	1.09602769592701	-0.138916182369174	1.6813768286884	-0.0826204929192103	0.934153305990921	NA
1177	1.09602769592701	-0.138916182369174	1.6813768286884	-0.0826204929192103	0.934153305990921	NA
1178	0	NA	NA	NA	NA	NA
1179	0	NA	NA	NA	NA	NA
1180	0	NA	NA	NA	NA	NA
1181	0	NA	NA	NA	NA	NA
1182	0	NA	NA	NA	NA	NA
1183	0	NA	NA	NA	NA	NA
1184	0	NA	NA	NA	NA	NA
1185	0	NA	NA	NA	NA	NA
1186	0	NA	NA	NA	NA	NA
1187	0	NA	NA	NA	NA	NA
1188	0	NA	NA	NA	NA	NA
1189	0	NA	NA	NA	NA	NA
1190	1.69004730094264	-2.95389897231023	1.65056798837601	-1.78962574890149	0.0735140962412213	0.146678956870845
1191	1.69004730094264	-2.95389897231023	1.65056798837601	-1.78962574890149	0.0735140962412213	0.146678956870845
1192	0.204124145231932	-0.289902072294537	2.0984847144607	-0.138148288761322	0.890123222704436	NA
1193	0.204124145231932	-0.289902072294537	2.0984847144607	-0.138148288761322	0.890123222704436	NA
1194	0.510310363079829	-0.845839523675296	2.10260392580263	-0.402281910204469	0.687476566271192	NA
1195	0.510310363079829	-0.845839523675296	2.10260392580263	-0.402281910204469	0.687476566271192	NA
1196	0.227564095343811	1.16277842171323	2.09495177282485	0.555038276678481	0.578868479644751	NA
1197	0.227564095343811	1.16277842171323	2.09495177282485	0.555038276678481	0.578868479644751	NA
1198	0.204124145231932	-0.289902072294537	2.0984847144607	-0.138148288761322	0.890123222704436	NA
1199	0.204124145231932	-0.289902072294537	2.0984847144607	-0.138148288761322	0.890123222704436	NA
1200	0.988878503879331	0.844018285054542	1.97308379919926	0.427766061125772	0.668821448486019	NA
1201	0.988878503879331	0.844018285054542	1.97308379919926	0.427766061125772	0.668821448486019	NA
1202	0.329626167959777	0.605654192809648	2.0991405715485	0.288524837744843	0.772945020734111	NA
1203	0.329626167959777	0.605654192809648	2.0991405715485	0.288524837744843	0.772945020734111	NA
1204	2.44570074926775	1.19206553968461	1.22104780038561	0.976264433962497	0.328933439988696	0.436273292557521
1205	2.44570074926775	1.19206553968461	1.22104780038561	0.976264433962497	0.328933439988696	0.436273292557521
1206	21.8525243070211	7.40909069073382	1.45001502664453	5.10966476525362	3.2273093687614e-07	3.66343225643186e-05
1207	21.8525243070211	7.40909069073382	1.45001502664453	5.10966476525362	3.2273093687614e-07	3.66343225643186e-05
1208	0	NA	NA	NA	NA	NA
1209	0	NA	NA	NA	NA	NA
1210	1.31982532781813	1.72420353393766	1.61599609530037	1.06696021045594	0.285989803889908	NA
1211	1.31982532781813	1.72420353393766	1.61599609530037	1.06696021045594	0.285989803889908	NA
1212	1.61142517843855	-1.72334848934885	1.49109082499759	-1.15576359297337	0.24777786848392	0.355176466768759
1213	1.61142517843855	-1.72334848934885	1.49109082499759	-1.15576359297337	0.24777786848392	0.355176466768759
1214	0.227564095343811	1.16277842171323	2.09495177282485	0.555038276678481	0.578868479644751	NA
1215	0.227564095343811	1.16277842171323	2.09495177282485	0.555038276678481	0.578868479644751	NA
1216	0	NA	NA	NA	NA	NA
1217	0	NA	NA	NA	NA	NA
1218	14.2480608301287	6.78647113142018	1.51478271097492	4.4801614662293	7.45865932702459e-06	0.000176985136573465
1219	14.2480608301287	6.78647113142018	1.51478271097492	4.4801614662293	7.45865932702459e-06	0.000176985136573465
1220	0.455128190687622	1.46332915655147	2.09860405196263	0.697286920409284	0.485623251838368	NA
1221	0.455128190687622	1.46332915655147	2.09860405196263	0.697286920409284	0.485623251838368	NA
1222	18.4833014651296	7.21102192947596	1.45306330963903	4.9626343750069	6.954342082626e-07	4.45127788877028e-05
1223	18.4833014651296	7.21102192947596	1.45306330963903	4.9626343750069	6.954342082626e-07	4.45127788877028e-05
1224	0	NA	NA	NA	NA	NA
1225	0	NA	NA	NA	NA	NA
1226	0	NA	NA	NA	NA	NA
1227	0	NA	NA	NA	NA	NA
1228	0	NA	NA	NA	NA	NA
1229	0	NA	NA	NA	NA	NA
1230	0	NA	NA	NA	NA	NA
1231	0	NA	NA	NA	NA	NA
1232	0	NA	NA	NA	NA	NA
1233	0	NA	NA	NA	NA	NA
1234	8.17295313055409	2.27892291955203	0.811516128909123	2.80822874415997	0.00498148291817467	0.0208596493084084
1235	8.17295313055409	2.27892291955203	0.811516128909123	2.80822874415997	0.00498148291817467	0.0208596493084084
1236	0.232651214775525	-0.19316414502161	2.0980365678857	-0.0920690077467387	0.926643212073756	NA
1237	0.232651214775525	-0.19316414502161	2.0980365678857	-0.0920690077467387	0.926643212073756	NA
1238	7.06313773881899	-1.08165294460629	0.789405666707548	-1.37021178112091	0.17062080176825	0.274562209742012
1239	7.06313773881899	-1.08165294460629	0.789405666707548	-1.37021178112091	0.17062080176825	0.274562209742012
1240	4.5097364867876	-3.25264169912252	1.24735914722642	-2.60762243685387	0.00911734578216738	0.0319373246748148
1241	4.5097364867876	-3.25264169912252	1.24735914722642	-2.60762243685387	0.00911734578216738	0.0319373246748148
1242	0.664339455351268	-0.218000059103391	2.01088723535044	-0.108409887571543	0.913670558214857	NA
1243	0.664339455351268	-0.218000059103391	2.01088723535044	-0.108409887571543	0.913670558214857	NA
1244	2.20532110310247	1.1918299314207	1.58362242903851	0.752597279229193	0.451691953098839	0.55682600616822
1245	2.20532110310247	1.1918299314207	1.58362242903851	0.752597279229193	0.451691953098839	0.55682600616822
1246	1.88586917400612	0.234364816581536	1.28740275739924	0.182044675012962	0.855547666039312	0.891416570916673
1247	1.88586917400612	0.234364816581536	1.28740275739924	0.182044675012962	0.855547666039312	0.891416570916673
1248	1.32867891070254	-0.443943755878198	1.52786060272776	-0.290565615138977	0.771383561047814	NA
1249	1.32867891070254	-0.443943755878198	1.52786060272776	-0.290565615138977	0.771383561047814	NA
1250	10.6582057158673	-5.48903916891248	1.36923533745244	-4.00883545638345	6.10189133752146e-05	0.000740692012069079
1251	10.6582057158673	-5.48903916891248	1.36923533745244	-4.00883545638345	6.10189133752146e-05	0.000740692012069079
1252	2.20731675014916	-2.14540387841751	1.35876863584321	-1.57893244061093	0.114351554082914	0.201978770122752
1253	2.20731675014916	-2.14540387841751	1.35876863584321	-1.57893244061093	0.114351554082914	0.201978770122752
1254	0	NA	NA	NA	NA	NA
1255	0	NA	NA	NA	NA	NA
1256	0.102062072615966	0.0151395672302882	2.09688988419048	0.00722001061878979	0.99423931504784	NA
1257	0.102062072615966	0.0151395672302882	2.09688988419048	0.00722001061878979	0.99423931504784	NA
1258	0.102062072615966	0.0151395672302882	2.09688988419048	0.00722001061878979	0.99423931504784	NA
1259	0.102062072615966	0.0151395672302882	2.09688988419048	0.00722001061878979	0.99423931504784	NA
1260	0.436775360007456	-0.717854028375714	2.10172648415553	-0.341554447635058	0.732686223085295	NA
1261	0.436775360007456	-0.717854028375714	2.10172648415553	-0.341554447635058	0.732686223085295	NA
1262	13.8061192313176	0.574624738794233	0.61437452692805	0.935300396758682	0.34963351090153	0.456468991540698
1263	13.8061192313176	0.574624738794233	0.61437452692805	0.935300396758682	0.34963351090153	0.456468991540698
1264	0.999052742742758	-0.87403617560947	1.74218541880253	-0.501689525222998	0.615885933861144	NA
1265	0.999052742742758	-0.87403617560947	1.74218541880253	-0.501689525222998	0.615885933861144	NA
1266	0.742961577855354	-1.40391491330835	2.10237748146545	-0.667774900409302	0.504277290617022	NA
1267	0.742961577855354	-1.40391491330835	2.10237748146545	-0.667774900409302	0.504277290617022	NA
1268	10.2112561169964	-3.63295184839875	1.04844809421844	-3.46507554206286	0.000530082559210537	0.00400422077101485
1269	10.2112561169964	-3.63295184839875	1.04844809421844	-3.46507554206286	0.000530082559210537	0.00400422077101485
1270	0.204124145231932	-0.289902072294537	2.0984847144607	-0.138148288761322	0.890123222704436	NA
1271	0.204124145231932	-0.289902072294537	2.0984847144607	-0.138148288761322	0.890123222704436	NA
1272	0	NA	NA	NA	NA	NA
1273	0	NA	NA	NA	NA	NA
1274	0	NA	NA	NA	NA	NA
1275	0	NA	NA	NA	NA	NA
1276	0	NA	NA	NA	NA	NA
1277	0	NA	NA	NA	NA	NA
1278	0	NA	NA	NA	NA	NA
1279	0	NA	NA	NA	NA	NA
1280	0	NA	NA	NA	NA	NA
1281	0	NA	NA	NA	NA	NA
1282	0	NA	NA	NA	NA	NA
1283	0	NA	NA	NA	NA	NA
1284	0.431688240575743	0.300911269897379	2.10125340962322	0.143205606957866	0.886127801753767	NA
1285	0.431688240575743	0.300911269897379	2.10125340962322	0.143205606957866	0.886127801753767	NA
1286	0.436775360007456	-0.717854028375714	2.10172648415553	-0.341554447635058	0.732686223085295	NA
1287	0.436775360007456	-0.717854028375714	2.10172648415553	-0.341554447635058	0.732686223085295	NA
1288	0.431688240575743	0.300911269897379	2.10125340962322	0.143205606957866	0.886127801753767	NA
1289	0.431688240575743	0.300911269897379	2.10125340962322	0.143205606957866	0.886127801753767	NA
1290	9.57544373118873	-4.2707961672464	1.185124838864	-3.60366775481659	0.000313758081413735	0.0027077296059177
1291	9.57544373118873	-4.2707961672464	1.185124838864	-3.60366775481659	0.000313758081413735	0.0027077296059177
1292	61.0463004510982	0.875251922871713	0.758606564375202	1.15376265375792	0.248597489226715	0.35574324500871
1293	61.0463004510982	0.875251922871713	0.758606564375202	1.15376265375792	0.248597489226715	0.35574324500871
1294	3.52205495853558	-0.231127574100237	0.936982739804539	-0.246672178986404	0.805161939275508	0.85218674960672
1295	3.52205495853558	-0.231127574100237	0.936982739804539	-0.246672178986404	0.805161939275508	0.85218674960672
1296	0.102062072615966	0.0151395672302882	2.09688988419048	0.00722001061878979	0.99423931504784	NA
1297	0.102062072615966	0.0151395672302882	2.09688988419048	0.00722001061878979	0.99423931504784	NA
1298	1.43582810275021	-1.47721095800229	1.52247730292126	-0.970267967323967	0.331912939752242	NA
1299	1.43582810275021	-1.47721095800229	1.52247730292126	-0.970267967323967	0.331912939752242	NA
1300	2.62065216004474	-3.62278828169355	1.45290416464525	-2.4934805542237	0.0126497513030487	0.0406184674868537
1301	2.62065216004474	-3.62278828169355	1.45290416464525	-2.4934805542237	0.0126497513030487	0.0406184674868537
1302	6.95010275592021	2.42107228804792	0.904078983966951	2.67794333347365	0.00740757494065448	0.0278530123104287
1303	6.95010275592021	2.42107228804792	0.904078983966951	2.67794333347365	0.00740757494065448	0.0278530123104287
1304	1.54297729479789	-2.79400755251868	1.6395409094695	-1.70414018728128	0.0883549003098271	0.167914290181572
1305	1.54297729479789	-2.79400755251868	1.6395409094695	-1.70414018728128	0.0883549003098271	0.167914290181572
1306	5.26030281568099	-0.538744954387932	0.833538033901206	-0.646335179051693	0.51806230986103	0.614319587542316
1307	5.26030281568099	-0.538744954387932	0.833538033901206	-0.646335179051693	0.51806230986103	0.614319587542316
1308	4.02286607381965	-2.28158208932363	1.11864260900363	-2.03959876993764	0.0413903046750194	0.0980480990609596
1309	4.02286607381965	-2.28158208932363	1.11864260900363	-2.03959876993764	0.0413903046750194	0.0980480990609596
1310	1.86751634332596	-1.04806954311701	1.33465780453083	-0.78527210462418	0.432294047531197	0.538444543188324
1311	1.86751634332596	-1.04806954311701	1.33465780453083	-0.78527210462418	0.432294047531197	0.538444543188324
1312	1.73824785714542	-1.16944751169667	1.52268383340481	-0.768017290287849	0.442476912758722	0.54771677971902
1313	1.73824785714542	-1.16944751169667	1.52268383340481	-0.768017290287849	0.442476912758722	0.54771677971902
1314	3.30466510205519	-1.59103288534514	1.14674090633591	-1.38743885088118	0.165307985133756	0.26683072158408
1315	3.30466510205519	-1.59103288534514	1.14674090633591	-1.38743885088118	0.165307985133756	0.26683072158408
1316	0	NA	NA	NA	NA	NA
1317	0	NA	NA	NA	NA	NA
1318	1.10620193479044	-2.19338494381761	1.8563452695987	-1.18156087649135	0.237379984981971	NA
1319	1.10620193479044	-2.19338494381761	1.8563452695987	-1.18156087649135	0.237379984981971	NA
1320	0.329626167959777	0.605654192809648	2.0991405715485	0.288524837744843	0.772945020734111	NA
1321	0.329626167959777	0.605654192809648	2.0991405715485	0.288524837744843	0.772945020734111	NA
1322	0	NA	NA	NA	NA	NA
1323	0	NA	NA	NA	NA	NA
1324	0.436775360007456	-0.717854028375714	2.10172648415553	-0.341554447635058	0.732686223085295	NA
1325	0.436775360007456	-0.717854028375714	2.10172648415553	-0.341554447635058	0.732686223085295	NA
1326	2.10016755810148	-1.21559973985455	1.28940194625814	-0.942762451524315	0.345802421585964	0.452277720387934
1327	2.10016755810148	-1.21559973985455	1.28940194625814	-0.942762451524315	0.345802421585964	0.452277720387934
1328	3.78191258687567	-0.373161405944345	0.997558625279361	-0.374074662368683	0.708348768993948	0.780652015159953
1329	3.78191258687567	-0.373161405944345	0.997558625279361	-0.374074662368683	0.708348768993948	0.780652015159953
1330	10.5560199628996	-1.79647656015628	0.8758557998414	-2.05110996636842	0.0402562389725133	0.0967255169820114
1331	10.5560199628996	-1.79647656015628	0.8758557998414	-2.05110996636842	0.0402562389725133	0.0967255169820114
1332	0	NA	NA	NA	NA	NA
1333	0	NA	NA	NA	NA	NA
1334	0.102062072615966	0.0151395672302882	2.09688988419048	0.00722001061878979	0.99423931504784	NA
1335	0.102062072615966	0.0151395672302882	2.09688988419048	0.00722001061878979	0.99423931504784	NA
1336	0.988878503879331	0.844018285054542	1.97308379919926	0.427766061125772	0.668821448486019	NA
1337	0.988878503879331	0.844018285054542	1.97308379919926	0.427766061125772	0.668821448486019	NA
1338	1.68174502877419	0.556249791669837	1.38091887729374	0.402811345993001	0.687087013775545	0.761014097536205
1339	1.68174502877419	0.556249791669837	1.38091887729374	0.402811345993001	0.687087013775545	0.761014097536205
1340	4.24277356190636	1.9607247541582	0.915047436248342	2.14275749702889	0.0321325758304618	0.081201455167232
1341	4.24277356190636	1.9607247541582	0.915047436248342	2.14275749702889	0.0321325758304618	0.081201455167232
1342	2.25352165930525	4.54469407485445	1.58214723657175	2.87248491783992	0.00407257518080296	0.0182939205982593
1343	2.25352165930525	4.54469407485445	1.58214723657175	2.87248491783992	0.00407257518080296	0.0182939205982593
1344	0.227564095343811	1.16277842171323	2.09495177282485	0.555038276678481	0.578868479644751	NA
1345	0.227564095343811	1.16277842171323	2.09495177282485	0.555038276678481	0.578868479644751	NA
1346	0	NA	NA	NA	NA	NA
1347	0	NA	NA	NA	NA	NA
1348	0.227564095343811	1.16277842171323	2.09495177282485	0.555038276678481	0.578868479644751	NA
1349	0.227564095343811	1.16277842171323	2.09495177282485	0.555038276678481	0.578868479644751	NA
1350	0.329626167959777	0.605654192809648	2.0991405715485	0.288524837744843	0.772945020734111	NA
1351	0.329626167959777	0.605654192809648	2.0991405715485	0.288524837744843	0.772945020734111	NA
1352	0.886816431263365	1.1594675477146	2.03060525861534	0.570996033224714	0.568002331771835	NA
1353	0.886816431263365	1.1594675477146	2.03060525861534	0.570996033224714	0.568002331771835	NA
1354	0	NA	NA	NA	NA	NA
1355	0	NA	NA	NA	NA	NA
1356	0.227564095343811	1.16277842171323	2.09495177282485	0.555038276678481	0.578868479644751	NA
1357	0.227564095343811	1.16277842171323	2.09495177282485	0.555038276678481	0.578868479644751	NA
1358	1.7369272011664	-0.971292503854785	1.39310981784122	-0.697211728333029	0.485670300207054	0.58632229401254
1359	1.7369272011664	-0.971292503854785	1.39310981784122	-0.697211728333029	0.485670300207054	0.58632229401254
1360	2.20355028669647	-1.64105060014733	1.42078065979262	-1.15503444450522	0.248076321517738	0.355361715680252
1361	2.20355028669647	-1.64105060014733	1.42078065979262	-1.15503444450522	0.248076321517738	0.355361715680252
1362	0.73787445842364	-0.348363753239826	2.11544556366123	-0.164676302346872	0.86919877029028	NA
1363	0.73787445842364	-0.348363753239826	2.11544556366123	-0.164676302346872	0.86919877029028	NA
1364	95.8562095453092	3.0519992985674	0.794154220756767	3.84308137991016	0.000121499158284744	0.00126624432951842
1365	95.8562095453092	3.0519992985674	0.794154220756767	3.84308137991016	0.000121499158284744	0.00126624432951842
1366	2.55851090152584	-2.4394486658458	1.36051520022652	-1.79303301090619	0.0729676458332155	0.145865831746552
1367	2.55851090152584	-2.4394486658458	1.36051520022652	-1.79303301090619	0.0729676458332155	0.145865831746552
1368	5.03209305542583	-3.37071041913154	1.2189043207943	-2.76536095707251	0.00568598394765212	0.0231630771873316
1369	5.03209305542583	-3.37071041913154	1.2189043207943	-2.76536095707251	0.00568598394765212	0.0231630771873316
1370	4.29354360593452	-0.669673368789987	0.890658836032527	-0.75188539280997	0.452119983189975	0.557026673334672
1371	4.29354360593452	-0.669673368789987	0.890658836032527	-0.75188539280997	0.452119983189975	0.557026673334672
1372	7.1480439563821	0.1800352003246	0.784436492953277	0.229508955717749	0.818473360729349	0.861995988164626
1373	7.1480439563821	0.1800352003246	0.784436492953277	0.229508955717749	0.818473360729349	0.861995988164626
1374	4.79944184065031	-3.31272085960407	1.22128899969626	-2.71247907778419	0.00667819970398108	0.025922274799895
1375	4.79944184065031	-3.31272085960407	1.22128899969626	-2.71247907778419	0.00667819970398108	0.025922274799895
1376	1.88210271055343	1.15556848555144	1.25644762236653	0.919710829946832	0.357723891676365	0.464432873273796
1377	1.88210271055343	1.15556848555144	1.25644762236653	0.919710829946832	0.357723891676365	0.464432873273796
1378	0.891903550695079	0.313143053340604	1.82650082124636	0.171444244479958	0.863874467683476	NA
1379	0.891903550695079	0.313143053340604	1.82650082124636	0.171444244479958	0.863874467683476	NA
1380	152.696490622417	2.74624550364586	1.72038694085265	1.5962952510467	0.110422889873886	0.197183731917654
1381	152.696490622417	2.74624550364586	1.72038694085265	1.5962952510467	0.110422889873886	0.197183731917654
1382	152.696490622417	2.74624550364586	1.72038694085265	1.5962952510467	0.110422889873886	0.197183731917654
1383	148.242510148801	2.51178329491193	1.98982488989781	1.26231373809026	0.206835915193831	0.311589255313519
1384	148.242510148801	2.51178329491193	1.98982488989781	1.26231373809026	0.206835915193831	0.311589255313519
1385	148.242510148801	2.51178329491193	1.98982488989781	1.26231373809026	0.206835915193831	0.311589255313519
1386	15.8156257565958	1.52672396420614	1.54591375590051	0.987586764383768	0.323355071020652	0.431688270275505
1387	15.8156257565958	1.52672396420614	1.54591375590051	0.987586764383768	0.323355071020652	0.431688270275505
1388	15.8156257565958	1.52672396420614	1.54591375590051	0.987586764383768	0.323355071020652	0.431688270275505
1389	54.3324788751806	2.1780758454168	1.80588803073048	1.20609683898053	0.227780153539793	0.335440618817368
1390	54.3324788751806	2.1780758454168	1.80588803073048	1.20609683898053	0.227780153539793	0.335440618817368
1391	54.3324788751806	2.1780758454168	1.80588803073048	1.20609683898053	0.227780153539793	0.335440618817368
1392	73.1470111463479	1.98335615777433	1.82856497546872	1.08465172656275	0.278075935861577	0.38683906461205
1393	73.1470111463479	1.98335615777433	1.82856497546872	1.08465172656275	0.278075935861577	0.38683906461205
1394	73.1470111463479	1.98335615777433	1.82856497546872	1.08465172656275	0.278075935861577	0.38683906461205
1395	15.8766711897764	0.581903256005495	1.33604858910655	0.435540489133428	0.663170156379459	0.741959152049475
1396	15.8766711897764	0.581903256005495	1.33604858910655	0.435540489133428	0.663170156379459	0.741959152049475
1397	15.8766711897764	0.581903256005495	1.33604858910655	0.435540489133428	0.663170156379459	0.741959152049475
1398	16.5525280700328	0.028514577027675	1.31600392391784	0.0216675471170215	0.982713151341213	0.987178960926356
1399	16.5525280700328	0.028514577027675	1.31600392391784	0.0216675471170215	0.982713151341213	0.987178960926356
1400	16.5525280700328	0.028514577027675	1.31600392391784	0.0216675471170215	0.982713151341213	0.987178960926356
1401	6.05832288557685	0.572767053179815	0.780922130750603	0.733449636814986	0.463284234402132	0.566296212016576
1402	6.05832288557685	0.572767053179815	0.780922130750603	0.733449636814986	0.463284234402132	0.566296212016576
1403	2.40635377594938	-1.47098127898212	1.23359872043173	-1.1924309377261	0.233092315446621	0.339871370793662
1404	2.40635377594938	-1.47098127898212	1.23359872043173	-1.1924309377261	0.233092315446621	0.339871370793662
1405	1.32867891070254	-0.443943755878198	1.52786060272776	-0.290565615138977	0.771383561047814	NA
1406	1.32867891070254	-0.443943755878198	1.52786060272776	-0.290565615138977	0.771383561047814	NA
1407	1.8206364431022	-3.10393795454476	1.57194026842884	-1.9745902671271	0.0483146644669958	0.109746668881224
1408	1.8206364431022	-3.10393795454476	1.57194026842884	-1.9745902671271	0.0483146644669958	0.109746668881224
1409	1.45926805286209	-0.563997922762868	1.50923510714158	-0.3736978553534	0.708629121100224	NA
1410	1.45926805286209	-0.563997922762868	1.50923510714158	-0.3736978553534	0.708629121100224	NA
1411	0.334713287391491	-0.530109587478167	2.10015201911518	-0.252414864568474	0.800720411785564	NA
1412	0.334713287391491	-0.530109587478167	2.10015201911518	-0.252414864568474	0.800720411785564	NA
1413	4.89265033038186	-2.34326026384727	1.078990593097	-2.17171519273535	0.0298771518623396	0.0765757843132429
1414	4.89265033038186	-2.34326026384727	1.078990593097	-2.17171519273535	0.0298771518623396	0.0765757843132429
1415	0.431688240575743	0.300911269897379	2.10125340962322	0.143205606957866	0.886127801753767	NA
1416	0.431688240575743	0.300911269897379	2.10125340962322	0.143205606957866	0.886127801753767	NA
1417	0.660572991898574	1.16277842171323	2.09495177282485	0.555038276678481	0.578868479644751	NA
1418	0.660572991898574	1.16277842171323	2.09495177282485	0.555038276678481	0.578868479644751	NA
1419	1.67157078991076	1.75412723835021	1.66370569693077	1.05434948115298	0.291722942367791	0.398710171801081
1420	1.67157078991076	1.75412723835021	1.66370569693077	1.05434948115298	0.291722942367791	0.398710171801081
1421	0	NA	NA	NA	NA	NA
1422	0	NA	NA	NA	NA	NA
1423	0.204124145231932	-0.289902072294537	2.0984847144607	-0.138148288761322	0.890123222704436	NA
1424	0.204124145231932	-0.289902072294537	2.0984847144607	-0.138148288761322	0.890123222704436	NA
1425	0.306186217847897	-0.511379433977429	2.09997323508663	-0.243517119853355	0.807604824481893	NA
1426	0.306186217847897	-0.511379433977429	2.09997323508663	-0.243517119853355	0.807604824481893	NA
1427	9.98563581248023	-0.983506825519744	0.850549121683616	-1.15631984143719	0.247550355457091	0.355176466768759
1428	9.98563581248023	-0.983506825519744	0.850549121683616	-1.15631984143719	0.247550355457091	0.355176466768759
1429	6.55083172869247	0.31288421313682	0.80738593346797	0.387527451454209	0.698365766170805	0.771337773933124
1430	6.55083172869247	0.31288421313682	0.80738593346797	0.387527451454209	0.698365766170805	0.771337773933124
1431	7.31237096786867	-2.14429566570397	1.02321276384117	-2.09564984085443	0.0361132644448296	0.0891161637298969
1432	7.31237096786867	-2.14429566570397	1.02321276384117	-2.09564984085443	0.0361132644448296	0.0891161637298969
1433	0.102062072615966	0.0151395672302882	2.09688988419048	0.00722001061878979	0.99423931504784	NA
1434	0.102062072615966	0.0151395672302882	2.09688988419048	0.00722001061878979	0.99423931504784	NA
1435	0.845023650471319	-1.65636001094906	2.05467880706273	-0.806140602246689	0.420161782670255	NA
1436	0.845023650471319	-1.65636001094906	2.05467880706273	-0.806140602246689	0.420161782670255	NA
1437	2.2154953419659	0.371228365376181	1.21207153758228	0.306275953081674	0.759394546688496	0.823085702217209
1438	2.2154953419659	0.371228365376181	1.21207153758228	0.306275953081674	0.759394546688496	0.823085702217209
1439	7.15634622855054	-0.693847669303103	0.747727836883099	-0.927941471585978	0.353437930535937	0.459436492804375
1440	7.15634622855054	-0.693847669303103	0.747727836883099	-0.927941471585978	0.353437930535937	0.459436492804375
1441	0.102062072615966	0.0151395672302882	2.09688988419048	0.00722001061878979	0.99423931504784	NA
1442	0.102062072615966	0.0151395672302882	2.09688988419048	0.00722001061878979	0.99423931504784	NA
1443	0	NA	NA	NA	NA	NA
1444	0	NA	NA	NA	NA	NA
1445	0	NA	NA	NA	NA	NA
1446	0	NA	NA	NA	NA	NA
1447	0.227564095343811	1.16277842171323	2.09495177282485	0.555038276678481	0.578868479644751	NA
1448	0.227564095343811	1.16277842171323	2.09495177282485	0.555038276678481	0.578868479644751	NA
1449	0.873550720014913	-1.7477027830362	2.0124501450409	-0.86844525681439	0.3851506285872	NA
1450	0.873550720014913	-1.7477027830362	2.0124501450409	-0.86844525681439	0.3851506285872	NA
1451	3.94933107074727	-2.22488040692642	1.12022408453607	-1.98610299282026	0.0470218890398151	0.108037163001763
1452	3.94933107074727	-2.22488040692642	1.12022408453607	-1.98610299282026	0.0470218890398151	0.108037163001763
1453	0.408248290463863	-0.698123216799561	2.10157813569984	-0.332189988533108	0.739745802941649	NA
1454	0.408248290463863	-0.698123216799561	2.10157813569984	-0.332189988533108	0.739745802941649	NA
1455	2.82477630527667	-3.74129867067249	1.43889590580168	-2.60011767049127	0.00931917990706337	0.0322675643937891
1456	2.82477630527667	-3.74129867067249	1.43889590580168	-2.60011767049127	0.00931917990706337	0.0322675643937891
1457	3.05742752005219	-3.83789486707707	1.42835115891062	-2.68694070301603	0.00721097527744069	0.0273587137897479
1458	3.05742752005219	-3.83789486707707	1.42835115891062	-2.68694070301603	0.00721097527744069	0.0273587137897479
1459	0.975612792630879	-1.97724141485751	1.93871554125265	-1.01987185473325	0.307789239391845	NA
1460	0.975612792630879	-1.97724141485751	1.93871554125265	-1.01987185473325	0.307789239391845	NA
1461	1.43582810275021	-1.47721095800229	1.52247730292126	-0.970267967323967	0.331912939752242	NA
1462	1.43582810275021	-1.47721095800229	1.52247730292126	-0.970267967323967	0.331912939752242	NA
1463	1.75660068782558	0.565410472641974	1.30731191804663	0.432498522224754	0.665379126027913	0.743638193006183
1464	1.75660068782558	0.565410472641974	1.30731191804663	0.432498522224754	0.665379126027913	0.743638193006183
1465	3.65453859745285	-1.59468431546113	1.11314604135698	-1.43259218127132	0.1519744174846	0.249430462460071
1466	3.65453859745285	-1.59468431546113	1.11314604135698	-1.43259218127132	0.1519744174846	0.249430462460071
1467	3.529036574725	-2.11993017696605	1.20338296970947	-1.76164216240974	0.0781297755694246	0.154421203478392
1468	3.529036574725	-2.11993017696605	1.20338296970947	-1.76164216240974	0.0781297755694246	0.154421203478392
1469	1.07767486524684	-2.17633120654209	1.87040749752695	-1.16355992446546	0.244602400160686	NA
1470	1.07767486524684	-2.17633120654209	1.87040749752695	-1.16355992446546	0.244602400160686	NA
1471	0.612372435695795	-0.96816060383245	2.10332035254234	-0.460301067624915	0.645300134972215	NA
1472	0.612372435695795	-0.96816060383245	2.10332035254234	-0.460301067624915	0.645300134972215	NA
1473	1.2082640074064	-2.3763871694912	1.7851471055833	-1.3311996317047	0.183123332572317	NA
1474	1.2082640074064	-2.3763871694912	1.7851471055833	-1.3311996317047	0.183123332572317	NA
1475	0	NA	NA	NA	NA	NA
1476	0	NA	NA	NA	NA	NA
1477	0.334713287391491	-0.530109587478167	2.10015201911518	-0.252414864568474	0.800720411785564	NA
1478	0.334713287391491	-0.530109587478167	2.10015201911518	-0.252414864568474	0.800720411785564	NA
1479	0	NA	NA	NA	NA	NA
1480	0	NA	NA	NA	NA	NA
1481	0.102062072615966	0.0151395672302882	2.09688988419048	0.00722001061878979	0.99423931504784	NA
1482	0.102062072615966	0.0151395672302882	2.09688988419048	0.00722001061878979	0.99423931504784	NA
1483	0.227564095343811	1.16277842171323	2.09495177282485	0.555038276678481	0.578868479644751	NA
1484	0.227564095343811	1.16277842171323	2.09495177282485	0.555038276678481	0.578868479644751	NA
1485	0	NA	NA	NA	NA	NA
1486	0	NA	NA	NA	NA	NA
1487	0	NA	NA	NA	NA	NA
1488	0	NA	NA	NA	NA	NA
1489	0	NA	NA	NA	NA	NA
1490	0	NA	NA	NA	NA	NA
1491	0	NA	NA	NA	NA	NA
1492	0	NA	NA	NA	NA	NA
1493	0	NA	NA	NA	NA	NA
1494	0	NA	NA	NA	NA	NA
1495	0	NA	NA	NA	NA	NA
1496	0	NA	NA	NA	NA	NA
1497	0	NA	NA	NA	NA	NA
1498	0	NA	NA	NA	NA	NA
1499	0	NA	NA	NA	NA	NA
1500	0	NA	NA	NA	NA	NA
1501	0.334713287391491	-0.530109587478167	2.10015201911518	-0.252414864568474	0.800720411785564	NA
1502	0.334713287391491	-0.530109587478167	2.10015201911518	-0.252414864568474	0.800720411785564	NA
1503	0.455128190687622	1.46332915655147	2.09860405196263	0.697286920409284	0.485623251838368	NA
1504	0.455128190687622	1.46332915655147	2.09860405196263	0.697286920409284	0.485623251838368	NA
1505	10.9015531540659	-1.18296547698277	0.701088080811029	-1.68732789696596	0.0915403196767306	0.172253289714278
1506	10.9015531540659	-1.18296547698277	0.701088080811029	-1.68732789696596	0.0915403196767306	0.172253289714278
1507	6.72498446805008	1.5144009246229	1.1930636444179	1.26933791982387	0.204320567353725	0.310360355474012
1508	6.72498446805008	1.5144009246229	1.1930636444179	1.26933791982387	0.204320567353725	0.310360355474012
1509	0.873550720014913	-1.7477027830362	2.0124501450409	-0.86844525681439	0.3851506285872	NA
1510	0.873550720014913	-1.7477027830362	2.0124501450409	-0.86844525681439	0.3851506285872	NA
1511	1.76677492668901	-1.14007407221733	1.52616402674179	-0.747019358496654	0.455051875573426	0.559981798244474
1512	1.76677492668901	-1.14007407221733	1.52616402674179	-0.747019358496654	0.455051875573426	0.559981798244474
1513	3.80988834570331	-1.32755443112719	1.014540521152	-1.30852775561865	0.190694366736252	0.295759357567304
1514	3.80988834570331	-1.32755443112719	1.014540521152	-1.30852775561865	0.190694366736252	0.295759357567304
1515	2.83804201652512	-1.13111767861213	1.11609716703589	-1.01345806800687	0.31084141525055	0.419516048859997
1516	2.83804201652512	-1.13111767861213	1.11609716703589	-1.01345806800687	0.31084141525055	0.419516048859997
1517	6.48627398885621	-2.01440305315722	0.922510511031186	-2.18360986576241	0.0289909279899006	0.0754410765536447
1518	6.48627398885621	-2.01440305315722	0.922510511031186	-2.18360986576241	0.0289909279899006	0.0754410765536447
1519	4.56679062587478	-3.25139725709368	1.22601055479266	-2.6520140828996	0.00800132045230594	0.0294011775150349
1520	4.56679062587478	-3.25139725709368	1.22601055479266	-2.6520140828996	0.00800132045230594	0.0294011775150349
1521	2.92175125846092	-2.6224213228938	1.29043157508588	-2.03220486349249	0.0421329207542133	0.0992474857923141
1522	2.92175125846092	-2.6224213228938	1.29043157508588	-2.03220486349249	0.0421329207542133	0.0992474857923141
1523	4.9045953856513	-0.948152999841385	0.954331470302155	-0.99352586532768	0.320453751969081	0.429316031346137
1524	4.9045953856513	-0.948152999841385	0.954331470302155	-0.99352586532768	0.320453751969081	0.429316031346137
1525	1.77054139014171	-1.79980048459736	1.43495851546209	-1.25425262486964	0.209750197574453	0.313738305451006
1526	1.77054139014171	-1.79980048459736	1.43495851546209	-1.25425262486964	0.209750197574453	0.313738305451006
1527	0.742961577855354	-1.40391491330835	2.10237748146545	-0.667774900409302	0.504277290617022	NA
1528	0.742961577855354	-1.40391491330835	2.10237748146545	-0.667774900409302	0.504277290617022	NA
1529	0.436775360007456	-0.717854028375714	2.10172648415553	-0.341554447635058	0.732686223085295	NA
1530	0.436775360007456	-0.717854028375714	2.10172648415553	-0.341554447635058	0.732686223085295	NA
1531	0.204124145231932	-0.289902072294537	2.0984847144607	-0.138148288761322	0.890123222704436	NA
1532	0.204124145231932	-0.289902072294537	2.0984847144607	-0.138148288761322	0.890123222704436	NA
1533	1.84916351264579	-3.1177062539302	1.54693490948058	-2.01540881573165	0.0438618314944315	0.101722635161023
1534	1.84916351264579	-3.1177062539302	1.54693490948058	-2.01540881573165	0.0438618314944315	0.101722635161023
1535	1.54297729479789	-2.79400755251868	1.6395409094695	-1.70414018728128	0.0883549003098271	0.167914290181572
1536	1.54297729479789	-2.79400755251868	1.6395409094695	-1.70414018728128	0.0883549003098271	0.167914290181572
1537	1.44091522218193	-2.66036630588713	1.68859793687699	-1.57548830765919	0.115143775222221	NA
1538	1.44091522218193	-2.66036630588713	1.68859793687699	-1.57548830765919	0.115143775222221	NA
1539	3.25646454585241	-2.77314798054927	1.26845669619343	-2.18623780289176	0.0287982118924362	0.0751257701541813
1540	3.25646454585241	-2.77314798054927	1.26845669619343	-2.18623780289176	0.0287982118924362	0.0751257701541813
1541	12.0312175690309	-2.07751292478525	0.78747092258326	-2.63820906297095	0.00833451822160308	0.0302549494647648
1542	12.0312175690309	-2.07751292478525	0.78747092258326	-2.63820906297095	0.00833451822160308	0.0302549494647648
1543	16.4567002992604	-4.29296160066342	1.05076122210657	-4.08557292593731	4.39681876415951e-05	0.000593782598375239
1544	16.4567002992604	-4.29296160066342	1.05076122210657	-4.08557292593731	4.39681876415951e-05	0.000593782598375239
1545	7.88340078319941	-1.50883647150333	0.870678349725989	-1.73294359734358	0.0831056942671609	0.161594405519479
1546	7.88340078319941	-1.50883647150333	0.870678349725989	-1.73294359734358	0.0831056942671609	0.161594405519479
1547	47.0776117076804	2.32269076299054	1.72300824117876	1.34804390802073	0.177644260744024	0.281314545252666
1548	47.0776117076804	2.32269076299054	1.72300824117876	1.34804390802073	0.177644260744024	0.281314545252666
1549	47.0776117076804	2.32269076299054	1.72300824117876	1.34804390802073	0.177644260744024	0.281314545252666
1550	98.4565971021197	2.424539425561	1.90109592695858	1.27533776238206	0.202189717242814	0.307922374817933
1551	98.4565971021197	2.424539425561	1.90109592695858	1.27533776238206	0.202189717242814	0.307922374817933
1552	98.4565971021197	2.424539425561	1.90109592695858	1.27533776238206	0.202189717242814	0.307922374817933
1553	44.6661708122993	2.85493395865585	1.75065121599262	1.63078398059838	0.102935908787048	0.188283507221394
1554	44.6661708122993	2.85493395865585	1.75065121599262	1.63078398059838	0.102935908787048	0.188283507221394
1555	44.6661708122993	2.85493395865585	1.75065121599262	1.63078398059838	0.102935908787048	0.188283507221394
1556	65.595232178155	2.59070397611943	1.85097981443822	1.39963923750606	0.161621377859371	0.263002629604556
1557	65.595232178155	2.59070397611943	1.85097981443822	1.39963923750606	0.161621377859371	0.263002629604556
1558	65.595232178155	2.59070397611943	1.85097981443822	1.39963923750606	0.161621377859371	0.263002629604556
1559	54.923035966756	2.49910116443936	2.02869646719336	1.23187534697923	0.217995651834754	0.323755918566467
1560	54.923035966756	2.49910116443936	2.02869646719336	1.23187534697923	0.217995651834754	0.323755918566467
1561	54.923035966756	2.49910116443936	2.02869646719336	1.23187534697923	0.217995651834754	0.323755918566467
1562	0	NA	NA	NA	NA	NA
1563	0	NA	NA	NA	NA	NA
1564	0	NA	NA	NA	NA	NA
1565	0	NA	NA	NA	NA	NA
1566	0	NA	NA	NA	NA	NA
1567	0	NA	NA	NA	NA	NA
1568	1.30523896059066	-1.36308934320672	1.57303808824636	-0.866532955172312	0.386197962181062	NA
1569	1.30523896059066	-1.36308934320672	1.57303808824636	-0.866532955172312	0.386197962181062	NA
1570	2.85394903973161	0.392274802415064	1.09003839515724	0.359872463353436	0.718942510362717	0.790046714684304
1571	2.85394903973161	0.392274802415064	1.09003839515724	0.359872463353436	0.718942510362717	0.790046714684304
1572	1.77495351850575	2.3093891284749	1.42809610716693	1.61711044297732	0.105854443070389	0.19148609689632
1573	1.77495351850575	2.3093891284749	1.42809610716693	1.61711044297732	0.105854443070389	0.19148609689632
1574	27.5309290485349	6.03596057015821	1.20891552606886	4.99287207418527	5.94879620526167e-07	4.33760913590248e-05
1575	27.5309290485349	6.03596057015821	1.20891552606886	4.99287207418527	5.94879620526167e-07	4.33760913590248e-05
1576	8.26444266009869	-1.6661019170738	0.803155979605924	-2.07444376855824	0.0380381159944919	0.0920276999866739
1577	8.26444266009869	-1.6661019170738	0.803155979605924	-2.07444376855824	0.0380381159944919	0.0920276999866739
1578	0.76131440853552	0.44849010424205	2.0995768011383	0.213609763643273	0.830851384848037	NA
1579	0.76131440853552	0.44849010424205	2.0995768011383	0.213609763643273	0.830851384848037	NA
1580	5.62142384521768	4.06637949852121	1.18361151505289	3.43556939655113	0.000591309998574709	0.00432665852615641
1581	5.62142384521768	4.06637949852121	1.18361151505289	3.43556939655113	0.000591309998574709	0.00432665852615641
1582	0.784754358647399	1.5234629717844	2.0917513508276	0.728319344066225	0.466418123607769	NA
1583	0.784754358647399	1.5234629717844	2.0917513508276	0.728319344066225	0.466418123607769	NA
1584	1.11438052660718	1.56852620994529	1.90110490072199	0.825060315898194	0.40933734821421	NA
1585	1.11438052660718	1.56852620994529	1.90110490072199	0.825060315898194	0.40933734821421	NA
1586	0	NA	NA	NA	NA	NA
1587	0	NA	NA	NA	NA	NA
1588	0	NA	NA	NA	NA	NA
1589	0	NA	NA	NA	NA	NA
1590	0.102062072615966	0.0151395672302882	2.09688988419048	0.00722001061878979	0.99423931504784	NA
1591	0.102062072615966	0.0151395672302882	2.09688988419048	0.00722001061878979	0.99423931504784	NA
1592	0	NA	NA	NA	NA	NA
1593	0	NA	NA	NA	NA	NA
1594	0.232651214775525	-0.19316414502161	2.0980365678857	-0.0920690077467387	0.926643212073756	NA
1595	0.232651214775525	-0.19316414502161	2.0980365678857	-0.0920690077467387	0.926643212073756	NA
1596	0.102062072615966	0.0151395672302882	2.09688988419048	0.00722001061878979	0.99423931504784	NA
1597	0.102062072615966	0.0151395672302882	2.09688988419048	0.00722001061878979	0.99423931504784	NA
1598	0.227564095343811	1.16277842171323	2.09495177282485	0.555038276678481	0.578868479644751	NA
1599	0.227564095343811	1.16277842171323	2.09495177282485	0.555038276678481	0.578868479644751	NA
1600	49.6290897811429	1.43090959838859	0.686951783350751	2.08298403624346	0.0372526786988907	0.0909658433345005
1601	49.6290897811429	1.43090959838859	0.686951783350751	2.08298403624346	0.0372526786988907	0.0909658433345005
1602	1.61142517843855	-1.72334848934885	1.49109082499759	-1.15576359297337	0.24777786848392	0.355176466768759
1603	1.61142517843855	-1.72334848934885	1.49109082499759	-1.15576359297337	0.24777786848392	0.355176466768759
1604	1.07767486524684	-2.17633120654209	1.87040749752695	-1.16355992446546	0.244602400160686	NA
1605	1.07767486524684	-2.17633120654209	1.87040749752695	-1.16355992446546	0.244602400160686	NA
1606	0.562277382735302	0.0498330857396452	2.0951784918673	0.0237846493428024	0.981024384636588	NA
1607	0.562277382735302	0.0498330857396452	2.0951784918673	0.0237846493428024	0.981024384636588	NA
1608	2.89950828397635	1.29803052675139	1.02719965691891	1.2636594239574	0.206352294823176	0.311544101337521
1609	2.89950828397635	1.29803052675139	1.02719965691891	1.2636594239574	0.206352294823176	0.311544101337521
1610	0.227564095343811	1.16277842171323	2.09495177282485	0.555038276678481	0.578868479644751	NA
1611	0.227564095343811	1.16277842171323	2.09495177282485	0.555038276678481	0.578868479644751	NA
1612	2.57564422651596	-3.49624998897845	1.52063423201955	-2.29920510492196	0.0214932952763968	0.0614539530256911
1613	2.57564422651596	-3.49624998897845	1.52063423201955	-2.29920510492196	0.0214932952763968	0.0614539530256911
1614	0.204124145231932	-0.289902072294537	2.0984847144607	-0.138148288761322	0.890123222704436	NA
1615	0.204124145231932	-0.289902072294537	2.0984847144607	-0.138148288761322	0.890123222704436	NA
1616	5.80542434336344	1.24232359337254	0.810237140615106	1.53328393762524	0.125205910478719	0.217749409528206
1617	5.80542434336344	1.24232359337254	0.810237140615106	1.53328393762524	0.125205910478719	0.217749409528206
1618	0.562277382735302	0.0498330857396452	2.0951784918673	0.0237846493428024	0.981024384636588	NA
1619	0.562277382735302	0.0498330857396452	2.0951784918673	0.0237846493428024	0.981024384636588	NA
1620	0.669426574782981	-1.18312895308249	2.12141177000729	-0.557708300580618	0.577043588664145	NA
1621	0.669426574782981	-1.18312895308249	2.12141177000729	-0.557708300580618	0.577043588664145	NA
1622	0.436775360007456	-0.717854028375714	2.10172648415553	-0.341554447635058	0.732686223085295	NA
1623	0.436775360007456	-0.717854028375714	2.10172648415553	-0.341554447635058	0.732686223085295	NA
1624	0.533750313191708	0.0508251107301774	2.10370273380308	0.0241598349013387	0.980725115876254	NA
1625	0.533750313191708	0.0508251107301774	2.10370273380308	0.0241598349013387	0.980725115876254	NA
1626	1.61651229787027	-2.91229828038192	1.61220368302869	-1.80640840300704	0.0708545699852854	0.143209429229162
1627	1.61651229787027	-2.91229828038192	1.61220368302869	-1.80640840300704	0.0708545699852854	0.143209429229162
1628	1.48592315571071	-2.7519322975545	1.69421975145522	-1.62430658430866	0.104310392706295	NA
1629	1.48592315571071	-2.7519322975545	1.69421975145522	-1.62430658430866	0.104310392706295	NA
1630	2.23008170919337	2.71861442224215	1.33602999151406	2.03484535490201	0.0418664358247688	0.0988415011040072
1631	2.23008170919337	2.71861442224215	1.33602999151406	2.03484535490201	0.0418664358247688	0.0988415011040072
1632	1.22285037463388	1.07582595899395	1.63535799168721	0.657853488020694	0.510632280475417	NA
1633	1.22285037463388	1.07582595899395	1.63535799168721	0.657853488020694	0.510632280475417	NA
1634	0.334713287391491	-0.530109587478167	2.10015201911518	-0.252414864568474	0.800720411785564	NA
1635	0.334713287391491	-0.530109587478167	2.10015201911518	-0.252414864568474	0.800720411785564	NA
1636	0.227564095343811	1.16277842171323	2.09495177282485	0.555038276678481	0.578868479644751	NA
1637	0.227564095343811	1.16277842171323	2.09495177282485	0.555038276678481	0.578868479644751	NA
1638	0.557190263303588	0.93792212795813	2.1015277568334	0.446304896477504	0.655377019783103	NA
1639	0.557190263303588	0.93792212795813	2.1015277568334	0.446304896477504	0.655377019783103	NA
1640	5.06635290931249	-1.09554096006807	0.933538013623053	-1.17353652886215	0.240580717144527	0.348317067857452
1641	5.06635290931249	-1.09554096006807	0.933538013623053	-1.17353652886215	0.240580717144527	0.348317067857452
1642	4.67393981792246	-4.42307817323424	1.38837003563888	-3.18580642025948	0.00144351148969911	0.00839715825032722
1643	4.67393981792246	-4.42307817323424	1.38837003563888	-3.18580642025948	0.00144351148969911	0.00839715825032722
1644	6.13133590408958	-4.78807497456676	1.38686014377754	-3.45245697343711	0.000555506062587072	0.00412212979304895
1645	6.13133590408958	-4.78807497456676	1.38686014377754	-3.45245697343711	0.000555506062587072	0.00412212979304895
1646	3.59626495267562	-4.06545986902364	1.40867064411306	-2.88602583294648	0.00390140132976497	0.0177528554550519
1647	3.59626495267562	-4.06545986902364	1.40867064411306	-2.88602583294648	0.00390140132976497	0.0177528554550519
1648	3.39214080744369	-3.97374977400764	1.41724445431818	-2.80385628738929	0.00504954070449331	0.021018900851211
1649	3.39214080744369	-3.97374977400764	1.41724445431818	-2.80385628738929	0.00504954070449331	0.021018900851211
1650	3.49420288005965	-4.02067032434059	1.41247957988677	-2.84653341654886	0.00441980901486933	0.0193165430410522
1651	3.49420288005965	-4.02067032434059	1.41247957988677	-2.84653341654886	0.00441980901486933	0.0193165430410522
1652	3.75979329274281	-0.753851921029707	0.963184937547543	-0.782665811769401	0.433823383637949	0.539696120243372
1653	3.75979329274281	-0.753851921029707	0.963184937547543	-0.782665811769401	0.433823383637949	0.539696120243372
1654	0.102062072615966	0.0151395672302882	2.09688988419048	0.00722001061878979	0.99423931504784	NA
1655	0.102062072615966	0.0151395672302882	2.09688988419048	0.00722001061878979	0.99423931504784	NA
1656	7.8382398431626	2.60082954888797	0.849091862011078	3.06307204820912	0.00219077306939224	0.011373605551851
1657	7.8382398431626	2.60082954888797	0.849091862011078	3.06307204820912	0.00219077306939224	0.011373605551851
1658	0.873550720014913	-1.7477027830362	2.0124501450409	-0.86844525681439	0.3851506285872	NA
1659	0.873550720014913	-1.7477027830362	2.0124501450409	-0.86844525681439	0.3851506285872	NA
1660	2.40126665651767	-0.848329287809906	1.18076216514486	-0.718459070634121	0.472474275779279	0.575352843801963
1661	1.40353456975393	-0.646042587359039	1.67189173646699	-0.386414127941229	0.699189988560574	NA
1662	1.40353456975393	-0.646042587359039	1.67189173646699	-0.386414127941229	0.699189988560574	NA
1663	1.40730103320662	-1.49478866027102	1.53902384794937	-0.971257633377619	0.33142000047113	NA
1664	1.40730103320662	-1.49478866027102	1.53902384794937	-0.971257633377619	0.33142000047113	NA
1665	0.538837432623422	-0.864822990680704	2.10272243892331	-0.411287279134916	0.680861896192882	NA
1666	0.538837432623422	-0.864822990680704	2.10272243892331	-0.411287279134916	0.680861896192882	NA
1667	0.204124145231932	-0.289902072294537	2.0984847144607	-0.138148288761322	0.890123222704436	NA
1668	0.204124145231932	-0.289902072294537	2.0984847144607	-0.138148288761322	0.890123222704436	NA
1669	0.970525673199165	-0.879241494083832	1.78417221075644	-0.492800800720383	0.622153344900128	NA
1670	0.970525673199165	-0.879241494083832	1.78417221075644	-0.492800800720383	0.622153344900128	NA
1671	6.68274152683105	0.369141515373929	0.760588628493022	0.485336621591781	0.627437581917604	0.70973278859519
1672	6.68274152683105	0.369141515373929	0.760588628493022	0.485336621591781	0.627437581917604	0.70973278859519
1673	0	NA	NA	NA	NA	NA
1674	0	NA	NA	NA	NA	NA
1675	0.102062072615966	0.0151395672302882	2.09688988419048	0.00722001061878979	0.99423931504784	NA
1676	0.102062072615966	0.0151395672302882	2.09688988419048	0.00722001061878979	0.99423931504784	NA
1677	0	NA	NA	NA	NA	NA
1678	0	NA	NA	NA	NA	NA
1679	0.891903550695079	0.313143053340604	1.82650082124636	0.171444244479958	0.863874467683476	NA
1680	0.891903550695079	0.313143053340604	1.82650082124636	0.171444244479958	0.863874467683476	NA
1681	1.55756366202537	0.230274594178905	1.459059061823	0.157824038933141	0.874595455721732	0.90550914786153
1682	1.55756366202537	0.230274594178905	1.459059061823	0.157824038933141	0.874595455721732	0.90550914786153
1683	1.97907766373768	1.53273645142336	1.33836244042498	1.14523271509073	0.252112769749933	0.357244815435127
1684	1.97907766373768	1.53273645142336	1.33836244042498	1.14523271509073	0.252112769749933	0.357244815435127
1685	11.3342853637609	3.74390364991985	0.866192598049053	4.32225310901101	1.54443864634903e-05	0.000259999878920477
1686	11.3342853637609	3.74390364991985	0.866192598049053	4.32225310901101	1.54443864634903e-05	0.000259999878920477
1687	1.53280305593447	-0.731862459738575	1.44334620843763	-0.507059536693411	0.612113045082671	0.695394857816397
1688	1.53280305593447	-0.731862459738575	1.44334620843763	-0.507059536693411	0.612113045082671	0.695394857816397
1689	0.640899505239388	-1.11512100132872	2.12268220907098	-0.525335821143369	0.599349759901581	NA
1690	0.640899505239388	-1.11512100132872	2.12268220907098	-0.525335821143369	0.599349759901581	NA
1691	1.1746498184311	-1.20454671576239	1.69020216794198	-0.712664282775751	0.476053523256582	NA
1692	1.1746498184311	-1.20454671576239	1.69020216794198	-0.712664282775751	0.476053523256582	NA
1693	1.7616878072573	-0.204505914212839	1.35740342341996	-0.150659642287912	0.880244210547005	0.909030165797251
1694	1.7616878072573	-0.204505914212839	1.35740342341996	-0.150659642287912	0.880244210547005	0.909030165797251
1695	1.56133012547806	-0.697299979823281	1.44694260268154	-0.481912674719102	0.629867981825546	0.710568230907143
1696	1.56133012547806	-0.697299979823281	1.44694260268154	-0.481912674719102	0.629867981825546	0.710568230907143
1697	0.334713287391491	-0.530109587478167	2.10015201911518	-0.252414864568474	0.800720411785564	NA
1698	0.334713287391491	-0.530109587478167	2.10015201911518	-0.252414864568474	0.800720411785564	NA
1699	1.10111481535872	-1.0550769181078	1.67162404110264	-0.631168786859426	0.527930168423654	NA
1700	1.10111481535872	-1.0550769181078	1.67162404110264	-0.631168786859426	0.527930168423654	NA
1701	0.999052742742758	-0.87403617560947	1.74218541880253	-0.501689525222998	0.615885933861144	NA
1702	0.999052742742758	-0.87403617560947	1.74218541880253	-0.501689525222998	0.615885933861144	NA
1703	0.455128190687622	1.46332915655147	2.09860405196263	0.697286920409284	0.485623251838368	NA
1704	0.455128190687622	1.46332915655147	2.09860405196263	0.697286920409284	0.485623251838368	NA
1705	3.47637203393913	3.18998398065566	1.16207697126598	2.7450711609752	0.00604977778267011	0.0241301677941258
1706	3.47637203393913	3.18998398065566	1.16207697126598	2.7450711609752	0.00604977778267011	0.0241301677941258
1707	0.306186217847897	-0.511379433977429	2.09997323508663	-0.243517119853355	0.807604824481893	NA
1708	0.306186217847897	-0.511379433977429	2.09997323508663	-0.243517119853355	0.807604824481893	NA
1709	1.09602769592701	-0.138916182369174	1.6813768286884	-0.0826204929192103	0.934153305990921	NA
1710	1.09602769592701	-0.138916182369174	1.6813768286884	-0.0826204929192103	0.934153305990921	NA
1711	4.85649597973749	-3.29188619833921	1.23693441108833	-2.66132639599119	0.00778334663589769	0.0289036745099649
1712	4.85649597973749	-3.29188619833921	1.23693441108833	-2.66132639599119	0.00778334663589769	0.0289036745099649
1713	2.92683837789264	-3.79553677070571	1.43413625553445	-2.64656636080318	0.00813135492455492	0.0297229683926289
1714	2.92683837789264	-3.79553677070571	1.43413625553445	-2.64656636080318	0.00813135492455492	0.0297229683926289
1715	15.2870139199093	-2.40352099557879	0.907895025851778	-2.647355616167	0.00811239936081508	0.0297053856280936
1716	15.2870139199093	-2.40352099557879	0.907895025851778	-2.647355616167	0.00811239936081508	0.0297053856280936
1717	44.0664024138039	2.23583836394737	0.682533009730728	3.27579521000669	0.00105364932500673	0.00666464934492208
1718	44.0664024138039	2.23583836394737	0.682533009730728	3.27579521000669	0.00105364932500673	0.00666464934492208
1719	0.232651214775525	-0.19316414502161	2.0980365678857	-0.0920690077467387	0.926643212073756	NA
1720	0.232651214775525	-0.19316414502161	2.0980365678857	-0.0920690077467387	0.926643212073756	NA
1721	44.4696834516104	-1.01569280580484	0.637927668696402	-1.59217550146461	0.111345276232224	0.198661920210426
1722	44.4696834516104	-1.01569280580484	0.637927668696402	-1.59217550146461	0.111345276232224	0.198661920210426
1723	0.896990670126792	-0.671851961788102	1.83207637872	-0.366716131266044	0.713830772624265	NA
1724	0.896990670126792	-0.671851961788102	1.83207637872	-0.366716131266044	0.713830772624265	NA
1725	27.044762952791	2.22474398120104	1.03039097659632	2.15912603247944	0.0308403905301094	0.0784077725341763
1726	27.044762952791	2.22474398120104	1.03039097659632	2.15912603247944	0.0308403905301094	0.0784077725341763
1727	0.538837432623422	-0.864822990680704	2.10272243892331	-0.411287279134916	0.680861896192882	NA
1728	0.538837432623422	-0.864822990680704	2.10272243892331	-0.411287279134916	0.680861896192882	NA
1729	0.771488647398947	-1.48375308003281	2.08084128814171	-0.713054421059606	0.47581208212865	NA
1730	0.771488647398947	-1.48375308003281	2.08084128814171	-0.713054421059606	0.47581208212865	NA
1731	4.43054052350482	-1.1745675235404	1.06998286716478	-1.09774423459017	0.272316188267206	0.379976076651915
1732	4.43054052350482	-1.1745675235404	1.06998286716478	-1.09774423459017	0.272316188267206	0.379976076651915
1733	2.53185579867722	-0.901883178105858	1.14709416499401	-0.786232905395843	0.431731051709291	0.538381952844128
1734	2.53185579867722	-0.901883178105858	1.14709416499401	-0.786232905395843	0.431731051709291	0.538381952844128
1735	0.227564095343811	1.16277842171323	2.09495177282485	0.555038276678481	0.578868479644751	NA
1736	0.227564095343811	1.16277842171323	2.09495177282485	0.555038276678481	0.578868479644751	NA
1737	0	NA	NA	NA	NA	NA
1738	0	NA	NA	NA	NA	NA
1739	1.1245547654706	-0.0958364160127469	1.67572833733718	-0.057190902533185	0.954393125027233	NA
1740	1.1245547654706	-0.0958364160127469	1.67572833733718	-0.057190902533185	0.954393125027233	NA
1741	0	NA	NA	NA	NA	NA
1742	0	NA	NA	NA	NA	NA
1743	1.53789017536618	-1.60290792764874	1.48425781510729	-1.07993901823106	0.28016933668021	0.386981033483007
1744	1.53789017536618	-1.60290792764874	1.48425781510729	-1.07993901823106	0.28016933668021	0.386981033483007
1745	0.204124145231932	-0.289902072294537	2.0984847144607	-0.138148288761322	0.890123222704436	NA
1746	0.204124145231932	-0.289902072294537	2.0984847144607	-0.138148288761322	0.890123222704436	NA
1747	0	NA	NA	NA	NA	NA
1748	0	NA	NA	NA	NA	NA
1749	0.306186217847897	-0.511379433977429	2.09997323508663	-0.243517119853355	0.807604824481893	NA
1750	0.306186217847897	-0.511379433977429	2.09997323508663	-0.243517119853355	0.807604824481893	NA
1751	0.845023650471319	-1.65636001094906	2.05467880706273	-0.806140602246689	0.420161782670255	NA
1752	0.845023650471319	-1.65636001094906	2.05467880706273	-0.806140602246689	0.420161782670255	NA
1753	1.63995224798215	-1.71818290437111	1.45445243798222	-1.18132629125691	0.237473126792137	0.344401634159867
1754	1.63995224798215	-1.71818290437111	1.45445243798222	-1.18132629125691	0.237473126792137	0.344401634159867
1755	2.25741180310965	-3.43362442902409	1.49491174021148	-2.29687434827312	0.0216259387076122	0.0614539530256911
1756	2.25741180310965	-3.43362442902409	1.49491174021148	-2.29687434827312	0.0216259387076122	0.0614539530256911
1757	1.77054139014171	-1.79980048459736	1.43495851546209	-1.25425262486964	0.209750197574453	0.313738305451006
1758	1.77054139014171	-1.79980048459736	1.43495851546209	-1.25425262486964	0.209750197574453	0.313738305451006
1759	0.771488647398947	-1.48375308003281	2.08084128814171	-0.713054421059606	0.47581208212865	NA
1760	0.771488647398947	-1.48375308003281	2.08084128814171	-0.713054421059606	0.47581208212865	NA
1761	0.538837432623422	-0.864822990680704	2.10272243892331	-0.411287279134916	0.680861896192882	NA
1762	0.538837432623422	-0.864822990680704	2.10272243892331	-0.411287279134916	0.680861896192882	NA
1763	1.17973693786281	-2.34927159821038	1.81186296654521	-1.29660556100988	0.194766938080339	NA
1764	1.17973693786281	-2.34927159821038	1.81186296654521	-1.29660556100988	0.194766938080339	NA
1765	15.5399974580753	2.81128088315738	0.74241116680717	3.78668992176887	0.000152667417198577	0.00152304786753925
1766	15.5399974580753	2.81128088315738	0.74241116680717	3.78668992176887	0.000152667417198577	0.00152304786753925
1767	1.87833624710074	2.8972212756448	1.54035097671501	1.88088385013621	0.0599877205606066	0.127154835211659
1768	1.87833624710074	2.8972212756448	1.54035097671501	1.88088385013621	0.0599877205606066	0.127154835211659
1769	0.227564095343811	1.16277842171323	2.09495177282485	0.555038276678481	0.578868479644751	NA
1770	0.227564095343811	1.16277842171323	2.09495177282485	0.555038276678481	0.578868479644751	NA
1771	0	NA	NA	NA	NA	NA
1772	0	NA	NA	NA	NA	NA
1773	3.36922284189145	5.14422663056475	1.46898810509961	3.50188446911619	0.000461979895846683	0.00360653450289232
1774	3.36922284189145	5.14422663056475	1.46898810509961	3.50188446911619	0.000461979895846683	0.00360653450289232
1775	0	NA	NA	NA	NA	NA
1776	0	NA	NA	NA	NA	NA
1777	2.00760473328127	1.75071242060357	1.25309798676285	1.39710736039582	0.162381288773663	0.263626367549047
1778	2.00760473328127	1.75071242060357	1.25309798676285	1.39710736039582	0.162381288773663	0.263626367549047
1779	0.227564095343811	1.16277842171323	2.09495177282485	0.555038276678481	0.578868479644751	NA
1780	0.227564095343811	1.16277842171323	2.09495177282485	0.555038276678481	0.578868479644751	NA
1781	2.28085175322153	-2.24537145564305	1.34262061346628	-1.67237969767655	0.094449472937642	0.176149105833968
1782	2.28085175322153	-2.24537145564305	1.34262061346628	-1.67237969767655	0.094449472937642	0.176149105833968
1783	0.635812385807674	-0.14616022719174	2.11950403513501	-0.068959636202075	0.945021748622434	NA
1784	0.635812385807674	-0.14616022719174	2.11950403513501	-0.068959636202075	0.945021748622434	NA
1785	0	NA	NA	NA	NA	NA
1786	0	NA	NA	NA	NA	NA
1787	0.664339455351268	-0.218000059103391	2.01088723535044	-0.108409887571543	0.913670558214857	NA
1788	0.664339455351268	-0.218000059103391	2.01088723535044	-0.108409887571543	0.913670558214857	NA
1789	2.53185579867722	-0.901883178105858	1.14709416499401	-0.786232905395843	0.431731051709291	0.538381952844128
1790	2.53185579867722	-0.901883178105858	1.14709416499401	-0.786232905395843	0.431731051709291	0.538381952844128
1791	5.06570724440114	-4.48900317988535	1.39692955509428	-3.21347856340715	0.00131137586648332	0.00791347505636487
1792	5.06570724440114	-4.48900317988535	1.39692955509428	-3.21347856340715	0.00131137586648332	0.00791347505636487
1793	7.86195648013422	-5.09159527746022	1.37281791582859	-3.7088642410287	0.000208191009599777	0.0019217631655364
1794	7.86195648013422	-5.09159527746022	1.37281791582859	-3.7088642410287	0.000208191009599777	0.0019217631655364
1795	0.436775360007456	-0.717854028375714	2.10172648415553	-0.341554447635058	0.732686223085295	NA
1796	0.436775360007456	-0.717854028375714	2.10172648415553	-0.341554447635058	0.732686223085295	NA
1797	0.863376481151485	0.223848322028114	2.05804537432383	0.108767437696391	0.913386951504722	NA
1798	0.863376481151485	0.223848322028114	2.05804537432383	0.108767437696391	0.913386951504722	NA
1799	0.640899505239388	-1.11512100132872	2.12268220907098	-0.525335821143369	0.599349759901581	NA
1800	0.640899505239388	-1.11512100132872	2.12268220907098	-0.525335821143369	0.599349759901581	NA
1801	0.102062072615966	0.0151395672302882	2.09688988419048	0.00722001061878979	0.99423931504784	NA
1802	0.102062072615966	0.0151395672302882	2.09688988419048	0.00722001061878979	0.99423931504784	NA
1803	1.5144502252543	-2.80093626769599	1.64135414778898	-1.70647892867548	0.0879189462214691	NA
1804	1.5144502252543	-2.80093626769599	1.64135414778898	-1.70647892867548	0.0879189462214691	NA
1805	0	NA	NA	NA	NA	NA
1806	0	NA	NA	NA	NA	NA
1807	7.62421814592698	-3.95867157582054	1.19251290373262	-3.31960481385963	0.000901449577346796	0.00591576285133835
1808	7.62421814592698	-3.95867157582054	1.19251290373262	-3.31960481385963	0.000901449577346796	0.00591576285133835
1809	0.334713287391491	-0.530109587478167	2.10015201911518	-0.252414864568474	0.800720411785564	NA
1810	0.334713287391491	-0.530109587478167	2.10015201911518	-0.252414864568474	0.800720411785564	NA
1811	0.436775360007456	-0.717854028375714	2.10172648415553	-0.341554447635058	0.732686223085295	NA
1812	0.436775360007456	-0.717854028375714	2.10172648415553	-0.341554447635058	0.732686223085295	NA
1813	0.941998603655572	-0.71943464528378	2.04512623222113	-0.351780068119527	0.725003207660989	NA
1814	0.941998603655572	-0.71943464528378	2.04512623222113	-0.351780068119527	0.725003207660989	NA
1815	0.669426574782981	-1.18312895308249	2.12141177000729	-0.557708300580618	0.577043588664145	NA
1816	0.669426574782981	-1.18312895308249	2.12141177000729	-0.557708300580618	0.577043588664145	NA
1817	5.23245073720507	-3.23088568628889	1.22619600991921	-2.63488517345752	0.00841657504291595	0.0303191193696722
1818	5.23245073720507	-3.23088568628889	1.22619600991921	-2.63488517345752	0.00841657504291595	0.0303191193696722
1819	2.74615418277258	-2.48722512029724	1.30077978405397	-1.91210314827128	0.055862965130757	0.121946181678368
1820	2.74615418277258	-2.48722512029724	1.30077978405397	-1.91210314827128	0.055862965130757	0.121946181678368
1821	1.84916351264579	-3.1177062539302	1.54693490948058	-2.01540881573165	0.0438618314944315	0.101722635161023
1822	1.84916351264579	-3.1177062539302	1.54693490948058	-2.01540881573165	0.0438618314944315	0.101722635161023
1823	1.92269851571816	-3.18731772837797	1.55830645712997	-2.04537285576564	0.0408181129434494	0.0973515470542234
1824	1.92269851571816	-3.18731772837797	1.55830645712997	-2.04537285576564	0.0408181129434494	0.0973515470542234
1825	1.89227694941686	-0.306967599261489	1.35812833867304	-0.226022527120973	0.821183899539967	0.863538402120146
1826	1.89227694941686	-0.306967599261489	1.35812833867304	-0.226022527120973	0.821183899539967	0.863538402120146
1827	0.436775360007456	-0.717854028375714	2.10172648415553	-0.341554447635058	0.732686223085295	NA
1828	0.436775360007456	-0.717854028375714	2.10172648415553	-0.341554447635058	0.732686223085295	NA
1829	0	NA	NA	NA	NA	NA
1830	0	NA	NA	NA	NA	NA
1831	0	NA	NA	NA	NA	NA
1832	0	NA	NA	NA	NA	NA
1833	0.436775360007456	-0.717854028375714	2.10172648415553	-0.341554447635058	0.732686223085295	NA
1834	0.436775360007456	-0.717854028375714	2.10172648415553	-0.341554447635058	0.732686223085295	NA
1835	3.69832702529158	-4.10824155024974	1.40567907544289	-2.9226027633337	0.00347119054768724	0.0164734466669903
1836	3.69832702529158	-4.10824155024974	1.40567907544289	-2.9226027633337	0.00347119054768724	0.0164734466669903
1837	2.62065216004474	-3.62278828169355	1.45290416464525	-2.4934805542237	0.0126497513030487	0.0406184674868537
1838	2.62065216004474	-3.62278828169355	1.45290416464525	-2.4934805542237	0.0126497513030487	0.0406184674868537
1839	1.84916351264579	-3.1177062539302	1.54693490948058	-2.01540881573165	0.0438618314944315	0.101722635161023
1840	1.84916351264579	-3.1177062539302	1.54693490948058	-2.01540881573165	0.0438618314944315	0.101722635161023
1841	4.75697406879059	-1.75144661363009	0.996903692027531	-1.75688647523007	0.078937161378092	0.155140888061762
1842	4.75697406879059	-1.75144661363009	0.996903692027531	-1.75688647523007	0.078937161378092	0.155140888061762
1843	7.82068568390181	-0.675240755032651	0.726030515965702	-0.930044592043772	0.352347996943911	0.458580472641881
1844	7.82068568390181	-0.675240755032651	0.726030515965702	-0.930044592043772	0.352347996943911	0.458580472641881
1845	1.35211886081441	0.375898423621385	1.54634543884166	0.243088260992294	0.807937024884847	NA
1846	1.35211886081441	0.375898423621385	1.54634543884166	0.243088260992294	0.807937024884847	NA
1847	0.970525673199165	-0.879241494083832	1.78417221075644	-0.492800800720383	0.622153344900128	NA
1848	0.970525673199165	-0.879241494083832	1.78417221075644	-0.492800800720383	0.622153344900128	NA
1849	1.28179901047878	-2.50042464510809	1.76371586956303	-1.41770264035079	0.1562775989076	NA
1850	1.28179901047878	-2.50042464510809	1.76371586956303	-1.41770264035079	0.1562775989076	NA
1851	0.306186217847897	-0.511379433977429	2.09997323508663	-0.243517119853355	0.807604824481893	NA
1852	0.306186217847897	-0.511379433977429	2.09997323508663	-0.243517119853355	0.807604824481893	NA
1853	1.07767486524684	-2.17633120654209	1.87040749752695	-1.16355992446546	0.244602400160686	NA
1854	1.07767486524684	-2.17633120654209	1.87040749752695	-1.16355992446546	0.244602400160686	NA
1855	5.59169980004678	0.656345477078252	0.99356271727567	0.660597932738397	0.508870195122692	0.608038355480884
1856	5.59169980004678	0.656345477078252	0.99356271727567	0.660597932738397	0.508870195122692	0.608038355480884
1857	3.10363242920829	0.960145031385261	0.983324205847988	0.976427739371331	0.328852540708358	0.436273292557521
1858	3.10363242920829	0.960145031385261	0.983324205847988	0.976427739371331	0.328852540708358	0.436273292557521
1859	0.510310363079829	-0.845839523675296	2.10260392580263	-0.402281910204469	0.687476566271192	NA
1860	0.510310363079829	-0.845839523675296	2.10260392580263	-0.402281910204469	0.687476566271192	NA
1861	0.891903550695079	0.313143053340604	1.82650082124636	0.171444244479958	0.863874467683476	NA
1862	0.891903550695079	0.313143053340604	1.82650082124636	0.171444244479958	0.863874467683476	NA
1863	2.17878968060557	-2.16796267692336	1.35352975681523	-1.6017103916684	0.109219666155014	0.195951558244793
1864	2.17878968060557	-2.16796267692336	1.35352975681523	-1.6017103916684	0.109219666155014	0.195951558244793
1865	0.664339455351268	-0.218000059103391	2.01088723535044	-0.108409887571543	0.913670558214857	NA
1866	0.664339455351268	-0.218000059103391	2.01088723535044	-0.108409887571543	0.913670558214857	NA
1867	19.3162877691396	-2.63586265041496	0.780652184062395	-3.37648789592611	0.000734176023073986	0.00502205097216733
1868	19.3162877691396	-2.63586265041496	0.780652184062395	-3.37648789592611	0.000734176023073986	0.00502205097216733
1869	1.66339219809403	-0.822543243410079	1.39971876452324	-0.587648936527794	0.556767956781967	0.650104369887201
1870	1.66339219809403	-0.822543243410079	1.39971876452324	-0.587648936527794	0.556767956781967	0.650104369887201
1871	3.43016712478304	-1.03697774651055	1.04651223996935	-0.990889267134542	0.321739653738947	0.430489501657718
1872	3.43016712478304	-1.03697774651055	1.04651223996935	-0.990889267134542	0.321739653738947	0.430489501657718
1873	8.22391867906662	1.35146155525808	0.783466865467998	1.72497601982286	0.0845317941965578	0.163760855915841
1874	8.22391867906662	1.35146155525808	0.783466865467998	1.72497601982286	0.0845317941965578	0.163760855915841
1875	0.891903550695079	0.313143053340604	1.82650082124636	0.171444244479958	0.863874467683476	NA
1876	0.891903550695079	0.313143053340604	1.82650082124636	0.171444244479958	0.863874467683476	NA
1877	4.13442739423137	-0.653157059522192	0.926019958330725	-0.705337993686005	0.48059992162668	0.583218627804697
1878	4.13442739423137	-0.653157059522192	0.926019958330725	-0.705337993686005	0.48059992162668	0.583218627804697
1879	12.2708278699332	-1.89185721055838	0.749227595122412	-2.52507678958259	0.0115673010820513	0.0384965646153848
1880	12.2708278699332	-1.89185721055838	0.749227595122412	-2.52507678958259	0.0115673010820513	0.0384965646153848
1881	0.664339455351268	-0.218000059103391	2.01088723535044	-0.108409887571543	0.913670558214857	NA
1882	0.664339455351268	-0.218000059103391	2.01088723535044	-0.108409887571543	0.913670558214857	NA
1883	0.557190263303588	0.93792212795813	2.1015277568334	0.446304896477504	0.655377019783103	NA
1884	0.227564095343811	1.16277842171323	2.09495177282485	0.555038276678481	0.578868479644751	NA
1885	0.455128190687622	1.46332915655147	2.09860405196263	0.697286920409284	0.485623251838368	NA
1886	315.704871331231	2.07743969921832	2.05283943798334	1.01198352914495	0.311545928773073	0.420061926435604
1887	315.704871331231	2.07743969921832	2.05283943798334	1.01198352914495	0.311545928773073	0.420061926435604
1888	315.704871331231	2.07743969921832	2.05283943798334	1.01198352914495	0.311545928773073	0.420061926435604
1889	0.886816431263365	1.1594675477146	2.03060525861534	0.570996033224714	0.568002331771835	NA
1890	0.886816431263365	1.1594675477146	2.03060525861534	0.570996033224714	0.568002331771835	NA
1891	0.329626167959777	0.605654192809648	2.0991405715485	0.288524837744843	0.772945020734111	NA
1892	0.329626167959777	0.605654192809648	2.0991405715485	0.288524837744843	0.772945020734111	NA
1893	0.102062072615966	0.0151395672302882	2.09688988419048	0.00722001061878979	0.99423931504784	NA
1894	0.102062072615966	0.0151395672302882	2.09688988419048	0.00722001061878979	0.99423931504784	NA
1895	11.9355700679193	-5.57998287064006	1.39326308778298	-4.00497430784529	6.20242220156301e-05	0.000748568196740363
1896	11.9355700679193	-5.57998287064006	1.39326308778298	-4.00497430784529	6.20242220156301e-05	0.000748568196740363
1897	2.31887807056089	0.421178302231623	1.1184698862186	0.376566510570589	0.706495779386712	0.779018711846729
1898	2.31887807056089	0.421178302231623	1.1184698862186	0.376566510570589	0.706495779386712	0.779018711846729
1899	2.3829138258375	-2.31789954917611	1.33408353772624	-1.73744708155732	0.0823082869911774	0.160937991323531
1900	2.3829138258375	-2.31789954917611	1.33408353772624	-1.73744708155732	0.0823082869911774	0.160937991323531
1901	2.51859008742877	-3.5578691160862	1.46284612277793	-2.43215541312701	0.015009265600977	0.046284078945744
1902	2.51859008742877	-3.5578691160862	1.46284612277793	-2.43215541312701	0.015009265600977	0.046284078945744
1903	13.5463427853529	-4.02982337066458	1.05096808395969	-3.83439176904552	0.000125875381428588	0.00129895971007388
1904	13.5463427853529	-4.02982337066458	1.05096808395969	-3.83439176904552	0.000125875381428588	0.00129895971007388
1905	11.8778409377644	-2.50913334431633	0.824090148245042	-3.04473163483353	0.00232888015900556	0.0119543409848903
1906	11.8778409377644	-2.50913334431633	0.824090148245042	-3.04473163483353	0.00232888015900556	0.0119543409848903
1907	13.8810335426817	-2.50224750509745	0.806015909795573	-3.10446416092715	0.00190624020360738	0.0103707368590039
1908	13.8810335426817	-2.50224750509745	0.806015909795573	-3.10446416092715	0.00190624020360738	0.0103707368590039
1909	2.40126665651767	-0.848329287809906	1.18076216514486	-0.718459070634121	0.472474275779279	0.575352843801963
1910	2.40126665651767	-0.848329287809906	1.18076216514486	-0.718459070634121	0.472474275779279	0.575352843801963
1911	3.1924287905758	-0.424067149070891	0.993738076718498	-0.426739358193094	0.669569180080902	0.746731427599518
1912	3.1924287905758	-0.424067149070891	0.993738076718498	-0.426739358193094	0.669569180080902	0.746731427599518
1913	4.65999911560634	-2.2678958207808	1.08980056325407	-2.08101913070132	0.0374321550301594	0.0910804134681872
1914	4.65999911560634	-2.2678958207808	1.08980056325407	-2.08101913070132	0.0374321550301594	0.0910804134681872
1915	0	NA	NA	NA	NA	NA
1916	0	NA	NA	NA	NA	NA
1917	0	NA	NA	NA	NA	NA
1918	0	NA	NA	NA	NA	NA
1919	0.232651214775525	-0.19316414502161	2.0980365678857	-0.0920690077467387	0.926643212073756	NA
1920	0.232651214775525	-0.19316414502161	2.0980365678857	-0.0920690077467387	0.926643212073756	NA
1921	2.35438675629391	-2.31538545426499	1.36662864916113	-1.69423160833503	0.0902212807321147	0.17010051139903
1922	2.35438675629391	-2.31538545426499	1.36662864916113	-1.69423160833503	0.0902212807321147	0.17010051139903
1923	0.993965623311044	0.070477634208762	1.74486433211095	0.0403914693605419	0.967781031164989	NA
1924	0.993965623311044	0.070477634208762	1.74486433211095	0.0403914693605419	0.967781031164989	NA
1925	7.84477129892504	0.683840310165073	0.699119288477951	0.978145391545209	0.328002420510731	0.436273292557521
1926	7.84477129892504	0.683840310165073	0.699119288477951	0.978145391545209	0.328002420510731	0.436273292557521
1927	2.59332206612846	2.01131311768186	1.21110650579069	1.66072356812975	0.0967689777492318	0.179932729404863
1928	2.59332206612846	2.01131311768186	1.21110650579069	1.66072356812975	0.0967689777492318	0.179932729404863
1929	32.767651248355	-4.63711843779169	0.975873783056042	-4.75176044105839	2.01653202526788e-06	7.84206898715288e-05
1930	32.767651248355	-4.63711843779169	0.975873783056042	-4.75176044105839	2.01653202526788e-06	7.84206898715288e-05
1931	19.4513833938586	-1.55731648595035	0.693479509190369	-2.24565609410508	0.0247260445107811	0.0673909065186765
1932	19.4513833938586	-1.55731648595035	0.693479509190369	-2.24565609410508	0.0247260445107811	0.0673909065186765
1933	10.0190251708149	0.475416007986795	0.69647410140845	0.682604000673365	0.494857105413449	0.592981410195859
1934	10.0190251708149	0.475416007986795	0.69647410140845	0.682604000673365	0.494857105413449	0.592981410195859
1935	1.97466553537364	-1.99665695643976	1.38482506126311	-1.44181168603245	0.149355505274293	0.247257832933398
1936	1.97466553537364	-1.99665695643976	1.38482506126311	-1.44181168603245	0.149355505274293	0.247257832933398
1937	0.562277382735302	0.0498330857396452	2.0951784918673	0.0237846493428024	0.981024384636588	NA
1938	0.562277382735302	0.0498330857396452	2.0951784918673	0.0237846493428024	0.981024384636588	NA
1939	10.3051170677329	-3.43120709080421	1.07920157522668	-3.17939407203285	0.0014758329994441	0.00848252279824141
1940	10.3051170677329	-3.43120709080421	1.07920157522668	-3.17939407203285	0.0014758329994441	0.00848252279824141
1941	3.51764283017153	-2.84526951920092	1.26156684685488	-2.25534582356397	0.0241116304597782	0.0662320784375856
1942	3.51764283017153	-2.84526951920092	1.26156684685488	-2.25534582356397	0.0241116304597782	0.0662320784375856
1943	0.970525673199165	-0.879241494083832	1.78417221075644	-0.492800800720383	0.622153344900128	NA
1944	0.970525673199165	-0.879241494083832	1.78417221075644	-0.492800800720383	0.622153344900128	NA
1945	4.24157658627905	-1.08465031184129	0.94382905796518	-1.14920207498136	0.250472665471504	0.35588132441824
1946	4.24157658627905	-1.08465031184129	0.94382905796518	-1.14920207498136	0.250472665471504	0.35588132441824
1947	50.9156833822871	-2.59325598537029	0.789672656456195	-3.28396325258115	0.00102358267878982	0.00657346674452179
1948	50.9156833822871	-2.59325598537029	0.789672656456195	-3.28396325258115	0.00102358267878982	0.00657346674452179
1949	7.06378340373034	0.194869523916129	0.719963066800815	0.270666000663116	0.786647928531368	0.839410899347497
1950	7.06378340373034	0.194869523916129	0.719963066800815	0.270666000663116	0.786647928531368	0.839410899347497
1951	0.562277382735302	0.0498330857396452	2.0951784918673	0.0237846493428024	0.981024384636588	NA
1952	0.562277382735302	0.0498330857396452	2.0951784918673	0.0237846493428024	0.981024384636588	NA
1953	3.60953066392407	-1.51744661905479	1.04738677814012	-1.44879298719941	0.147395402810062	0.246343291604561
1954	3.60953066392407	-1.51744661905479	1.04738677814012	-1.44879298719941	0.147395402810062	0.246343291604561
1955	0.640899505239388	-1.11512100132872	2.12268220907098	-0.525335821143369	0.599349759901581	NA
1956	0.640899505239388	-1.11512100132872	2.12268220907098	-0.525335821143369	0.599349759901581	NA
1957	0.102062072615966	0.0151395672302882	2.09688988419048	0.00722001061878979	0.99423931504784	NA
1958	0.102062072615966	0.0151395672302882	2.09688988419048	0.00722001061878979	0.99423931504784	NA
1959	0.436775360007456	-0.717854028375714	2.10172648415553	-0.341554447635058	0.732686223085295	NA
1960	0.436775360007456	-0.717854028375714	2.10172648415553	-0.341554447635058	0.732686223085295	NA
1961	0.742961577855354	-1.40391491330835	2.10237748146545	-0.667774900409302	0.504277290617022	NA
1962	0.742961577855354	-1.40391491330835	2.10237748146545	-0.667774900409302	0.504277290617022	NA
1963	0.664339455351268	-0.218000059103391	2.01088723535044	-0.108409887571543	0.913670558214857	NA
1964	0.664339455351268	-0.218000059103391	2.01088723535044	-0.108409887571543	0.913670558214857	NA
1965	0.204124145231932	-0.289902072294537	2.0984847144607	-0.138148288761322	0.890123222704436	NA
1966	0.204124145231932	-0.289902072294537	2.0984847144607	-0.138148288761322	0.890123222704436	NA
1967	0.436775360007456	-0.717854028375714	2.10172648415553	-0.341554447635058	0.732686223085295	NA
1968	0.436775360007456	-0.717854028375714	2.10172648415553	-0.341554447635058	0.732686223085295	NA
1969	1.74201432059811	-1.82419979500934	1.43110340419489	-1.27468063430092	0.202422304017218	0.307922374817933
1970	1.74201432059811	-1.82419979500934	1.43110340419489	-1.27468063430092	0.202422304017218	0.307922374817933
1971	0.873550720014913	-1.7477027830362	2.0124501450409	-0.86844525681439	0.3851506285872	NA
1972	0.873550720014913	-1.7477027830362	2.0124501450409	-0.86844525681439	0.3851506285872	NA
1973	8.06163917084579	-1.72501292895027	0.827419551878446	-2.08481045079738	0.0370865097035045	0.0908009403337402
1974	8.06163917084579	-1.72501292895027	0.827419551878446	-2.08481045079738	0.0370865097035045	0.0908009403337402
1975	5.30209559647304	0.313073188565388	0.786121672253403	0.398250295870829	0.690445694775339	0.763727131434401
1976	5.30209559647304	0.313073188565388	0.786121672253403	0.398250295870829	0.690445694775339	0.763727131434401
1977	2.41652801481281	-3.4886297338405	1.47537595331801	-2.36457001077917	0.0180510151938724	0.053654822232317
1978	2.41652801481281	-3.4886297338405	1.47537595331801	-2.36457001077917	0.0180510151938724	0.053654822232317
1979	1.94613846583004	-2.01242900126662	1.39837621760993	-1.43911844031946	0.150116968213599	0.247348476460226
1980	1.94613846583004	-2.01242900126662	1.39837621760993	-1.43911844031946	0.150116968213599	0.247348476460226
1981	15.998356955836	-3.7611045072329	0.967821373714814	-3.88615565783235	0.000101844217014788	0.00113160241127542
1982	15.998356955836	-3.7611045072329	0.967821373714814	-3.88615565783235	0.000101844217014788	0.00113160241127542
1983	26.8232836344445	-3.04111716898479	0.784008481096063	-3.8789340196081	0.00010491520437297	0.0011595891009644
1984	26.8232836344445	-3.04111716898479	0.784008481096063	-3.8789340196081	0.00010491520437297	0.0011595891009644
1985	13.7574034866488	-2.26309631621678	0.83401432412452	-2.71349813876685	0.00665769422320622	0.0259150284869936
1986	13.7574034866488	-2.26309631621678	0.83401432412452	-2.71349813876685	0.00665769422320622	0.0259150284869936
1987	0.436775360007456	-0.717854028375714	2.10172648415553	-0.341554447635058	0.732686223085295	NA
1988	0.436775360007456	-0.717854028375714	2.10172648415553	-0.341554447635058	0.732686223085295	NA
1989	0	NA	NA	NA	NA	NA
1990	0	NA	NA	NA	NA	NA
1991	0	NA	NA	NA	NA	NA
1992	0	NA	NA	NA	NA	NA
1993	4.70246688746605	-4.41452057554428	1.39046959759062	-3.17484149469624	0.00149918369087568	0.00857843528838945
1994	4.70246688746605	-4.41452057554428	1.39046959759062	-3.17484149469624	0.00149918369087568	0.00857843528838945
1995	3.8599833986638	-1.93984501605131	1.15742181471505	-1.67600523109968	0.0937371679746242	0.176149105833968
1996	3.8599833986638	-1.93984501605131	1.15742181471505	-1.67600523109968	0.0937371679746242	0.176149105833968
1997	0	NA	NA	NA	NA	NA
1998	0	NA	NA	NA	NA	NA
1999	0	NA	NA	NA	NA	NA
2000	0	NA	NA	NA	NA	NA
2001	0	NA	NA	NA	NA	NA
2002	0	NA	NA	NA	NA	NA
2003	0	NA	NA	NA	NA	NA
2004	0	NA	NA	NA	NA	NA
2005	0	NA	NA	NA	NA	NA
2006	0	NA	NA	NA	NA	NA
2007	0	NA	NA	NA	NA	NA
2008	0	NA	NA	NA	NA	NA
2009	0	NA	NA	NA	NA	NA
2010	0	NA	NA	NA	NA	NA
2011	4.76769961836998	-1.49471682275219	0.980635409043288	-1.52423297075357	0.12745052453608	0.219742283682897
2012	4.76769961836998	-1.49471682275219	0.980635409043288	-1.52423297075357	0.12745052453608	0.219742283682897
2013	0	NA	NA	NA	NA	NA
2014	0	NA	NA	NA	NA	NA
2015	0	NA	NA	NA	NA	NA
2016	0	NA	NA	NA	NA	NA
2017	0	NA	NA	NA	NA	NA
2018	0	NA	NA	NA	NA	NA
2019	0.102062072615966	0.0151395672302882	2.09688988419048	0.00722001061878979	0.99423931504784	NA
2020	0.102062072615966	0.0151395672302882	2.09688988419048	0.00722001061878979	0.99423931504784	NA
2021	0	NA	NA	NA	NA	NA
2022	0	NA	NA	NA	NA	NA
2023	0.329626167959777	0.605654192809648	2.0991405715485	0.288524837744843	0.772945020734111	NA
2024	0.329626167959777	0.605654192809648	2.0991405715485	0.288524837744843	0.772945020734111	NA
2025	5.52833903583783	0.354635964094931	0.822972529152842	0.430920779895277	0.666525973525128	0.744523693831259
2026	5.52833903583783	0.354635964094931	0.822972529152842	0.430920779895277	0.666525973525128	0.744523693831259
2027	1.11946764603889	0.777740889818454	1.67246886398355	0.465025631607875	0.641913101329133	NA
2028	1.11946764603889	0.777740889818454	1.67246886398355	0.465025631607875	0.641913101329133	NA
2029	1.65453861520962	0.81686548131633	1.34555015168809	0.607086610849483	0.543793435250656	0.63970925911218
2030	1.65453861520962	0.81686548131633	1.34555015168809	0.607086610849483	0.543793435250656	0.63970925911218
2031	0.227564095343811	1.16277842171323	2.09495177282485	0.555038276678481	0.578868479644751	NA
2032	0.227564095343811	1.16277842171323	2.09495177282485	0.555038276678481	0.578868479644751	NA
2033	0	NA	NA	NA	NA	NA
2034	0	NA	NA	NA	NA	NA
2035	0	NA	NA	NA	NA	NA
2036	0	NA	NA	NA	NA	NA
2037	0	NA	NA	NA	NA	NA
2038	0	NA	NA	NA	NA	NA
2039	0.227564095343811	1.16277842171323	2.09495177282485	0.555038276678481	0.578868479644751	NA
2040	0.227564095343811	1.16277842171323	2.09495177282485	0.555038276678481	0.578868479644751	NA
2041	2.2154953419659	0.371228365376181	1.21207153758228	0.306275953081674	0.759394546688496	0.823085702217209
2042	2.2154953419659	0.371228365376181	1.21207153758228	0.306275953081674	0.759394546688496	0.823085702217209
2043	0	NA	NA	NA	NA	NA
2044	0	NA	NA	NA	NA	NA
2045	0	NA	NA	NA	NA	NA
2046	0	NA	NA	NA	NA	NA
2047	1.35720598024613	-0.423986014686419	1.59323924764633	-0.266115723242927	0.790150086083277	NA
2048	1.35720598024613	-0.423986014686419	1.59323924764633	-0.266115723242927	0.790150086083277	NA
2049	0	NA	NA	NA	NA	NA
2050	0	NA	NA	NA	NA	NA
2051	0	NA	NA	NA	NA	NA
2052	0	NA	NA	NA	NA	NA
2053	0	NA	NA	NA	NA	NA
2054	0	NA	NA	NA	NA	NA
2055	0.232651214775525	-0.19316414502161	2.0980365678857	-0.0920690077467387	0.926643212073756	NA
2056	0.232651214775525	-0.19316414502161	2.0980365678857	-0.0920690077467387	0.926643212073756	NA
2057	0.334713287391491	-0.530109587478167	2.10015201911518	-0.252414864568474	0.800720411785564	NA
2058	0.334713287391491	-0.530109587478167	2.10015201911518	-0.252414864568474	0.800720411785564	NA
2059	0	NA	NA	NA	NA	NA
2060	0	NA	NA	NA	NA	NA
2061	0.102062072615966	0.0151395672302882	2.09688988419048	0.00722001061878979	0.99423931504784	NA
2062	0.102062072615966	0.0151395672302882	2.09688988419048	0.00722001061878979	0.99423931504784	NA
2063	0.102062072615966	0.0151395672302882	2.09688988419048	0.00722001061878979	0.99423931504784	NA
2064	0.102062072615966	0.0151395672302882	2.09688988419048	0.00722001061878979	0.99423931504784	NA
2065	0.102062072615966	0.0151395672302882	2.09688988419048	0.00722001061878979	0.99423931504784	NA
2066	0.102062072615966	0.0151395672302882	2.09688988419048	0.00722001061878979	0.99423931504784	NA
2067	0	NA	NA	NA	NA	NA
2068	0	NA	NA	NA	NA	NA
2069	0	NA	NA	NA	NA	NA
2070	0	NA	NA	NA	NA	NA
2071	0	NA	NA	NA	NA	NA
2072	0	NA	NA	NA	NA	NA
2073	0	NA	NA	NA	NA	NA
2074	0	NA	NA	NA	NA	NA
2075	0	NA	NA	NA	NA	NA
2076	0	NA	NA	NA	NA	NA
2077	0.102062072615966	0.0151395672302882	2.09688988419048	0.00722001061878979	0.99423931504784	NA
2078	0.102062072615966	0.0151395672302882	2.09688988419048	0.00722001061878979	0.99423931504784	NA
2079	0.227564095343811	1.16277842171323	2.09495177282485	0.555038276678481	0.578868479644751	NA
2080	0.227564095343811	1.16277842171323	2.09495177282485	0.555038276678481	0.578868479644751	NA
2081	0	NA	NA	NA	NA	NA
2082	0	NA	NA	NA	NA	NA
2083	0.436775360007456	-0.717854028375714	2.10172648415553	-0.341554447635058	0.732686223085295	NA
2084	0.436775360007456	-0.717854028375714	2.10172648415553	-0.341554447635058	0.732686223085295	NA
2085	12.5809042315855	-5.69921563177246	1.36729806219765	-4.16823206975964	3.06971313833023e-05	0.00044305138078993
2086	12.5809042315855	-5.69921563177246	1.36729806219765	-4.16823206975964	3.06971313833023e-05	0.00044305138078993
2087	0.460215310119336	0.276912429550551	2.10151614532912	0.131767928676648	0.895167854523936	NA
2088	0.460215310119336	0.276912429550551	2.10151614532912	0.131767928676648	0.895167854523936	NA
2089	0	NA	NA	NA	NA	NA
2090	0	NA	NA	NA	NA	NA
2091	0.102062072615966	0.0151395672302882	2.09688988419048	0.00722001061878979	0.99423931504784	NA
2092	0.102062072615966	0.0151395672302882	2.09688988419048	0.00722001061878979	0.99423931504784	NA
2093	0.204124145231932	-0.289902072294537	2.0984847144607	-0.138148288761322	0.890123222704436	NA
2094	0.204124145231932	-0.289902072294537	2.0984847144607	-0.138148288761322	0.890123222704436	NA
2095	0	NA	NA	NA	NA	NA
2096	0	NA	NA	NA	NA	NA
2097	0	NA	NA	NA	NA	NA
2098	0	NA	NA	NA	NA	NA
2099	0	NA	NA	NA	NA	NA
2100	0	NA	NA	NA	NA	NA
2101	0.329626167959777	0.605654192809648	2.0991405715485	0.288524837744843	0.772945020734111	NA
2102	0.329626167959777	0.605654192809648	2.0991405715485	0.288524837744843	0.772945020734111	NA
2103	0.888137087242385	2.39869042557319	2.06491450232858	1.16164152213964	0.245381108426186	NA
2104	0.888137087242385	2.39869042557319	2.06491450232858	1.16164152213964	0.245381108426186	NA
2105	15.0151100860108	-2.43146615798737	0.771333822673239	-3.15228774690646	0.00161996548153311	0.00904767955111575
2106	15.0151100860108	-2.43146615798737	0.771333822673239	-3.15228774690646	0.00161996548153311	0.00904767955111575
2107	2.40258731249669	-0.991968862439918	1.22386214622929	-0.810523362860897	0.417639443089193	0.523764007457333
2108	2.40258731249669	-0.991968862439918	1.22386214622929	-0.810523362860897	0.417639443089193	0.523764007457333
2109	0.682692286031433	1.64314472634155	2.10054577766674	0.782246568397445	0.434069681442436	NA
2110	0.682692286031433	1.64314472634155	2.10054577766674	0.782246568397445	0.434069681442436	NA
2111	6.05951986120416	3.57650809607896	1.0034438059123	3.56423356744658	0.000364920905729333	0.00299349180481094
2112	6.05951986120416	3.57650809607896	1.0034438059123	3.56423356744658	0.000364920905729333	0.00299349180481094
2113	58.6792862080285	3.3798422182714	0.893253630079403	3.78374305399795	0.000154487313736979	0.00153391659029624
2114	58.6792862080285	3.3798422182714	0.893253630079403	3.78374305399795	0.000154487313736979	0.00153391659029624
2115	0.455128190687622	1.46332915655147	2.09860405196263	0.697286920409284	0.485623251838368	NA
2116	0.455128190687622	1.46332915655147	2.09860405196263	0.697286920409284	0.485623251838368	NA
2117	5.88661595369291	-1.6821650125798	0.888662427675801	-1.89291789569557	0.058368788989897	0.124884826162795
2118	5.88661595369291	-1.6821650125798	0.888662427675801	-1.89291789569557	0.058368788989897	0.124884826162795
2119	1.31032608002237	-2.53605447061539	1.72610010556136	-1.46923950844127	0.141767837720336	NA
2120	1.31032608002237	-2.53605447061539	1.72610010556136	-1.46923950844127	0.141767837720336	NA
2121	1.69191926763762	-0.808448957931583	1.4659780387828	-0.551474126176431	0.581308698682848	0.67171280145003
2122	1.69191926763762	-0.808448957931583	1.4659780387828	-0.551474126176431	0.581308698682848	0.67171280145003
2123	0.999052742742758	-0.87403617560947	1.74218541880253	-0.501689525222998	0.615885933861144	NA
2124	0.999052742742758	-0.87403617560947	1.74218541880253	-0.501689525222998	0.615885933861144	NA
2125	1.87260346275767	-1.90171822889812	1.40691803373302	-1.35169084715776	0.176474234291431	0.28011783220862
2126	1.87260346275767	-1.90171822889812	1.40691803373302	-1.35169084715776	0.176474234291431	0.28011783220862
2127	1.67356643695745	-2.87635747372412	1.63448596088736	-1.75979331885026	0.0784428563008049	0.154458507484004
2128	1.67356643695745	-2.87635747372412	1.63448596088736	-1.75979331885026	0.0784428563008049	0.154458507484004
2129	1.07258774581513	-1.05126057515275	1.73226051262502	-0.606872100062884	0.543935794914801	NA
2130	1.07258774581513	-1.05126057515275	1.73226051262502	-0.606872100062884	0.543935794914801	NA
2131	1.4307409833185	-0.594786917761967	1.4800426518347	-0.401871471085412	0.687778619548742	NA
2132	1.4307409833185	-0.594786917761967	1.4800426518347	-0.401871471085412	0.687778619548742	NA
2133	0.970525673199165	-0.879241494083832	1.78417221075644	-0.492800800720383	0.622153344900128	NA
2134	0.970525673199165	-0.879241494083832	1.78417221075644	-0.492800800720383	0.622153344900128	NA
2135	42.3226750095996	2.61636154636776	0.986842573046049	2.6512451102428	0.00801956186531586	0.0294167334797612
2136	42.3226750095996	2.61636154636776	0.986842573046049	2.6512451102428	0.00801956186531586	0.0294167334797612
2137	2.62065216004474	-3.62278828169355	1.45290416464525	-2.4934805542237	0.0126497513030487	0.0406184674868537
2138	2.62065216004474	-3.62278828169355	1.45290416464525	-2.4934805542237	0.0126497513030487	0.0406184674868537
2139	2.81460206641324	-1.75093582464996	1.20356208183973	-1.45479477217622	0.145726085917348	0.243747336062469
2140	2.81460206641324	-1.75093582464996	1.20356208183973	-1.45479477217622	0.145726085917348	0.243747336062469
2141	1.55624300604635	0.0319495344115111	1.40493959289757	0.0227408598725713	0.981856982788707	0.987027124871367
2142	1.55624300604635	0.0319495344115111	1.40493959289757	0.0227408598725713	0.981856982788707	0.987027124871367
2143	93.8824549209748	-1.80984429467895	0.966579690695391	-1.87242118999716	0.0611483557048315	0.12886256596101
2144	93.8824549209748	-1.80984429467895	0.966579690695391	-1.87242118999716	0.0611483557048315	0.12886256596101
2145	1.35211886081441	0.375898423621385	1.54634543884166	0.243088260992294	0.807937024884847	NA
2146	1.35211886081441	0.375898423621385	1.54634543884166	0.243088260992294	0.807937024884847	NA
2147	0.334713287391491	-0.530109587478167	2.10015201911518	-0.252414864568474	0.800720411785564	NA
2148	0.334713287391491	-0.530109587478167	2.10015201911518	-0.252414864568474	0.800720411785564	NA
2149	2.87674332493214	-2.5299299806628	1.30553022097126	-1.93785631310828	0.0526407551501502	0.118104258349696
2150	2.87674332493214	-2.5299299806628	1.30553022097126	-1.93785631310828	0.0526407551501502	0.118104258349696
2151	0.204124145231932	-0.289902072294537	2.0984847144607	-0.138148288761322	0.890123222704436	NA
2152	0.204124145231932	-0.289902072294537	2.0984847144607	-0.138148288761322	0.890123222704436	NA
2153	2.42602726260857	-0.291473304868621	1.13498036192659	-0.256809117273055	0.797326131501638	0.846076238581829
2154	2.42602726260857	-0.291473304868621	1.13498036192659	-0.256809117273055	0.797326131501638	0.846076238581829
2155	2.08999331923805	-0.0318156641472725	1.23797855112127	-0.0256996893188951	0.979496871663834	0.987027124871367
2156	2.08999331923805	-0.0318156641472725	1.23797855112127	-0.0256996893188951	0.979496871663834	0.987027124871367
2157	1.77627417448477	3.87180667855454	1.69942654629067	2.27830187012525	0.0227085983236519	0.0637540862027661
2158	1.77627417448477	3.87180667855454	1.69942654629067	2.27830187012525	0.0227085983236519	0.0637540862027661
2159	1.98925190260111	0.251505787748102	1.22782459537351	0.20483853206377	0.837698281030505	0.878485088721129
2160	1.98925190260111	0.251505787748102	1.22782459537351	0.20483853206377	0.837698281030505	0.878485088721129
2161	3.08527959852812	0.103211513886526	0.979676638583594	0.105352633534007	0.916095999788787	0.939345075593738
2162	3.08527959852812	0.103211513886526	0.979676638583594	0.105352633534007	0.916095999788787	0.939345075593738
2163	1.22661683808657	-0.277769180721582	1.5909008943486	-0.174598670293234	0.861394993488318	NA
2164	1.22661683808657	-0.277769180721582	1.5909008943486	-0.174598670293234	0.861394993488318	NA
2165	0.102062072615966	0.0151395672302882	2.09688988419048	0.00722001061878979	0.99423931504784	NA
2166	0.102062072615966	0.0151395672302882	2.09688988419048	0.00722001061878979	0.99423931504784	NA
2167	1.09734835190603	0.0477773055396717	1.81400216453705	0.0263380642392259	0.978987694560568	NA
2168	1.09734835190603	0.0477773055396717	1.81400216453705	0.0263380642392259	0.978987694560568	NA
2169	0	NA	NA	NA	NA	NA
2170	0	NA	NA	NA	NA	NA
2171	1.63486512855043	-0.85685217732724	1.41501736420584	-0.605541811006778	0.544819052343873	0.63970925911218
2172	1.63486512855043	-0.85685217732724	1.41501736420584	-0.605541811006778	0.544819052343873	0.63970925911218
2173	30.7274449060579	1.95403634710135	0.741212099346585	2.63627151907522	0.00838226290982786	0.0302712847990344
2174	30.7274449060579	1.95403634710135	0.741212099346585	2.63627151907522	0.00838226290982786	0.0302712847990344
2175	77.0222077527277	1.02385882013966	1.3294730951439	0.77012376096926	0.441226482474679	0.547459741918361
2176	77.0222077527277	1.02385882013966	1.3294730951439	0.77012376096926	0.441226482474679	0.547459741918361
2177	77.0222077527277	1.02385882013966	1.3294730951439	0.77012376096926	0.441226482474679	0.547459741918361
2178	2.61556504061302	-2.44097598730728	1.30714117183421	-1.86741573129554	0.0618435546559087	0.129676949353378
2179	2.61556504061302	-2.44097598730728	1.30714117183421	-1.86741573129554	0.0618435546559087	0.129676949353378
2180	32.5299354442105	-6.81593196258379	1.39220167091671	-4.89579355130047	9.79098140493519e-07	4.95447251815998e-05
2181	32.5299354442105	-6.81593196258379	1.39220167091671	-4.89579355130047	9.79098140493519e-07	4.95447251815998e-05
2182	0	NA	NA	NA	NA	NA
2183	0	NA	NA	NA	NA	NA
2184	0.669426574782981	-1.18312895308249	2.12141177000729	-0.557708300580618	0.577043588664145	NA
2185	0.669426574782981	-1.18312895308249	2.12141177000729	-0.557708300580618	0.577043588664145	NA
2186	0.789841478079113	0.591149938434629	1.93523818614374	0.305466243208329	0.760011076119735	NA
2187	0.789841478079113	0.591149938434629	1.93523818614374	0.305466243208329	0.760011076119735	NA
2188	0	NA	NA	NA	NA	NA
2189	0	NA	NA	NA	NA	NA
2190	0	NA	NA	NA	NA	NA
2191	0	NA	NA	NA	NA	NA
2192	2.57873569890098	0.0890489678457234	1.15969938532878	0.0767862507924652	0.938793588721241	0.958185436847925
2193	2.57873569890098	0.0890489678457234	1.15969938532878	0.0767862507924652	0.938793588721241	0.958185436847925
2194	0.204124145231932	-0.289902072294537	2.0984847144607	-0.138148288761322	0.890123222704436	NA
2195	0.204124145231932	-0.289902072294537	2.0984847144607	-0.138148288761322	0.890123222704436	NA
2196	0.891903550695079	0.313143053340604	1.82650082124636	0.171444244479958	0.863874467683476	NA
2197	0.891903550695079	0.313143053340604	1.82650082124636	0.171444244479958	0.863874467683476	NA
2198	1.02249269285464	0.0957971624594194	1.79692756663029	0.0533116438516574	0.957483602943988	NA
2199	1.02249269285464	0.0957971624594194	1.79692756663029	0.0533116438516574	0.957483602943988	NA
2200	0	NA	NA	NA	NA	NA
2201	0	NA	NA	NA	NA	NA
2202	0.204124145231932	-0.289902072294537	2.0984847144607	-0.138148288761322	0.890123222704436	NA
2203	0.204124145231932	-0.289902072294537	2.0984847144607	-0.138148288761322	0.890123222704436	NA
2204	0.204124145231932	-0.289902072294537	2.0984847144607	-0.138148288761322	0.890123222704436	NA
2205	0.204124145231932	-0.289902072294537	2.0984847144607	-0.138148288761322	0.890123222704436	NA
2206	0	NA	NA	NA	NA	NA
2207	0	NA	NA	NA	NA	NA
2208	0.102062072615966	0.0151395672302882	2.09688988419048	0.00722001061878979	0.99423931504784	NA
2209	0.102062072615966	0.0151395672302882	2.09688988419048	0.00722001061878979	0.99423931504784	NA
2210	0.102062072615966	0.0151395672302882	2.09688988419048	0.00722001061878979	0.99423931504784	NA
2211	0.102062072615966	0.0151395672302882	2.09688988419048	0.00722001061878979	0.99423931504784	NA
2212	0.102062072615966	0.0151395672302882	2.09688988419048	0.00722001061878979	0.99423931504784	NA
2213	0.102062072615966	0.0151395672302882	2.09688988419048	0.00722001061878979	0.99423931504784	NA
2214	0	NA	NA	NA	NA	NA
2215	0	NA	NA	NA	NA	NA
2216	0	NA	NA	NA	NA	NA
2217	0	NA	NA	NA	NA	NA
2218	0	NA	NA	NA	NA	NA
2219	0	NA	NA	NA	NA	NA
2220	0.232651214775525	-0.19316414502161	2.0980365678857	-0.0920690077467387	0.926643212073756	NA
2221	0.232651214775525	-0.19316414502161	2.0980365678857	-0.0920690077467387	0.926643212073756	NA
2222	0.102062072615966	0.0151395672302882	2.09688988419048	0.00722001061878979	0.99423931504784	NA
2223	0.102062072615966	0.0151395672302882	2.09688988419048	0.00722001061878979	0.99423931504784	NA
2224	0.102062072615966	0.0151395672302882	2.09688988419048	0.00722001061878979	0.99423931504784	NA
2225	0.102062072615966	0.0151395672302882	2.09688988419048	0.00722001061878979	0.99423931504784	NA
2226	1.46744664467883	2.70006186933712	1.78827364943582	1.50987063427846	0.131076437122961	NA
2227	1.46744664467883	2.70006186933712	1.78827364943582	1.50987063427846	0.131076437122961	NA
2228	2.65735782140507	-0.462787579862652	1.10818896513125	-0.417607099893691	0.676234404920698	0.751367748952292
2229	2.65735782140507	-0.462787579862652	1.10818896513125	-0.417607099893691	0.676234404920698	0.751367748952292
2230	2.3239651899926	-0.156986248794879	1.15870502523234	-0.135484221934224	0.892229038305267	0.918696239490591
2231	2.3239651899926	-0.156986248794879	1.15870502523234	-0.135484221934224	0.892229038305267	0.918696239490591
2232	0.102062072615966	0.0151395672302882	2.09688988419048	0.00722001061878979	0.99423931504784	NA
2233	0.102062072615966	0.0151395672302882	2.09688988419048	0.00722001061878979	0.99423931504784	NA
2234	0	NA	NA	NA	NA	NA
2235	0	NA	NA	NA	NA	NA
2236	0	NA	NA	NA	NA	NA
2237	0	NA	NA	NA	NA	NA
2238	0.891903550695079	0.313143053340604	1.82650082124636	0.171444244479958	0.863874467683476	NA
2239	0.891903550695079	0.313143053340604	1.82650082124636	0.171444244479958	0.863874467683476	NA
2240	6.49697021227928	0.898157276918868	0.814537662319333	1.1026589910667	0.270175281911442	0.377741739023987
2241	6.49697021227928	0.898157276918868	0.814537662319333	1.1026589910667	0.270175281911442	0.377741739023987
2242	11.1143778756742	1.18679641149151	0.68703332781413	1.72742189271579	0.084091921626202	0.16305912780704
2243	11.1143778756742	1.18679641149151	0.68703332781413	1.72742189271579	0.084091921626202	0.16305912780704
2244	66.5943745199724	5.47976068100833	1.06631246225341	5.13898212295867	2.76230674240061e-07	3.31476809088074e-05
2245	66.5943745199724	5.47976068100833	1.06631246225341	5.13898212295867	2.76230674240061e-07	3.31476809088074e-05
2246	0.232651214775525	-0.19316414502161	2.0980365678857	-0.0920690077467387	0.926643212073756	NA
2247	0.232651214775525	-0.19316414502161	2.0980365678857	-0.0920690077467387	0.926643212073756	NA
2248	2.10016755810148	-1.21559973985455	1.28940194625814	-0.942762451524315	0.345802421585964	0.452277720387934
2249	2.10016755810148	-1.21559973985455	1.28940194625814	-0.942762451524315	0.345802421585964	0.452277720387934
2250	1.43582810275021	-1.47721095800229	1.52247730292126	-0.970267967323967	0.331912939752242	NA
2251	1.43582810275021	-1.47721095800229	1.52247730292126	-0.970267967323967	0.331912939752242	NA
2252	0.947085723087285	-1.87527622269716	2.00012112589023	-0.937581328662036	0.348459610401336	NA
2253	0.947085723087285	-1.87527622269716	2.00012112589023	-0.937581328662036	0.348459610401336	NA
2254	7.71273782043475	2.40947782505947	0.834051580061084	2.88888347274998	0.00386612312736746	0.0176688978617447
2255	7.71273782043475	2.40947782505947	0.834051580061084	2.88888347274998	0.00386612312736746	0.0176688978617447
2256	1.74710144002983	-3.02039471725982	1.57052262036403	-1.92317810523462	0.0544576859708159	0.119853737674905
2257	1.74710144002983	-3.02039471725982	1.57052262036403	-1.92317810523462	0.0544576859708159	0.119853737674905
2258	0.455128190687622	1.46332915655147	2.09860405196263	0.697286920409284	0.485623251838368	NA
2259	0.455128190687622	1.46332915655147	2.09860405196263	0.697286920409284	0.485623251838368	NA
2260	0	NA	NA	NA	NA	NA
2261	0	NA	NA	NA	NA	NA
2262	0.910256381375245	1.8949507654303	2.11458035208375	0.896135615543281	0.370180337336823	NA
2263	0.910256381375245	1.8949507654303	2.11458035208375	0.896135615543281	0.370180337336823	NA
2264	0.227564095343811	1.16277842171323	2.09495177282485	0.555038276678481	0.578868479644751	NA
2265	0.227564095343811	1.16277842171323	2.09495177282485	0.555038276678481	0.578868479644751	NA
2266	0.329626167959777	0.605654192809648	2.0991405715485	0.288524837744843	0.772945020734111	NA
2267	0.329626167959777	0.605654192809648	2.0991405715485	0.288524837744843	0.772945020734111	NA
2268	0.664339455351268	-0.218000059103391	2.01088723535044	-0.108409887571543	0.913670558214857	NA
2269	0.664339455351268	-0.218000059103391	2.01088723535044	-0.108409887571543	0.913670558214857	NA
2270	0.334713287391491	-0.530109587478167	2.10015201911518	-0.252414864568474	0.800720411785564	NA
2271	0.334713287391491	-0.530109587478167	2.10015201911518	-0.252414864568474	0.800720411785564	NA
2272	0.334713287391491	-0.530109587478167	2.10015201911518	-0.252414864568474	0.800720411785564	NA
2273	0	NA	NA	NA	NA	NA
2274	0	NA	NA	NA	NA	NA
2275	0	NA	NA	NA	NA	NA
2276	316.578422051246	2.13224243598407	2.0258236555919	1.05253111745359	0.292555941616094	0.399458697915343
2277	316.578422051246	2.13224243598407	2.0258236555919	1.05253111745359	0.292555941616094	0.399458697915343
2278	316.578422051246	2.13224243598407	2.0258236555919	1.05253111745359	0.292555941616094	0.399458697915343
2279	0.975612792630879	-1.97724141485751	1.93871554125265	-1.01987185473325	0.307789239391845	NA
2280	0.975612792630879	-1.97724141485751	1.93871554125265	-1.01987185473325	0.307789239391845	NA
2281	2.86280262261602	-0.68491442872823	1.0782897542571	-0.63518588211024	0.525307189821399	0.621665313398105
2282	2.86280262261602	-0.68491442872823	1.0782897542571	-0.63518588211024	0.525307189821399	0.621665313398105
2283	0.436775360007456	-0.717854028375714	2.10172648415553	-0.341554447635058	0.732686223085295	NA
2284	0.436775360007456	-0.717854028375714	2.10172648415553	-0.341554447635058	0.732686223085295	NA
2285	1.43206163929752	-0.645042651554598	1.63861776887756	-0.393650467977316	0.693839115377449	NA
2286	1.43206163929752	-0.645042651554598	1.63861776887756	-0.393650467977316	0.693839115377449	NA
2287	0.431688240575743	0.300911269897379	2.10125340962322	0.143205606957866	0.886127801753767	NA
2288	0.431688240575743	0.300911269897379	2.10125340962322	0.143205606957866	0.886127801753767	NA
2289	0	NA	NA	NA	NA	NA
2290	0	NA	NA	NA	NA	NA
2291	0	NA	NA	NA	NA	NA
2292	0	NA	NA	NA	NA	NA
2293	0.669426574782981	-1.18312895308249	2.12141177000729	-0.557708300580618	0.577043588664145	NA
2294	0.669426574782981	-1.18312895308249	2.12141177000729	-0.557708300580618	0.577043588664145	NA
2295	0	NA	NA	NA	NA	NA
2296	0	NA	NA	NA	NA	NA
2297	0.102062072615966	0.0151395672302882	2.09688988419048	0.00722001061878979	0.99423931504784	NA
2298	0.102062072615966	0.0151395672302882	2.09688988419048	0.00722001061878979	0.99423931504784	NA
2299	0.232651214775525	-0.19316414502161	2.0980365678857	-0.0920690077467387	0.926643212073756	NA
2300	0.232651214775525	-0.19316414502161	2.0980365678857	-0.0920690077467387	0.926643212073756	NA
2301	0	NA	NA	NA	NA	NA
2302	0	NA	NA	NA	NA	NA
2303	0.891903550695079	0.313143053340604	1.82650082124636	0.171444244479958	0.863874467683476	NA
2304	0.891903550695079	0.313143053340604	1.82650082124636	0.171444244479958	0.863874467683476	NA
2305	1.56133012547806	-0.697299979823281	1.44694260268154	-0.481912674719102	0.629867981825546	0.710568230907143
2306	1.56133012547806	-0.697299979823281	1.44694260268154	-0.481912674719102	0.629867981825546	0.710568230907143
2307	1.58477007558994	0.0445760715618533	1.48405032334811	0.0300367655062309	0.976037731755774	0.98447609831274
2308	1.58477007558994	0.0445760715618533	1.48405032334811	0.0300367655062309	0.976037731755774	0.98447609831274
2309	6.30491480266849	-0.179353828734831	0.785058739251787	-0.228459120021729	0.819289333275492	0.862409824500518
2310	6.30491480266849	-0.179353828734831	0.785058739251787	-0.228459120021729	0.819289333275492	0.862409824500518
2311	5.26783574258638	-1.04542325630982	0.911002328946002	-1.14755278125286	0.251153232119271	0.356125447299438
2312	5.26783574258638	-1.04542325630982	0.911002328946002	-1.14755278125286	0.251153232119271	0.356125447299438
2313	0	NA	NA	NA	NA	NA
2314	0	NA	NA	NA	NA	NA
2315	5.70525676750519	0.284920450047235	0.795430558652537	0.358196509988114	0.720196258833757	0.791010535329963
2316	5.70525676750519	0.284920450047235	0.795430558652537	0.358196509988114	0.720196258833757	0.791010535329963
2317	0.557190263303588	0.93792212795813	2.1015277568334	0.446304896477504	0.655377019783103	NA
2318	0.557190263303588	0.93792212795813	2.1015277568334	0.446304896477504	0.655377019783103	NA
2319	2.20222963071745	-1.30547462405518	1.26612680255388	-1.03107731502242	0.302504564825957	0.410109481042291
2320	2.20222963071745	-1.30547462405518	1.26612680255388	-1.03107731502242	0.302504564825957	0.410109481042291
2321	2.18387680003728	-3.36012747252439	1.49417287136508	-2.24882109488079	0.0245238807093102	0.0669267699669283
2322	2.18387680003728	-3.36012747252439	1.49417287136508	-2.24882109488079	0.0245238807093102	0.0669267699669283
2323	2.03481114684585	1.26100468249144	1.35390138481327	0.931385916755938	0.351653973187736	0.458252152463076
2324	2.03481114684585	1.26100468249144	1.35390138481327	0.931385916755938	0.351653973187736	0.458252152463076
2325	0.659252335919554	0.693501941428492	2.12273943425933	0.326701398313859	0.743893742536631	NA
2326	0.659252335919554	0.693501941428492	2.12273943425933	0.326701398313859	0.743893742536631	NA
2327	0	NA	NA	NA	NA	NA
2328	0	NA	NA	NA	NA	NA
2329	1.07767486524684	-2.17633120654209	1.87040749752695	-1.16355992446546	0.244602400160686	NA
2330	1.07767486524684	-2.17633120654209	1.87040749752695	-1.16355992446546	0.244602400160686	NA
2331	7.6977012927803	0.852225147631817	0.763219379041047	1.11661885302572	0.264157327121413	0.371954169086525
2332	7.6977012927803	0.852225147631817	0.763219379041047	1.11661885302572	0.264157327121413	0.371954169086525
2333	1.95122558526176	-3.2066140601429	1.52860001465251	-2.09774566885102	0.0359276182821628	0.0887623510500492
2334	1.95122558526176	-3.2066140601429	1.52860001465251	-2.09774566885102	0.0359276182821628	0.0887623510500492
2335	3.66979995574799	-4.11197994535056	1.41060118909596	-2.91505492632251	0.00355625948003755	0.0166489590405932
2336	3.66979995574799	-4.11197994535056	1.41060118909596	-2.91505492632251	0.00355625948003755	0.0166489590405932
2337	10.8817266608987	1.26449761127683	0.699870573796612	1.80675921894711	0.070799829814443	0.143209429229162
2338	10.8817266608987	1.26449761127683	0.699870573796612	1.80675921894711	0.070799829814443	0.143209429229162
2339	12.8077414796425	0.036057188828098	0.622674395424514	0.0579069720756956	0.953822729530225	0.966975542864864
2340	12.8077414796425	0.036057188828098	0.622674395424514	0.0579069720756956	0.953822729530225	0.966975542864864
2341	1.73824785714542	-1.16944751169667	1.52268383340481	-0.768017290287849	0.442476912758722	0.54771677971902
2342	1.73824785714542	-1.16944751169667	1.52268383340481	-0.768017290287849	0.442476912758722	0.54771677971902
2343	0.891903550695079	0.313143053340604	1.82650082124636	0.171444244479958	0.863874467683476	NA
2344	0.891903550695079	0.313143053340604	1.82650082124636	0.171444244479958	0.863874467683476	NA
2345	1.22661683808657	-0.277769180721582	1.5909008943486	-0.174598670293234	0.861394993488318	NA
2346	1.22661683808657	-0.277769180721582	1.5909008943486	-0.174598670293234	0.861394993488318	NA
2347	1.42697451986581	0.379838247430157	1.48560955491071	0.255678382098846	0.79819918904202	NA
2348	1.42697451986581	0.379838247430157	1.48560955491071	0.255678382098846	0.79819918904202	NA
2349	0.896990670126792	-0.671851961788102	1.83207637872	-0.366716131266044	0.713830772624265	NA
2350	0.896990670126792	-0.671851961788102	1.83207637872	-0.366716131266044	0.713830772624265	NA
2351	1.89095629343784	-0.338363477134851	1.29009169101793	-0.262278626775644	0.793106638765807	0.843303261472503
2352	1.89095629343784	-0.338363477134851	1.29009169101793	-0.262278626775644	0.793106638765807	0.843303261472503
2353	1.79398134025358	-0.917130821614312	1.40451198084186	-0.652988962802999	0.513763394040941	0.61041195331597
2354	1.79398134025358	-0.917130821614312	1.40451198084186	-0.652988962802999	0.513763394040941	0.61041195331597
2355	1.64503936741386	-2.91315552298985	1.60081229262054	-1.81979832140157	0.0687897234663693	0.140187326443975
2356	1.64503936741386	-2.91315552298985	1.60081229262054	-1.81979832140157	0.0687897234663693	0.140187326443975
2357	0.538837432623422	-0.864822990680704	2.10272243892331	-0.411287279134916	0.680861896192882	NA
2358	0.538837432623422	-0.864822990680704	2.10272243892331	-0.411287279134916	0.680861896192882	NA
2359	0.538837432623422	-0.864822990680704	2.10272243892331	-0.411287279134916	0.680861896192882	NA
2360	0.538837432623422	-0.864822990680704	2.10272243892331	-0.411287279134916	0.680861896192882	NA
2361	0.873550720014913	-1.7477027830362	2.0124501450409	-0.86844525681439	0.3851506285872	NA
2362	0.873550720014913	-1.7477027830362	2.0124501450409	-0.86844525681439	0.3851506285872	NA
2363	1.61142517843855	-1.72334848934885	1.49109082499759	-1.15576359297337	0.24777786848392	0.355176466768759
2364	1.61142517843855	-1.72334848934885	1.49109082499759	-1.15576359297337	0.24777786848392	0.355176466768759
2365	1.23679107695	-2.33485439035843	1.82396805118361	-1.28009610082989	0.200511339819622	NA
2366	1.23679107695	-2.33485439035843	1.82396805118361	-1.28009610082989	0.200511339819622	NA
2367	0.669426574782981	-1.18312895308249	2.12141177000729	-0.557708300580618	0.577043588664145	NA
2368	0.669426574782981	-1.18312895308249	2.12141177000729	-0.557708300580618	0.577043588664145	NA
2369	0.80001571694254	-1.44517150746282	2.09809344466994	-0.688802260516175	0.490947712918703	NA
2370	0.80001571694254	-1.44517150746282	2.09809344466994	-0.688802260516175	0.490947712918703	NA
2371	0.334713287391491	-0.530109587478167	2.10015201911518	-0.252414864568474	0.800720411785564	NA
2372	0.334713287391491	-0.530109587478167	2.10015201911518	-0.252414864568474	0.800720411785564	NA
2373	0.334713287391491	-0.530109587478167	2.10015201911518	-0.252414864568474	0.800720411785564	NA
2374	0.334713287391491	-0.530109587478167	2.10015201911518	-0.252414864568474	0.800720411785564	NA
2375	1.45926805286209	-0.563997922762868	1.50923510714158	-0.3736978553534	0.708629121100224	NA
2376	1.45926805286209	-0.563997922762868	1.50923510714158	-0.3736978553534	0.708629121100224	NA
2377	1.32999956668156	-0.416515249335411	1.70567485028045	-0.244193815290721	0.807080716788149	NA
2378	1.32999956668156	-0.416515249335411	1.70567485028045	-0.244193815290721	0.807080716788149	NA
2379	9.26417039390912	-3.48952816788335	1.04900901868811	-3.32649968276473	0.000879441199451965	0.00580763056241864
2380	9.26417039390912	-3.48952816788335	1.04900901868811	-3.32649968276473	0.000879441199451965	0.00580763056241864
2381	1.5144502252543	-2.80093626769599	1.64135414778898	-1.70647892867548	0.0879189462214691	NA
2382	1.5144502252543	-2.80093626769599	1.64135414778898	-1.70647892867548	0.0879189462214691	NA
2383	0	NA	NA	NA	NA	NA
2384	0	NA	NA	NA	NA	NA
2385	0.562277382735302	0.0498330857396452	2.0951784918673	0.0237846493428024	0.981024384636588	NA
2386	0.562277382735302	0.0498330857396452	2.0951784918673	0.0237846493428024	0.981024384636588	NA
2387	0.538837432623422	-0.864822990680704	2.10272243892331	-0.411287279134916	0.680861896192882	NA
2388	0.538837432623422	-0.864822990680704	2.10272243892331	-0.411287279134916	0.680861896192882	NA
2389	15.752440029812	-5.9635186910946	1.3701584737088	-4.3524298871446	1.34636935776994e-05	0.00025727728879096
2390	15.752440029812	-5.9635186910946	1.3701584737088	-4.3524298871446	1.34636935776994e-05	0.00025727728879096
2391	10.0077844327694	-4.2693081025887	1.23996569503326	-3.44308565929656	0.000575117120288027	0.00422288794617083
2392	10.0077844327694	-4.2693081025887	1.23996569503326	-3.44308565929656	0.000575117120288027	0.00422288794617083
2393	5.22482345610429	-4.49066382546348	1.42267756533533	-3.15648741140092	0.00159681779958455	0.00896753037294231
2394	5.22482345610429	-4.49066382546348	1.42267756533533	-3.15648741140092	0.00159681779958455	0.00896753037294231
2395	3.28499161539601	-2.75966312795844	1.26689288135367	-2.17829239438913	0.0293842750476565	0.0759003414515112
2396	3.28499161539601	-2.75966312795844	1.26689288135367	-2.17829239438913	0.0293842750476565	0.0759003414515112
2397	4.96364517178517	-4.45580545909105	1.40142956742346	-3.17947156437057	0.00147543844920962	0.00848252279824141
2398	4.96364517178517	-4.45580545909105	1.40142956742346	-3.17947156437057	0.00147543844920962	0.00848252279824141
2399	13.674913750403	-1.458557315032	0.767888250098676	-1.89943955366496	0.057506707086749	0.124306829523595
2400	13.674913750403	-1.458557315032	0.767888250098676	-1.89943955366496	0.057506707086749	0.124306829523595
2401	52.8102216647313	-1.7950223813211	0.772061623779818	-2.32497293743616	0.0200734073257547	0.058223971524979
2402	52.8102216647313	-1.7950223813211	0.772061623779818	-2.32497293743616	0.0200734073257547	0.058223971524979
2403	9.0936604376525	-4.18535338681091	1.19173198203567	-3.51199216761947	0.000444761106356154	0.00349812106122818
2404	9.0936604376525	-4.18535338681091	1.19173198203567	-3.51199216761947	0.000444761106356154	0.00349812106122818
2405	0.640899505239388	-1.11512100132872	2.12268220907098	-0.525335821143369	0.599349759901581	NA
2406	0.640899505239388	-1.11512100132872	2.12268220907098	-0.525335821143369	0.599349759901581	NA
2407	0.999052742742758	-0.87403617560947	1.74218541880253	-0.501689525222998	0.615885933861144	NA
2408	0.999052742742758	-0.87403617560947	1.74218541880253	-0.501689525222998	0.615885933861144	NA
2409	0.436775360007456	-0.717854028375714	2.10172648415553	-0.341554447635058	0.732686223085295	NA
2410	0.436775360007456	-0.717854028375714	2.10172648415553	-0.341554447635058	0.732686223085295	NA
2411	0.975612792630879	-1.97724141485751	1.93871554125265	-1.01987185473325	0.307789239391845	NA
2412	0.975612792630879	-1.97724141485751	1.93871554125265	-1.01987185473325	0.307789239391845	NA
2413	8.13380166172009	1.95702208066311	0.736748272045716	2.65629680437402	0.00790040463751708	0.0292349775132791
2414	8.13380166172009	1.95702208066311	0.736748272045716	2.65629680437402	0.00790040463751708	0.0292349775132791
2415	10.4331592521298	-2.15663484358573	0.821692863667456	-2.62462404013105	0.00867446901173276	0.0310056495884957
2416	10.4331592521298	-2.15663484358573	0.821692863667456	-2.62462404013105	0.00867446901173276	0.0310056495884957
2417	0.910256381375245	1.8949507654303	2.11458035208375	0.896135615543281	0.370180337336823	NA
2418	0.910256381375245	1.8949507654303	2.11458035208375	0.896135615543281	0.370180337336823	NA
2419	2.9699518146637	-1.39225174774685	1.16690903381073	-1.19311078019529	0.232825990117606	0.339871370793662
2420	2.9699518146637	-1.39225174774685	1.16690903381073	-1.19311078019529	0.232825990117606	0.339871370793662
2421	1.97466553537364	-1.99665695643976	1.38482506126311	-1.44181168603245	0.149355505274293	0.247257832933398
2422	1.97466553537364	-1.99665695643976	1.38482506126311	-1.44181168603245	0.149355505274293	0.247257832933398
2423	2.19846316726475	-0.759067555521282	1.25683847113878	-0.60394996887191	0.54587690568587	0.640235410187281
2424	2.19846316726475	-0.759067555521282	1.25683847113878	-0.60394996887191	0.54587690568587	0.640235410187281
2425	1.9841647831694	0.900021437021237	1.21928931732248	0.738152482954297	0.460421794104693	0.564165406547234
2426	1.9841647831694	0.900021437021237	1.21928931732248	0.738152482954297	0.460421794104693	0.564165406547234
2427	1.63995224798215	-1.71818290437111	1.45445243798222	-1.18132629125691	0.237473126792137	0.344401634159867
2428	1.63995224798215	-1.71818290437111	1.45445243798222	-1.18132629125691	0.237473126792137	0.344401634159867
2429	2.53317645465624	-1.05909044102359	1.21165914857357	-0.874082816335283	0.382073154741667	0.48834669808734
2430	2.53317645465624	-1.05909044102359	1.21165914857357	-0.874082816335283	0.382073154741667	0.48834669808734
2431	2.21681599794492	0.598549986381594	1.14653056243526	0.522053232589159	0.601633267422621	0.690593893697264
2432	2.21681599794492	0.598549986381594	1.14653056243526	0.522053232589159	0.601633267422621	0.690593893697264
2433	15.2849443857264	3.80323316945201	1.31641497859863	2.88908378534305	0.00386366112604008	0.0176688978617447
2434	15.2849443857264	3.80323316945201	1.31641497859863	2.88908378534305	0.00386366112604008	0.0176688978617447
2435	3.61902991171983	0.04396915825424	0.929663199609565	0.0472957930062262	0.962277481027119	0.971997455582948
2436	3.61902991171983	0.04396915825424	0.929663199609565	0.0472957930062262	0.962277481027119	0.971997455582948
2437	2.12492816419238	-0.559573426069659	1.33960875428415	-0.417714070828598	0.676156183336216	0.751367748952292
2438	2.12492816419238	-0.559573426069659	1.33960875428415	-0.417714070828598	0.676156183336216	0.751367748952292
2439	1.69501074002264	2.94222084542226	1.72509980009601	1.70553659867012	0.0880943925210128	0.167914290181572
2440	1.69501074002264	2.94222084542226	1.72509980009601	1.70553659867012	0.0880943925210128	0.167914290181572
2441	8.51985883391843	-0.374026634533631	0.74427445858857	-0.502538586696807	0.615288716609201	0.697869999934822
2442	8.51985883391843	-0.374026634533631	0.74427445858857	-0.502538586696807	0.615288716609201	0.697869999934822
2443	1.77054139014171	-1.79980048459736	1.43495851546209	-1.25425262486964	0.209750197574453	0.313738305451006
2444	1.77054139014171	-1.79980048459736	1.43495851546209	-1.25425262486964	0.209750197574453	0.313738305451006
2445	0.771488647398947	-1.48375308003281	2.08084128814171	-0.713054421059606	0.47581208212865	NA
2446	0.771488647398947	-1.48375308003281	2.08084128814171	-0.713054421059606	0.47581208212865	NA
2447	1.07767486524684	-2.17633120654209	1.87040749752695	-1.16355992446546	0.244602400160686	NA
2448	1.07767486524684	-2.17633120654209	1.87040749752695	-1.16355992446546	0.244602400160686	NA
2449	1.64503936741386	-2.91315552298985	1.60081229262054	-1.81979832140157	0.0687897234663693	0.140187326443975
2450	1.64503936741386	-2.91315552298985	1.60081229262054	-1.81979832140157	0.0687897234663693	0.140187326443975
2451	1.97466553537364	-1.99665695643976	1.38482506126311	-1.44181168603245	0.149355505274293	0.247257832933398
2452	1.97466553537364	-1.99665695643976	1.38482506126311	-1.44181168603245	0.149355505274293	0.247257832933398
2453	22.9062686267562	-4.74094753180062	1.06945593302252	-4.43304617367605	9.29109582523866e-06	0.00020457254847184
2454	22.9062686267562	-4.74094753180062	1.06945593302252	-4.43304617367605	9.29109582523866e-06	0.00020457254847184
2455	10.8908569306428	-5.51407437515589	1.36903796030178	-4.02770013326761	5.63251170941706e-05	0.000699897904720462
2456	10.8908569306428	-5.51407437515589	1.36903796030178	-4.02770013326761	5.63251170941706e-05	0.000699897904720462
2457	36.805544990732	0.183079404605428	0.884696915779139	0.206940254159463	0.836056518621844	0.878078864269004
2458	36.805544990732	0.183079404605428	0.884696915779139	0.206940254159463	0.836056518621844	0.878078864269004
2459	0.975612792630879	-1.97724141485751	1.93871554125265	-1.01987185473325	0.307789239391845	NA
2460	0.975612792630879	-1.97724141485751	1.93871554125265	-1.01987185473325	0.307789239391845	NA
2461	1.64503936741386	-2.91315552298985	1.60081229262054	-1.81979832140157	0.0687897234663693	0.140187326443975
2462	1.64503936741386	-2.91315552298985	1.60081229262054	-1.81979832140157	0.0687897234663693	0.140187326443975
2463	0.334713287391491	-0.530109587478167	2.10015201911518	-0.252414864568474	0.800720411785564	NA
2464	0.334713287391491	-0.530109587478167	2.10015201911518	-0.252414864568474	0.800720411785564	NA
2465	0	NA	NA	NA	NA	NA
2466	0	NA	NA	NA	NA	NA
2467	0.664339455351268	-0.218000059103391	2.01088723535044	-0.108409887571543	0.913670558214857	NA
2468	0.664339455351268	-0.218000059103391	2.01088723535044	-0.108409887571543	0.913670558214857	NA
2469	0.431688240575743	0.300911269897379	2.10125340962322	0.143205606957866	0.886127801753767	NA
2470	0.431688240575743	0.300911269897379	2.10125340962322	0.143205606957866	0.886127801753767	NA
2471	5.40737282182574	-0.640144662683395	0.903593545419144	-0.708443155585464	0.478670100805846	0.581606114659655
2472	5.40737282182574	-0.640144662683395	0.903593545419144	-0.708443155585464	0.478670100805846	0.581606114659655
2473	16.0712394979034	-3.41781222161397	0.946515750400824	-3.61094067390491	0.000305088449884595	0.0026474617551969
2474	16.0712394979034	-3.41781222161397	0.946515750400824	-3.61094067390491	0.000305088449884595	0.0026474617551969
2475	19.2966074863869	-1.97087248706034	0.735667686132039	-2.67902549508829	0.00738367716502549	0.0278371188920292
2476	19.2966074863869	-1.97087248706034	0.735667686132039	-2.67902549508829	0.00738367716502549	0.0278371188920292
2477	5.79662261669809	-4.71429833997581	1.39268875181371	-3.38503368669872	0.000711695197416854	0.0049001964412308
2478	5.79662261669809	-4.71429833997581	1.39268875181371	-3.38503368669872	0.000711695197416854	0.0049001964412308
2479	3.62479202221921	-4.05076694601469	1.41508751257263	-2.86255578543717	0.00420239275828331	0.0186773011479258
2480	3.62479202221921	-4.05076694601469	1.41508751257263	-2.86255578543717	0.00420239275828331	0.0186773011479258
2481	7.54559602342289	-3.18844694763159	1.05837540027629	-3.01258603213874	0.00259032001730342	0.0131076434610534
2482	7.54559602342289	-3.18844694763159	1.05837540027629	-3.01258603213874	0.00259032001730342	0.0131076434610534
2483	0.557190263303588	0.93792212795813	2.1015277568334	0.446304896477504	0.655377019783103	NA
2484	0.557190263303588	0.93792212795813	2.1015277568334	0.446304896477504	0.655377019783103	NA
2485	0.102062072615966	0.0151395672302882	2.09688988419048	0.00722001061878979	0.99423931504784	NA
2486	0.102062072615966	0.0151395672302882	2.09688988419048	0.00722001061878979	0.99423931504784	NA
2487	4.6744618024821	1.71776358890816	0.868273778454732	1.97836630741661	0.0478873977871849	0.109248816244528
2488	4.6744618024821	1.71776358890816	0.868273778454732	1.97836630741661	0.0478873977871849	0.109248816244528
2489	20.0408671901585	-1.50752935340832	0.647643358268601	-2.32771529910925	0.0199272262198838	0.0578976940614651
2490	20.0408671901585	-1.50752935340832	0.647643358268601	-2.32771529910925	0.0199272262198838	0.0578976940614651
2491	5.57521893606159	0.825636405421325	0.848388600191466	0.973181871179073	0.330462919270919	0.437837306289545
2492	5.57521893606159	0.825636405421325	0.848388600191466	0.973181871179073	0.330462919270919	0.437837306289545
2493	0	NA	NA	NA	NA	NA
2494	0	NA	NA	NA	NA	NA
2495	0.227564095343811	1.16277842171323	2.09495177282485	0.555038276678481	0.578868479644751	NA
2496	0.227564095343811	1.16277842171323	2.09495177282485	0.555038276678481	0.578868479644751	NA
2497	3.06560611186893	-0.776947113788924	1.0629145641701	-0.730959138183927	0.464804112053048	0.567163646316909
2498	3.06560611186893	-0.776947113788924	1.0629145641701	-0.730959138183927	0.464804112053048	0.567163646316909
2499	1.89417144617457	-3.12119225849739	1.62325198885334	-1.9228020541051	0.0545049140378735	0.119853737674905
2500	1.89417144617457	-3.12119225849739	1.62325198885334	-1.9228020541051	0.0545049140378735	0.119853737674905
2501	0.204124145231932	-0.289902072294537	2.0984847144607	-0.138148288761322	0.890123222704436	NA
2502	0.204124145231932	-0.289902072294537	2.0984847144607	-0.138148288761322	0.890123222704436	NA
2503	0.845023650471319	-1.65636001094906	2.05467880706273	-0.806140602246689	0.420161782670255	NA
2504	0.845023650471319	-1.65636001094906	2.05467880706273	-0.806140602246689	0.420161782670255	NA
2505	44.9674910729784	-3.89911067449905	0.893589998349749	-4.36342246634339	1.28043334021081e-05	0.000253531020340275
2506	44.9674910729784	-3.89911067449905	0.893589998349749	-4.36342246634339	1.28043334021081e-05	0.000253531020340275
2507	0.455128190687622	1.46332915655147	2.09860405196263	0.697286920409284	0.485623251838368	NA
2508	0.455128190687622	1.46332915655147	2.09860405196263	0.697286920409284	0.485623251838368	NA
2509	0.455128190687622	1.46332915655147	2.09860405196263	0.697286920409284	0.485623251838368	NA
2510	5.58419619929771	-1.78540368357727	0.931536671164155	-1.91662200624482	0.0552859702142679	0.12119054013566
2511	5.58419619929771	-1.78540368357727	0.931536671164155	-1.91662200624482	0.0552859702142679	0.12119054013566
2512	0.102062072615966	0.0151395672302882	2.09688988419048	0.00722001061878979	0.99423931504784	NA
2513	0.102062072615966	0.0151395672302882	2.09688988419048	0.00722001061878979	0.99423931504784	NA
2514	5.74527873189123	-0.131451220134962	0.833455307524321	-0.157718379075925	0.874678717351006	0.90550914786153
2515	5.74527873189123	-0.131451220134962	0.833455307524321	-0.157718379075925	0.874678717351006	0.90550914786153
2516	1.62977800911872	-0.175284502073788	1.44592606573294	-0.121226462561166	0.903511664591459	0.929402153143308
2517	1.62977800911872	-0.175284502073788	1.44592606573294	-0.121226462561166	0.903511664591459	0.929402153143308
2518	19.0316920647714	-4.01715619612356	0.984225974139967	-4.08153848981056	4.47385667737135e-05	0.000600325816132897
2519	19.0316920647714	-4.01715619612356	0.984225974139967	-4.08153848981056	4.47385667737135e-05	0.000600325816132897
2520	1.83898927378236	-1.07631361624763	1.37592687993467	-0.782246231208694	0.434069879567169	0.539696120243372
2521	1.83898927378236	-1.07631361624763	1.37592687993467	-0.782246231208694	0.434069879567169	0.539696120243372
2522	0.334713287391491	-0.530109587478167	2.10015201911518	-0.252414864568474	0.800720411785564	NA
2523	0.334713287391491	-0.530109587478167	2.10015201911518	-0.252414864568474	0.800720411785564	NA
2524	0	NA	NA	NA	NA	NA
2525	0	NA	NA	NA	NA	NA
2526	0.102062072615966	0.0151395672302882	2.09688988419048	0.00722001061878979	0.99423931504784	NA
2527	0.102062072615966	0.0151395672302882	2.09688988419048	0.00722001061878979	0.99423931504784	NA
2528	0.102062072615966	0.0151395672302882	2.09688988419048	0.00722001061878979	0.99423931504784	NA
2529	0.102062072615966	0.0151395672302882	2.09688988419048	0.00722001061878979	0.99423931504784	NA
2530	0	NA	NA	NA	NA	NA
2531	0	NA	NA	NA	NA	NA
2532	4.94449366968563	0.786346920406192	0.923818135435224	0.851192339968227	0.394662517231732	0.501183959666631
2533	4.94449366968563	0.786346920406192	0.923818135435224	0.851192339968227	0.394662517231732	0.501183959666631
2534	2.64097131161528	2.62768149170307	1.38424562947342	1.89827689230462	0.0576596163127237	0.124509197179146
2535	2.64097131161528	2.62768149170307	1.38424562947342	1.89827689230462	0.0576596163127237	0.124509197179146
2536	6.34835471951483	2.5293778315607	2.10291820782622	1.20279420385794	0.229055968318929	0.336375897531295
2537	6.34835471951483	2.5293778315607	2.10291820782622	1.20279420385794	0.229055968318929	0.336375897531295
2538	6.34835471951483	2.5293778315607	2.10291820782622	1.20279420385794	0.229055968318929	0.336375897531295
2539	4.67069533902941	2.41964135232599	0.927287486542271	2.60937561160078	0.00907076167777695	0.0319339472310672
2540	4.67069533902941	2.41964135232599	0.927287486542271	2.60937561160078	0.00907076167777695	0.0319339472310672
2541	0.533750313191708	0.0508251107301774	2.10370273380308	0.0241598349013387	0.980725115876254	NA
2542	0.533750313191708	0.0508251107301774	2.10370273380308	0.0241598349013387	0.980725115876254	NA
2543	3.2045693503296	2.6004252603215	1.4048365874505	1.85105177609359	0.0641621047824938	0.133803793488815
2544	3.2045693503296	2.6004252603215	1.4048365874505	1.85105177609359	0.0641621047824938	0.133803793488815
2545	1.74201432059811	-1.82419979500934	1.43110340419489	-1.27468063430092	0.202422304017218	0.307922374817933
2546	1.74201432059811	-1.82419979500934	1.43110340419489	-1.27468063430092	0.202422304017218	0.307922374817933
2547	16.7159547606654	-1.36878882406612	0.666754222325714	-2.05291361979176	0.0400809558605097	0.0964146704548344
2548	16.7159547606654	-1.36878882406612	0.666754222325714	-2.05291361979176	0.0400809558605097	0.0964146704548344
2549	1.79839346861763	4.14853029150756	1.65035189112359	2.51372468733511	0.0119463652675299	0.0391421487326145
2550	1.79839346861763	4.14853029150756	1.65035189112359	2.51372468733511	0.0119463652675299	0.0391421487326145
2551	20.8225819326399	-6.31018898847754	1.37128864772614	-4.60164896642368	4.19159209075609e-06	0.000121411632973625
2552	20.8225819326399	-6.31018898847754	1.37128864772614	-4.60164896642368	4.19159209075609e-06	0.000121411632973625
2553	6.8673158657555	-2.35573727961472	0.939861271349869	-2.50647340349636	0.0121942231344832	0.039887645767001
2554	6.8673158657555	-2.35573727961472	0.939861271349869	-2.50647340349636	0.0121942231344832	0.039887645767001
2555	0.102062072615966	0.0151395672302882	2.09688988419048	0.00722001061878979	0.99423931504784	NA
2556	0.102062072615966	0.0151395672302882	2.09688988419048	0.00722001061878979	0.99423931504784	NA
2557	0	NA	NA	NA	NA	NA
2558	0	NA	NA	NA	NA	NA
2559	0.227564095343811	1.16277842171323	2.09495177282485	0.555038276678481	0.578868479644751	NA
2560	0.227564095343811	1.16277842171323	2.09495177282485	0.555038276678481	0.578868479644751	NA
2561	2.94010408914109	-1.19969737595845	1.11094758740703	-1.07988656670884	0.280192695909958	0.386981033483007
2562	2.94010408914109	-1.19969737595845	1.11094758740703	-1.07988656670884	0.280192695909958	0.386981033483007
2563	0.204124145231932	-0.289902072294537	2.0984847144607	-0.138148288761322	0.890123222704436	NA
2564	0.204124145231932	-0.289902072294537	2.0984847144607	-0.138148288761322	0.890123222704436	NA
2565	0.538837432623422	-0.864822990680704	2.10272243892331	-0.411287279134916	0.680861896192882	NA
2566	0.538837432623422	-0.864822990680704	2.10272243892331	-0.411287279134916	0.680861896192882	NA
2567	1.79398134025358	-0.917130821614312	1.40451198084186	-0.652988962802999	0.513763394040941	0.61041195331597
2568	1.79398134025358	-0.917130821614312	1.40451198084186	-0.652988962802999	0.513763394040941	0.61041195331597
2569	0.562277382735302	0.0498330857396452	2.0951784918673	0.0237846493428024	0.981024384636588	NA
2570	0.562277382735302	0.0498330857396452	2.0951784918673	0.0237846493428024	0.981024384636588	NA
2571	0	NA	NA	NA	NA	NA
2572	0	NA	NA	NA	NA	NA
2573	0.990199159858351	1.86419324015155	1.86448842699384	0.99984167944514	0.317387131806738	NA
2574	0.990199159858351	1.86419324015155	1.86448842699384	0.99984167944514	0.317387131806738	NA
2575	0.436775360007456	-0.717854028375714	2.10172648415553	-0.341554447635058	0.732686223085295	NA
2576	0.436775360007456	-0.717854028375714	2.10172648415553	-0.341554447635058	0.732686223085295	NA
2577	0	NA	NA	NA	NA	NA
2578	0	NA	NA	NA	NA	NA
2579	0.436775360007456	-0.717854028375714	2.10172648415553	-0.341554447635058	0.732686223085295	NA
2580	0.436775360007456	-0.717854028375714	2.10172648415553	-0.341554447635058	0.732686223085295	NA
2581	2.60030368231788	-0.530914741708239	1.19888609663834	-0.442840018911653	0.657881454903866	0.737417163222909
2582	2.60030368231788	-0.530914741708239	1.19888609663834	-0.442840018911653	0.657881454903866	0.737417163222909
2583	5.13924224747351	-4.53253687370223	1.3858073860501	-3.2706831550531	0.00107288042188049	0.00672551906253441
2584	5.13924224747351	-4.53253687370223	1.3858073860501	-3.2706831550531	0.00107288042188049	0.00672551906253441
2585	12.7715578028419	1.327082950848	0.629395077711555	2.10850544887195	0.0349872919365977	0.0870536884678379
2586	12.7715578028419	1.327082950848	0.629395077711555	2.10850544887195	0.0349872919365977	0.0870536884678379
2587	27.9505426769087	2.08934212396499	0.676402806499502	3.08890221017516	0.00200897553685621	0.0107236774400259
2588	27.9505426769087	2.08934212396499	0.676402806499502	3.08890221017516	0.00200897553685621	0.0107236774400259
2589	10.8217340559345	-2.68347527795143	0.855127125184761	-3.13810098980503	0.00170046277951808	0.00939729430786309
2590	10.8217340559345	-2.68347527795143	0.855127125184761	-3.13810098980503	0.00170046277951808	0.00939729430786309
2591	0.334713287391491	-0.530109587478167	2.10015201911518	-0.252414864568474	0.800720411785564	NA
2592	0.334713287391491	-0.530109587478167	2.10015201911518	-0.252414864568474	0.800720411785564	NA
2593	0.329626167959777	0.605654192809648	2.0991405715485	0.288524837744843	0.772945020734111	NA
2594	0.329626167959777	0.605654192809648	2.0991405715485	0.288524837744843	0.772945020734111	NA
2595	1.89604341286955	-1.02155801894416	1.35694441684584	-0.752837040531645	0.451547845398328	0.55682600616822
2596	1.89604341286955	-1.02155801894416	1.35694441684584	-0.752837040531645	0.451547845398328	0.55682600616822
2597	54.8593109948476	-4.08843093924815	0.85576204337354	-4.77753245882577	1.77459411283112e-06	7.3478480313565e-05
2598	54.8593109948476	-4.08843093924815	0.85576204337354	-4.77753245882577	1.77459411283112e-06	7.3478480313565e-05
2599	2.48497589845347	-2.38595843020862	1.3275010311304	-1.79733075474669	0.0722831265350195	0.145257957630183
2600	2.48497589845347	-2.38595843020862	1.3275010311304	-1.79733075474669	0.0722831265350195	0.145257957630183
2601	2.53317645465624	-1.05909044102359	1.21165914857357	-0.874082816335283	0.382073154741667	0.48834669808734
2602	2.53317645465624	-1.05909044102359	1.21165914857357	-0.874082816335283	0.382073154741667	0.48834669808734
2603	0.562277382735302	0.0498330857396452	2.0951784918673	0.0237846493428024	0.981024384636588	NA
2604	0.562277382735302	0.0498330857396452	2.0951784918673	0.0237846493428024	0.981024384636588	NA
2605	0.640899505239388	-1.11512100132872	2.12268220907098	-0.525335821143369	0.599349759901581	NA
2606	0.640899505239388	-1.11512100132872	2.12268220907098	-0.525335821143369	0.599349759901581	NA
2607	2.64409211015662	-2.42099963563987	1.31260058347114	-1.84442980303848	0.0651205272737867	0.134864997312576
2608	2.64409211015662	-2.42099963563987	1.31260058347114	-1.84442980303848	0.0651205272737867	0.134864997312576
2609	1.22152971865486	0.527708115601999	1.59723635534651	0.330388244567296	0.741106622797517	NA
2610	1.22152971865486	0.527708115601999	1.59723635534651	0.330388244567296	0.741106622797517	NA
2611	1.07258774581513	-1.05126057515275	1.73226051262502	-0.606872100062884	0.543935794914801	NA
2612	1.07258774581513	-1.05126057515275	1.73226051262502	-0.606872100062884	0.543935794914801	NA
2613	1.07767486524684	-2.17633120654209	1.87040749752695	-1.16355992446546	0.244602400160686	NA
2614	1.07767486524684	-2.17633120654209	1.87040749752695	-1.16355992446546	0.244602400160686	NA
2615	5.72308761362571	-4.69886775169662	1.38308814913372	-3.39737402467059	0.000680359054353007	0.00476678936062786
2616	5.72308761362571	-4.69886775169662	1.38308814913372	-3.39737402467059	0.000680359054353007	0.00476678936062786
2617	1.01740557342292	1.06885729488453	1.78486901127594	0.598843549936723	0.549277218004424	NA
2618	1.01740557342292	1.06885729488453	1.78486901127594	0.598843549936723	0.549277218004424	NA
2619	0.102062072615966	0.0151395672302882	2.09688988419048	0.00722001061878979	0.99423931504784	NA
2620	0.102062072615966	0.0151395672302882	2.09688988419048	0.00722001061878979	0.99423931504784	NA
2621	3.30907723041924	0.861698414064436	0.973841271260772	0.884844829947337	0.376240326963749	0.483836305342237
2622	3.30907723041924	0.861698414064436	0.973841271260772	0.884844829947337	0.376240326963749	0.483836305342237
2623	4.71248811982145	5.59946683196499	1.42765521917708	3.92214223486859	8.77651542573788e-05	0.000995018828623903
2624	4.71248811982145	5.59946683196499	1.42765521917708	3.92214223486859	8.77651542573788e-05	0.000995018828623903
2625	5.14549701637622	5.66888644514819	1.4170887464231	4.00037503611339	6.32421765895054e-05	0.000758906119074065
2626	5.14549701637622	5.66888644514819	1.4170887464231	4.00037503611339	6.32421765895054e-05	0.000758906119074065
2627	4.60910539122647	4.51290094231566	1.30311072131677	3.46317536069033	0.000533840354215996	0.00401815320377632
2628	4.60910539122647	4.51290094231566	1.30311072131677	3.46317536069033	0.000533840354215996	0.00401815320377632
2629	3.69884900985122	4.19118350390571	1.31106867367868	3.19676885585698	0.00138976243915036	0.00819709912986956
2630	3.69884900985122	4.19118350390571	1.31106867367868	3.19676885585698	0.00138976243915036	0.00819709912986956
2631	2.23140236517239	4.39728319342382	1.56405943254948	2.81145530784343	0.00493179417024714	0.0206928426723656
2632	2.23140236517239	4.39728319342382	1.56405943254948	2.81145530784343	0.00493179417024714	0.0206928426723656
2633	2.5712027719956	1.75251185808064	1.23494506402638	1.41910106702788	0.155869552912101	0.254926838874932
2634	2.5712027719956	1.75251185808064	1.23494506402638	1.41910106702788	0.155869552912101	0.254926838874932
2635	1.15120986831922	-2.2311796894808	1.90176550224939	-1.17321493467085	0.24070962448048	NA
2636	1.15120986831922	-2.2311796894808	1.90176550224939	-1.17321493467085	0.24070962448048	NA
2637	3.64314485289938	-2.082284790657	1.14438615018083	-1.81956482986793	0.0688253016970182	0.140187326443975
2638	3.64314485289938	-2.082284790657	1.14438615018083	-1.81956482986793	0.0688253016970182	0.140187326443975
2639	11.2742634326404	0.984928768820169	0.645407067027124	1.52605823384759	0.126995362402024	0.219589356459916
2640	11.2742634326404	0.984928768820169	0.645407067027124	1.52605823384759	0.126995362402024	0.219589356459916
2641	0.329626167959777	0.605654192809648	2.0991405715485	0.288524837744843	0.772945020734111	NA
2642	0.329626167959777	0.605654192809648	2.0991405715485	0.288524837744843	0.772945020734111	NA
2643	0.562277382735302	0.0498330857396452	2.0951784918673	0.0237846493428024	0.981024384636588	NA
2644	0.562277382735302	0.0498330857396452	2.0951784918673	0.0237846493428024	0.981024384636588	NA
2645	0.436775360007456	-0.717854028375714	2.10172648415553	-0.341554447635058	0.732686223085295	NA
2646	0.436775360007456	-0.717854028375714	2.10172648415553	-0.341554447635058	0.732686223085295	NA
2647	0.436775360007456	-0.717854028375714	2.10172648415553	-0.341554447635058	0.732686223085295	NA
2648	0.436775360007456	-0.717854028375714	2.10172648415553	-0.341554447635058	0.732686223085295	NA
2649	5.7741322815101	3.88816021273495	1.24258064293543	3.12910090370448	0.00175342084534304	0.00961405685436131
2650	5.7741322815101	3.88816021273495	1.24258064293543	3.12910090370448	0.00175342084534304	0.00961405685436131
2651	1.14290759615077	1.60846150556974	1.95700618436957	0.821899040696131	0.411134359007726	NA
2652	1.14290759615077	1.60846150556974	1.95700618436957	0.821899040696131	0.411134359007726	NA
2653	10.4190655433057	1.67188511375218	0.684703034336927	2.44176676589619	0.0146155856626243	0.0459142625556687
2654	10.4190655433057	1.67188511375218	0.684703034336927	2.44176676589619	0.0146155856626243	0.0459142625556687
2655	0.460215310119336	0.276912429550551	2.10151614532912	0.131767928676648	0.895167854523936	NA
2656	0.460215310119336	0.276912429550551	2.10151614532912	0.131767928676648	0.895167854523936	NA
2657	21.2764680875748	-4.02330383323226	0.972915894917248	-4.13530486473804	3.54483721911093e-05	0.000497937000677789
2658	21.2764680875748	-4.02330383323226	0.972915894917248	-4.13530486473804	3.54483721911093e-05	0.000497937000677789
2659	0.436775360007456	-0.717854028375714	2.10172648415553	-0.341554447635058	0.732686223085295	NA
2660	0.436775360007456	-0.717854028375714	2.10172648415553	-0.341554447635058	0.732686223085295	NA
2661	0.845023650471319	-1.65636001094906	2.05467880706273	-0.806140602246689	0.420161782670255	NA
2662	0.845023650471319	-1.65636001094906	2.05467880706273	-0.806140602246689	0.420161782670255	NA
2663	1.87701559112172	1.86194436624568	1.36716760712287	1.36189912381265	0.173229722756825	0.276732865881382
2664	1.87701559112172	1.86194436624568	1.36716760712287	1.36189912381265	0.173229722756825	0.276732865881382
2665	1.22661683808657	-0.277769180721582	1.5909008943486	-0.174598670293234	0.861394993488318	NA
2666	1.22661683808657	-0.277769180721582	1.5909008943486	-0.174598670293234	0.861394993488318	NA
2667	0.334713287391491	-0.530109587478167	2.10015201911518	-0.252414864568474	0.800720411785564	NA
2668	0.334713287391491	-0.530109587478167	2.10015201911518	-0.252414864568474	0.800720411785564	NA
2669	2.40635377594938	-1.47098127898212	1.23359872043173	-1.1924309377261	0.233092315446621	0.339871370793662
2670	2.40635377594938	-1.47098127898212	1.23359872043173	-1.1924309377261	0.233092315446621	0.339871370793662
2671	1.79398134025358	-0.917130821614312	1.40451198084186	-0.652988962802999	0.513763394040941	0.61041195331597
2672	1.79398134025358	-0.917130821614312	1.40451198084186	-0.652988962802999	0.513763394040941	0.61041195331597
2673	16.0234938352177	1.96859605326021	1.42563594576529	1.380854669881	0.167323650058549	0.269669735320761
2674	16.0234938352177	1.96859605326021	1.42563594576529	1.380854669881	0.167323650058549	0.269669735320761
2675	1.71348725105452	-1.82326415338358	1.47438808399851	-1.23662431429785	0.216226588875673	0.32169736920929
2676	1.71348725105452	-1.82326415338358	1.47438808399851	-1.23662431429785	0.216226588875673	0.32169736920929
2677	5.32930201003761	0.263577488739613	0.819297733823871	0.32171148272244	0.747671278006791	0.813528333582519
2678	5.32930201003761	0.263577488739613	0.819297733823871	0.32171148272244	0.747671278006791	0.813528333582519
2679	0.102062072615966	0.0151395672302882	2.09688988419048	0.00722001061878979	0.99423931504784	NA
2680	0.102062072615966	0.0151395672302882	2.09688988419048	0.00722001061878979	0.99423931504784	NA
2681	2.83804201652512	-1.13111767861213	1.11609716703589	-1.01345806800687	0.31084141525055	0.419516048859997
2682	2.83804201652512	-1.13111767861213	1.11609716703589	-1.01345806800687	0.31084141525055	0.419516048859997
2683	14.7894179573619	-2.20574732943918	0.755459870922611	-2.91974122562645	0.00350322150099378	0.0164765176978431
2684	14.7894179573619	-2.20574732943918	0.755459870922611	-2.91974122562645	0.00350322150099378	0.0164765176978431
2685	82.3551755627172	-3.3400457427036	0.854581163991902	-3.90840084410665	9.29090645625019e-05	0.00104336382663772
2686	82.3551755627172	-3.3400457427036	0.854581163991902	-3.90840084410665	9.29090645625019e-05	0.00104336382663772
2687	22.037805026173	-5.36720507468846	1.194465614662	-4.49339437553187	7.00967966697522e-06	0.000176755887951099
2688	22.037805026173	-5.36720507468846	1.194465614662	-4.49339437553187	7.00967966697522e-06	0.000176755887951099
2689	33.4719340478661	-5.89145767253958	1.2228222734261	-4.81791818857936	1.45063823872442e-06	6.28847050634936e-05
2690	33.4719340478661	-5.89145767253958	1.2228222734261	-4.81791818857936	1.45063823872442e-06	6.28847050634936e-05
2691	1.33376603013425	-1.33979669262574	1.57164661062102	-0.852479611874284	0.393947950192337	NA
2692	0.896990670126792	-0.671851961788102	1.83207637872	-0.366716131266044	0.713830772624265	NA
2693	0.896990670126792	-0.671851961788102	1.83207637872	-0.366716131266044	0.713830772624265	NA
2694	2.17878968060557	-2.16796267692336	1.35352975681523	-1.6017103916684	0.109219666155014	0.195951558244793
2695	2.17878968060557	-2.16796267692336	1.35352975681523	-1.6017103916684	0.109219666155014	0.195951558244793
2696	16.5745457147311	-1.81847966478176	0.697201376010442	-2.60825598937792	0.00910048689102393	0.0319373246748148
2697	16.5745457147311	-1.81847966478176	0.697201376010442	-2.60825598937792	0.00910048689102393	0.0319373246748148
2698	29.9954489432461	0.416181673892915	0.698854817788853	0.595519503191944	0.551496266288332	0.646465062353054
2699	29.9954489432461	0.416181673892915	0.698854817788853	0.595519503191944	0.551496266288332	0.646465062353054
2700	0.334713287391491	-0.530109587478167	2.10015201911518	-0.252414864568474	0.800720411785564	NA
2701	0.334713287391491	-0.530109587478167	2.10015201911518	-0.252414864568474	0.800720411785564	NA
2702	1.22152971865486	0.527708115601999	1.59723635534651	0.330388244567296	0.741106622797517	NA
2703	1.22152971865486	0.527708115601999	1.59723635534651	0.330388244567296	0.741106622797517	NA
2704	0.431688240575743	0.300911269897379	2.10125340962322	0.143205606957866	0.886127801753767	NA
2705	0.431688240575743	0.300911269897379	2.10125340962322	0.143205606957866	0.886127801753767	NA
2706	2.51350296799706	-2.37336946168009	1.31605379548602	-1.80339851594258	0.0713256505300959	0.143608692342475
2707	2.51350296799706	-2.37336946168009	1.31605379548602	-1.80339851594258	0.0713256505300959	0.143608692342475
2708	5.03261503998547	1.75817215469448	0.859167143165304	2.04636800729728	0.0407201772683958	0.0973515470542234
2709	5.03261503998547	1.75817215469448	0.859167143165304	2.04636800729728	0.0407201772683958	0.0973515470542234
2710	3.21586874068768	0.0495758820566011	0.972292490030669	0.0509886506014639	0.959334564293186	0.969957912862634
2711	3.21586874068768	0.0495758820566011	0.972292490030669	0.0509886506014639	0.959334564293186	0.969957912862634
2712	3.92641310519504	4.28309735054374	1.3066775022627	3.27785344365916	0.0010459968817607	0.00666464934492208
2713	3.92641310519504	4.28309735054374	1.3066775022627	3.27785344365916	0.0010459968817607	0.00666464934492208
2714	3.18292954278004	-2.70592968241978	1.27393235567697	-2.1240764239651	0.0336637535635466	0.0846633323155065
2715	3.18292954278004	-2.70592968241978	1.27393235567697	-2.1240764239651	0.0336637535635466	0.0846633323155065
2716	1.68174502877419	0.556249791669837	1.38091887729374	0.402811345993001	0.687087013775545	0.761014097536205
2717	1.68174502877419	0.556249791669837	1.38091887729374	0.402811345993001	0.687087013775545	0.761014097536205
2718	9.43091388671305	-2.86815651557939	0.932605151038816	-3.07542426972936	0.00210203302441626	0.0110911290233019
2719	9.43091388671305	-2.86815651557939	0.932605151038816	-3.07542426972936	0.00210203302441626	0.0110911290233019
2720	0.431688240575743	0.300911269897379	2.10125340962322	0.143205606957866	0.886127801753767	NA
2721	0.431688240575743	0.300911269897379	2.10125340962322	0.143205606957866	0.886127801753767	NA
2722	0	NA	NA	NA	NA	NA
2723	0	NA	NA	NA	NA	NA
2724	0	NA	NA	NA	NA	NA
2725	0	NA	NA	NA	NA	NA
2726	1.84916351264579	-3.1177062539302	1.54693490948058	-2.01540881573165	0.0438618314944315	0.101722635161023
2727	1.84916351264579	-3.1177062539302	1.54693490948058	-2.01540881573165	0.0438618314944315	0.101722635161023
2728	0	NA	NA	NA	NA	NA
2729	0	NA	NA	NA	NA	NA
2730	0.102062072615966	0.0151395672302882	2.09688988419048	0.00722001061878979	0.99423931504784	NA
2731	0.102062072615966	0.0151395672302882	2.09688988419048	0.00722001061878979	0.99423931504784	NA
2732	0.76131440853552	0.44849010424205	2.0995768011383	0.213609763643273	0.830851384848037	NA
2733	0.76131440853552	0.44849010424205	2.0995768011383	0.213609763643273	0.830851384848037	NA
2734	0.455128190687622	1.46332915655147	2.09860405196263	0.697286920409284	0.485623251838368	NA
2735	0.455128190687622	1.46332915655147	2.09860405196263	0.697286920409284	0.485623251838368	NA
2736	0.868463600583199	-0.685073820305404	1.84775621910483	-0.37075985090571	0.710816407676975	NA
2737	0.868463600583199	-0.685073820305404	1.84775621910483	-0.37075985090571	0.710816407676975	NA
2738	0.659252335919554	0.693501941428492	2.12273943425933	0.326701398313859	0.743893742536631	NA
2739	0.659252335919554	0.693501941428492	2.12273943425933	0.326701398313859	0.743893742536631	NA
2740	0	NA	NA	NA	NA	NA
2741	0	NA	NA	NA	NA	NA
2742	0	NA	NA	NA	NA	NA
2743	0	NA	NA	NA	NA	NA
2744	0	NA	NA	NA	NA	NA
2745	0	NA	NA	NA	NA	NA
2746	198.973899800538	5.5102678568486	1.48655556524239	3.70673521103809	0.000209948247852974	0.00192528960913207
2747	198.973899800538	5.5102678568486	1.48655556524239	3.70673521103809	0.000209948247852974	0.00192528960913207
2748	198.973899800538	5.5102678568486	1.48655556524239	3.70673521103809	0.000209948247852974	0.00192528960913207
2749	2.98453818189117	0.316325139369075	1.07665939554451	0.29380242319726	0.768908883324926	0.827222297953502
2750	2.98453818189117	0.316325139369075	1.07665939554451	0.29380242319726	0.768908883324926	0.827222297953502
2751	3.75029404494706	-2.92561349228205	1.25988934934217	-2.3221193939052	0.0202265076763974	0.0585064271631329
2752	3.75029404494706	-2.92561349228205	1.25988934934217	-2.3221193939052	0.0202265076763974	0.0585064271631329
2753	0.873550720014913	-1.7477027830362	2.0124501450409	-0.86844525681439	0.3851506285872	NA
2754	0.873550720014913	-1.7477027830362	2.0124501450409	-0.86844525681439	0.3851506285872	NA
2755	3.00224534765999	-1.76360887466586	1.20436618885827	-1.46434605270492	0.143099420126548	0.240599505416935
2756	3.00224534765999	-1.76360887466586	1.20436618885827	-1.46434605270492	0.143099420126548	0.240599505416935
2757	0.204124145231932	-0.289902072294537	2.0984847144607	-0.138148288761322	0.890123222704436	NA
2758	0.204124145231932	-0.289902072294537	2.0984847144607	-0.138148288761322	0.890123222704436	NA
2759	2.35558373192122	3.55688989305433	1.42437093765649	2.49716544968718	0.0125190531357311	0.0405710055324621
2760	2.35558373192122	3.55688989305433	1.42437093765649	2.49716544968718	0.0125190531357311	0.0405710055324621
2761	2.10966680589724	1.42846975746817	1.19586846561459	1.19450407677908	0.232280846949018	0.339804791774947
2762	2.10966680589724	1.42846975746817	1.19586846561459	1.19450407677908	0.232280846949018	0.339804791774947
2763	0.455128190687622	1.46332915655147	2.09860405196263	0.697286920409284	0.485623251838368	NA
2764	0.455128190687622	1.46332915655147	2.09860405196263	0.697286920409284	0.485623251838368	NA
2765	0.993965623311044	0.070477634208762	1.74486433211095	0.0403914693605419	0.967781031164989	NA
2766	0.993965623311044	0.070477634208762	1.74486433211095	0.0403914693605419	0.967781031164989	NA
2767	0.659252335919554	0.693501941428492	2.12273943425933	0.326701398313859	0.743893742536631	NA
2768	0.659252335919554	0.693501941428492	2.12273943425933	0.326701398313859	0.743893742536631	NA
2769	0.334713287391491	-0.530109587478167	2.10015201911518	-0.252414864568474	0.800720411785564	NA
2770	0.334713287391491	-0.530109587478167	2.10015201911518	-0.252414864568474	0.800720411785564	NA
2771	4.35124340993306	1.71266683260159	0.94442342467401	1.81345230100869	0.0697620891310417	0.141273275964501
2772	4.35124340993306	1.71266683260159	0.94442342467401	1.81345230100869	0.0697620891310417	0.141273275964501
2773	0.204124145231932	-0.289902072294537	2.0984847144607	-0.138148288761322	0.890123222704436	NA
2774	0.204124145231932	-0.289902072294537	2.0984847144607	-0.138148288761322	0.890123222704436	NA
2775	370.200884655331	-2.22899849114827	0.767493439151817	-2.90425738832583	0.00368125387081227	0.0169717522035253
2776	370.200884655331	-2.22899849114827	0.767493439151817	-2.90425738832583	0.00368125387081227	0.0169717522035253
2777	8.65753074255639	-1.83720257139864	0.820938085712506	-2.23793073238173	0.0252255725493543	0.0681289402539553
2778	8.65753074255639	-1.83720257139864	0.820938085712506	-2.23793073238173	0.0252255725493543	0.0681289402539553
2779	1.89604341286955	-1.02155801894416	1.35694441684584	-0.752837040531645	0.451547845398328	0.55682600616822
2780	1.89604341286955	-1.02155801894416	1.35694441684584	-0.752837040531645	0.451547845398328	0.55682600616822
2781	0	NA	NA	NA	NA	NA
2782	0	NA	NA	NA	NA	NA
2783	0	NA	NA	NA	NA	NA
2784	0	NA	NA	NA	NA	NA
2785	0	NA	NA	NA	NA	NA
2786	0	NA	NA	NA	NA	NA
2787	0.910256381375245	1.8949507654303	2.11458035208375	0.896135615543281	0.370180337336823	NA
2788	0.910256381375245	1.8949507654303	2.11458035208375	0.896135615543281	0.370180337336823	NA
2789	0.784754358647399	1.5234629717844	2.0917513508276	0.728319344066225	0.466418123607769	NA
2790	0.784754358647399	1.5234629717844	2.0917513508276	0.728319344066225	0.466418123607769	NA
2791	0	NA	NA	NA	NA	NA
2792	0	NA	NA	NA	NA	NA
2793	0	NA	NA	NA	NA	NA
2794	0	NA	NA	NA	NA	NA
2795	0.766401527967233	-0.465278789480739	1.92404318179707	-0.241823465233334	0.808916955819756	NA
2796	0.766401527967233	-0.465278789480739	1.92404318179707	-0.241823465233334	0.808916955819756	NA
2797	0.227564095343811	1.16277842171323	2.09495177282485	0.555038276678481	0.578868479644751	NA
2798	0.227564095343811	1.16277842171323	2.09495177282485	0.555038276678481	0.578868479644751	NA
2799	0.436775360007456	-0.717854028375714	2.10172648415553	-0.341554447635058	0.732686223085295	NA
2800	0.436775360007456	-0.717854028375714	2.10172648415553	-0.341554447635058	0.732686223085295	NA
2801	3.78255825178702	2.12679044255149	0.973274997870476	2.18518964034307	0.028874944790906	0.0752324864279189
2802	3.78255825178702	2.12679044255149	0.973274997870476	2.18518964034307	0.028874944790906	0.0752324864279189
2803	3.02381333107689	-2.67659210468702	1.28734673859698	-2.07915398737415	0.037603199274723	0.0910804134681872
2804	3.02381333107689	-2.67659210468702	1.28734673859698	-2.07915398737415	0.037603199274723	0.0910804134681872
2805	12.570729992722	-3.92633407527315	1.05046188198355	-3.73772160857394	0.000185695394298147	0.00173892246081474
2806	12.570729992722	-3.92633407527315	1.05046188198355	-3.73772160857394	0.000185695394298147	0.00173892246081474
2807	20.9747165281537	-4.03044400892955	0.940186064910813	-4.28685784585829	1.81218176301194e-05	0.000285062299799631
2808	20.9747165281537	-4.03044400892955	0.940186064910813	-4.28685784585829	1.81218176301194e-05	0.000285062299799631
2809	6.47809539703947	-4.82312663931945	1.38310781617307	-3.48716606393318	0.000488168136190994	0.00374143462044192
2810	6.47809539703947	-4.82312663931945	1.38310781617307	-3.48716606393318	0.000488168136190994	0.00374143462044192
2811	18.2989047257795	-5.1315397212133	1.19000937457645	-4.31218428261519	1.61649612684947e-05	0.000264174464310031
2812	18.2989047257795	-5.1315397212133	1.19000937457645	-4.31218428261519	1.61649612684947e-05	0.000264174464310031
2813	16.8700357091559	-5.02447636074322	1.18407052036832	-4.24339283371423	2.20165535969655e-05	0.000333825000387203
2814	16.8700357091559	-5.02447636074322	1.18407052036832	-4.24339283371423	2.20165535969655e-05	0.000333825000387203
2815	20.7179729022613	-4.01170196342497	0.956436964882685	-4.19442379448084	2.73566100060784e-05	0.000401552709006993
2816	20.7179729022613	-4.01170196342497	0.956436964882685	-4.19442379448084	2.73566100060784e-05	0.000401552709006993
2817	30.7276518317884	-5.131252358892	1.09522111105447	-4.68512915529146	2.79783447798265e-06	8.97087750766152e-05
2818	30.7276518317884	-5.131252358892	1.09522111105447	-4.68512915529146	2.79783447798265e-06	8.97087750766152e-05
2819	42.2510991994086	-3.32458408029401	0.806083318377844	-4.12436779734429	3.71754443575396e-05	0.000511924151808742
2820	42.2510991994086	-3.32458408029401	0.806083318377844	-4.12436779734429	3.71754443575396e-05	0.000511924151808742
2821	16.7470738480972	-4.184516372939	1.04343051879251	-4.01034500867527	6.06300893624852e-05	0.000740692012069079
2822	16.7470738480972	-4.184516372939	1.04343051879251	-4.01034500867527	6.06300893624852e-05	0.000740692012069079
2823	53.1660936012937	-5.38520463480517	1.1177170726156	-4.81803916817972	1.44975915346793e-06	6.28847050634936e-05
2824	53.1660936012937	-5.38520463480517	1.1177170726156	-4.81803916817972	1.44975915346793e-06	6.28847050634936e-05
2825	15.1280213885578	-5.92433625943141	1.36590702367244	-4.33729101377852	1.44249580569355e-05	0.000258044126934739
2826	15.1280213885578	-5.92433625943141	1.36590702367244	-4.33729101377852	1.44249580569355e-05	0.000258044126934739
2827	7.38460784502476	-5.01675102304334	1.39571401527619	-3.5943975399936	0.000325143065261929	0.00274217042991988
2828	7.38460784502476	-5.01675102304334	1.39571401527619	-3.5943975399936	0.000325143065261929	0.00274217042991988
2829	9.15006211573475	-3.48746399374905	1.07618418802732	-3.24058282266875	0.00119285614294674	0.00730320087518412
2830	9.15006211573475	-3.48746399374905	1.07618418802732	-3.24058282266875	0.00119285614294674	0.00730320087518412
2831	3.23302459574053	-3.9412124567871	1.42608082812596	-2.7636669528517	0.00571558444326399	0.0232385814730966
2832	3.23302459574053	-3.9412124567871	1.42608082812596	-2.7636669528517	0.00571558444326399	0.0232385814730966
2833	3.36361373790009	-3.98520074785785	1.41574456474643	-2.81491509633422	0.00487901221680176	0.0206928426723656
2834	3.36361373790009	-3.98520074785785	1.41574456474643	-2.81491509633422	0.00487901221680176	0.0206928426723656
2835	15.3036184642462	-5.9404700966068	1.36626488243689	-4.34796368769376	1.37407346775511e-05	0.000257638775204084
2836	15.3036184642462	-5.9404700966068	1.36626488243689	-4.34796368769376	1.37407346775511e-05	0.000257638775204084
2837	22.7928128095868	-5.40140816600804	1.20357790799684	-4.48779271380763	7.19648972372331e-06	0.000176755887951099
2838	22.7928128095868	-5.40140816600804	1.20357790799684	-4.48779271380763	7.19648972372331e-06	0.000176755887951099
2839	18.3730921898568	-6.15101140436384	1.37166657777485	-4.48433424275903	7.31419367317749e-06	0.000176985136573465
2840	18.3730921898568	-6.15101140436384	1.37166657777485	-4.48433424275903	7.31419367317749e-06	0.000176985136573465
2841	43.3618280050392	-6.18812537717683	1.25730378023805	-4.92174244159612	8.57770542875583e-07	4.678748415685e-05
2842	43.3618280050392	-6.18812537717683	1.25730378023805	-4.92174244159612	8.57770542875583e-07	4.678748415685e-05
2843	15.2820504808293	-4.89061701591932	1.18385118116231	-4.13110794138644	3.61019000390131e-05	0.000500422376778399
2844	15.2820504808293	-4.89061701591932	1.18385118116231	-4.13110794138644	3.61019000390131e-05	0.000500422376778399
2845	21.5439755270784	-5.34105658283136	1.19209301484043	-4.48040254941541	7.45023905123166e-06	0.000176985136573465
2846	21.5439755270784	-5.34105658283136	1.19209301484043	-4.48040254941541	7.45023905123166e-06	0.000176985136573465
2847	26.7846273861629	-4.94849445930156	1.09403556855914	-4.52315683467109	6.09240616561857e-06	0.000162981566214
2848	26.7846273861629	-4.94849445930156	1.09403556855914	-4.52315683467109	6.09240616561857e-06	0.000162981566214
2849	12.5758171121537	-4.64035174209007	1.18341838216871	-3.92114218606802	8.81302391066885e-05	0.000995018828623903
2850	12.5758171121537	-4.64035174209007	1.18341838216871	-3.92114218606802	8.81302391066885e-05	0.000995018828623903
2851	23.1205670108516	-6.42942276807677	1.37479070687438	-4.67665567997198	2.91591249689147e-06	9.20814472702571e-05
2852	23.1205670108516	-6.42942276807677	1.37479070687438	-4.67665567997198	2.91591249689147e-06	9.20814472702571e-05
2853	17.5109352143953	-5.07373200129368	1.18496633230814	-4.28175203206897	1.85427547657748e-05	0.000289515130171949
2854	17.5109352143953	-5.07373200129368	1.18496633230814	-4.28175203206897	1.85427547657748e-05	0.000289515130171949
2855	4.20863738837141	-4.29566045990811	1.39963504948976	-3.06912895720502	0.00214683899395553	0.011228796730527
2856	4.20863738837141	-4.29566045990811	1.39963504948976	-3.06912895720502	0.00214683899395553	0.011228796730527
2857	4.56679062587478	-3.25139725709368	1.22601055479266	-2.6520140828996	0.00800132045230594	0.0294011775150349
2858	4.56679062587478	-3.25139725709368	1.22601055479266	-2.6520140828996	0.00800132045230594	0.0294011775150349
2859	8.12754689281738	-2.20754795406282	0.869229917073122	-2.5396594280787	0.0110960460370734	0.0371952316161027
2860	8.12754689281738	-2.20754795406282	0.869229917073122	-2.5396594280787	0.0110960460370734	0.0371952316161027
2861	21.287884362191	-6.33655584686971	1.37116921114103	-4.6212792669088	3.81380974226214e-06	0.000113602843386532
2862	21.287884362191	-6.33655584686971	1.37116921114103	-4.6212792669088	3.81380974226214e-06	0.000113602843386532
2863	3.56773788313202	-4.07175928722599	1.4116838180521	-2.88432808760561	0.00392249858314865	0.0177718382408029
2864	3.56773788313202	-4.07175928722599	1.4116838180521	-2.88432808760561	0.00392249858314865	0.0177718382408029
2865	11.6452122530516	-4.53789521882304	1.19380035896336	-3.80121783743098	0.000143986643081726	0.00145721421914036
2866	11.6452122530516	-4.53789521882304	1.19380035896336	-3.80121783743098	0.000143986643081726	0.00145721421914036
2867	8.10278628672648	-2.37251400345796	0.904557527275901	-2.62284479639769	0.00871989852468136	0.0310056495884957
2868	8.10278628672648	-2.37251400345796	0.904557527275901	-2.62284479639769	0.00871989852468136	0.0310056495884957
2869	163.489585956786	3.30020872024586	1.98879599277528	1.65940032674773	0.0970351505004797	0.179932729404863
2870	163.489585956786	3.30020872024586	1.98879599277528	1.65940032674773	0.0970351505004797	0.179932729404863
2871	163.489585956786	3.30020872024586	1.98879599277528	1.65940032674773	0.0970351505004797	0.179932729404863
2872	195.453836530272	3.17207210249516	2.0234822844583	1.56763028115383	0.116967440956556	0.205034746251058
2873	195.453836530272	3.17207210249516	2.0234822844583	1.56763028115383	0.116967440956556	0.205034746251058
2874	195.453836530272	3.17207210249516	2.0234822844583	1.56763028115383	0.116967440956556	0.205034746251058
2875	4.8114587200524	1.58091897276646	0.928310677237314	1.70300634424601	0.0885668811451514	0.168104997461863
2876	4.8114587200524	1.58091897276646	0.928310677237314	1.70300634424601	0.0885668811451514	0.168104997461863
2877	3.07201388727967	-1.47248482578368	1.1556189431783	-1.27419581902483	0.202594026585766	0.307960518154258
2878	3.07201388727967	-1.47248482578368	1.1556189431783	-1.27419581902483	0.202594026585766	0.307960518154258
2879	18.5427222923186	0.780401604863399	0.602684744998528	1.29487532468622	0.195363241938256	0.301663829463484
2880	18.5427222923186	0.780401604863399	0.602684744998528	1.29487532468622	0.195363241938256	0.301663829463484
2881	0.557190263303588	0.93792212795813	2.1015277568334	0.446304896477504	0.655377019783103	NA
2882	0.557190263303588	0.93792212795813	2.1015277568334	0.446304896477504	0.655377019783103	NA
2883	0.460215310119336	0.276912429550551	2.10151614532912	0.131767928676648	0.895167854523936	NA
2884	0.460215310119336	0.276912429550551	2.10151614532912	0.131767928676648	0.895167854523936	NA
2885	7.60142386072645	-1.93626933385741	0.892571460316992	-2.16931575783272	0.030058719701756	0.0768858847426158
2886	7.60142386072645	-1.93626933385741	0.892571460316992	-2.16931575783272	0.030058719701756	0.0768858847426158
2887	12.7038367664879	-1.83100295521075	0.720147320191818	-2.54253942752026	0.011005018436676	0.0370361197388135
2888	12.7038367664879	-1.83100295521075	0.720147320191818	-2.54253942752026	0.011005018436676	0.0370361197388135
2889	8.27020477059808	-5.1645953588696	1.37071866357856	-3.76780115139478	0.000164691803930728	0.00159747246306942
2890	8.27020477059808	-5.1645953588696	1.37071866357856	-3.76780115139478	0.000164691803930728	0.00159747246306942
2891	0.975612792630879	-1.97724141485751	1.93871554125265	-1.01987185473325	0.307789239391845	NA
2892	0.975612792630879	-1.97724141485751	1.93871554125265	-1.01987185473325	0.307789239391845	NA
2893	9.02762903532919	-0.966148330029091	0.749390138751293	-1.28924612170502	0.197312535324219	0.303668980711513
2894	9.02762903532919	-0.966148330029091	0.749390138751293	-1.28924612170502	0.197312535324219	0.303668980711513
2895	1.50936310582259	-1.61432249360947	1.51223538425867	-1.06750742008384	0.285742764795301	NA
2896	1.50936310582259	-1.61432249360947	1.51223538425867	-1.06750742008384	0.285742764795301	NA
2897	6.41270965962752	0.940041766467693	0.745232120378834	1.26140801068777	0.207161883649508	0.311816514608695
2898	6.41270965962752	0.940041766467693	0.745232120378834	1.26140801068777	0.207161883649508	0.311816514608695
2899	0.771488647398947	-1.48375308003281	2.08084128814171	-0.713054421059606	0.47581208212865	NA
2900	0.771488647398947	-1.48375308003281	2.08084128814171	-0.713054421059606	0.47581208212865	NA
2901	0.999052742742758	-0.87403617560947	1.74218541880253	-0.501689525222998	0.615885933861144	NA
2902	0.999052742742758	-0.87403617560947	1.74218541880253	-0.501689525222998	0.615885933861144	NA
2903	3.34578289177957	3.27807257072845	1.19444674807164	2.74442755695948	0.00606165316912437	0.0241316998202107
2904	3.34578289177957	3.27807257072845	1.19444674807164	2.74442755695948	0.00606165316912437	0.0241316998202107
2905	2.01269185271299	1.03757898673778	1.24476652312476	0.833553094063873	0.404532866953941	0.509762388600826
2906	2.01269185271299	1.03757898673778	1.24476652312476	0.833553094063873	0.404532866953941	0.509762388600826
2907	4.56731261043442	2.22165789211283	0.932379497643118	2.38278286655677	0.0171823256846911	0.0520435552159977
2908	4.56731261043442	2.22165789211283	0.932379497643118	2.38278286655677	0.0171823256846911	0.0520435552159977
2909	0.408248290463863	-0.698123216799561	2.10157813569984	-0.332189988533108	0.739745802941649	NA
2910	0.408248290463863	-0.698123216799561	2.10157813569984	-0.332189988533108	0.739745802941649	NA
2911	0.873550720014913	-1.7477027830362	2.0124501450409	-0.86844525681439	0.3851506285872	NA
2912	0.873550720014913	-1.7477027830362	2.0124501450409	-0.86844525681439	0.3851506285872	NA
2913	0.204124145231932	-0.289902072294537	2.0984847144607	-0.138148288761322	0.890123222704436	NA
2914	0.204124145231932	-0.289902072294537	2.0984847144607	-0.138148288761322	0.890123222704436	NA
2915	8.99720746902789	-0.427340499314394	0.730544645900277	-0.584961510172683	0.5585735975641	0.651488228205838
2916	8.99720746902789	-0.427340499314394	0.730544645900277	-0.584961510172683	0.5585735975641	0.651488228205838
2917	58.3062515123822	0.371475866971141	0.746539423323815	0.497597119944745	0.618768034116288	0.701437447581217
2918	58.3062515123822	0.371475866971141	0.746539423323815	0.497597119944745	0.618768034116288	0.701437447581217
2919	0.306186217847897	-0.511379433977429	2.09997323508663	-0.243517119853355	0.807604824481893	NA
2920	0.306186217847897	-0.511379433977429	2.09997323508663	-0.243517119853355	0.807604824481893	NA
2921	0.538837432623422	-0.864822990680704	2.10272243892331	-0.411287279134916	0.680861896192882	NA
2922	0.538837432623422	-0.864822990680704	2.10272243892331	-0.411287279134916	0.680861896192882	NA
2923	1.77562850957342	-2.99229013863443	1.59194349637921	-1.87964594562573	0.0601563470394205	0.127154835211659
2924	1.77562850957342	-2.99229013863443	1.59194349637921	-1.87964594562573	0.0601563470394205	0.127154835211659
2925	6.82739505165844	-2.83630957973601	1.06398796720123	-2.66573463908317	0.00768203029904709	0.0286286843442749
2926	6.82739505165844	-2.83630957973601	1.06398796720123	-2.66573463908317	0.00768203029904709	0.0286286843442749
2927	1.41238815263834	-2.67644172728055	1.67869848209266	-1.59435524355995	0.110856490840115	NA
2928	1.41238815263834	-2.67644172728055	1.67869848209266	-1.59435524355995	0.110856490840115	NA
2929	2.13687321946181	1.07148605066678	1.28301405181394	0.835131968470574	0.40364340889264	0.509252723745596
2930	2.13687321946181	1.07148605066678	1.28301405181394	0.835131968470574	0.40364340889264	0.509252723745596
2931	0.659252335919554	0.693501941428492	2.12273943425933	0.326701398313859	0.743893742536631	NA
2932	0.659252335919554	0.693501941428492	2.12273943425933	0.326701398313859	0.743893742536631	NA
2933	2.5216815598138	0.0172835490367265	1.1746671524735	0.0147135714149599	0.988260692107459	0.991565911813504
2934	2.5216815598138	0.0172835490367265	1.1746671524735	0.0147135714149599	0.988260692107459	0.991565911813504
2935	1.53789017536618	-1.60290792764874	1.48425781510729	-1.07993901823106	0.28016933668021	0.386981033483007
2936	1.53789017536618	-1.60290792764874	1.48425781510729	-1.07993901823106	0.28016933668021	0.386981033483007
2937	1.50936310582259	-1.61432249360947	1.51223538425867	-1.06750742008384	0.285742764795301	NA
2938	1.50936310582259	-1.61432249360947	1.51223538425867	-1.06750742008384	0.285742764795301	NA
2939	1.33885314956596	-2.50883411752693	1.74972464403046	-1.43384510590642	0.151616469857865	NA
2940	1.33885314956596	-2.50883411752693	1.74972464403046	-1.43384510590642	0.151616469857865	NA
2941	5.40042053179263	-4.5704945758758	1.39602350582366	-3.27393812268167	0.00106059833212475	0.00666843262713164
2942	5.40042053179263	-4.5704945758758	1.39602350582366	-3.27393812268167	0.00106059833212475	0.00666843262713164
2943	2.25741180310965	-3.43362442902409	1.49491174021148	-2.29687434827312	0.0216259387076122	0.0614539530256911
2944	2.25741180310965	-3.43362442902409	1.49491174021148	-2.29687434827312	0.0216259387076122	0.0614539530256911
2945	2.17878968060557	-2.16796267692336	1.35352975681523	-1.6017103916684	0.109219666155014	0.195951558244793
2946	2.17878968060557	-2.16796267692336	1.35352975681523	-1.6017103916684	0.109219666155014	0.195951558244793
2947	3.28499161539601	-2.75966312795844	1.26689288135367	-2.17829239438913	0.0293842750476565	0.0759003414515112
2948	3.28499161539601	-2.75966312795844	1.26689288135367	-2.17829239438913	0.0293842750476565	0.0759003414515112
2949	4.79622668791357	-1.50072362349233	1.01877162995964	-1.47307166725067	0.140731712215503	0.237276676331457
2950	4.79622668791357	-1.50072362349233	1.01877162995964	-1.47307166725067	0.140731712215503	0.237276676331457
2951	1.74710144002983	-3.02039471725982	1.57052262036403	-1.92317810523462	0.0544576859708159	0.119853737674905
2952	1.74710144002983	-3.02039471725982	1.57052262036403	-1.92317810523462	0.0544576859708159	0.119853737674905
2953	1.74201432059811	-1.82419979500934	1.43110340419489	-1.27468063430092	0.202422304017218	0.307922374817933
2954	1.74201432059811	-1.82419979500934	1.43110340419489	-1.27468063430092	0.202422304017218	0.307922374817933
2955	2.20222963071745	-1.30547462405518	1.26612680255388	-1.03107731502242	0.302504564825957	0.410109481042291
2956	2.20222963071745	-1.30547462405518	1.26612680255388	-1.03107731502242	0.302504564825957	0.410109481042291
2957	0	NA	NA	NA	NA	NA
2958	0	NA	NA	NA	NA	NA
2959	0.886816431263365	1.1594675477146	2.03060525861534	0.570996033224714	0.568002331771835	NA
2960	0.886816431263365	1.1594675477146	2.03060525861534	0.570996033224714	0.568002331771835	NA
2961	7.09098981729491	0.167085905333089	0.728065178764319	0.229493059421781	0.818485714476316	0.861995988164626
2962	7.09098981729491	0.167085905333089	0.728065178764319	0.229493059421781	0.818485714476316	0.861995988164626
2963	2.81460206641324	-1.75093582464996	1.20356208183973	-1.45479477217622	0.145726085917348	0.243747336062469
2964	2.81460206641324	-1.75093582464996	1.20356208183973	-1.45479477217622	0.145726085917348	0.243747336062469
2965	2.74106706334087	-1.66669753862439	1.19395727517114	-1.39594403693004	0.162731348200763	0.26363833012022
2966	2.74106706334087	-1.66669753862439	1.19395727517114	-1.39594403693004	0.162731348200763	0.26363833012022
2967	2.19846316726475	-0.759067555521282	1.25683847113878	-0.60394996887191	0.54587690568587	0.640235410187281
2968	2.19846316726475	-0.759067555521282	1.25683847113878	-0.60394996887191	0.54587690568587	0.640235410187281
2969	0.687779405463147	0.672071389472816	2.12285694374022	0.316588167400817	0.751556115341702	NA
2970	0.687779405463147	0.672071389472816	2.12285694374022	0.316588167400817	0.751556115341702	NA
2971	0.510310363079829	-0.845839523675296	2.10260392580263	-0.402281910204469	0.687476566271192	NA
2972	0.510310363079829	-0.845839523675296	2.10260392580263	-0.402281910204469	0.687476566271192	NA
2973	0.227564095343811	1.16277842171323	2.09495177282485	0.555038276678481	0.578868479644751	NA
2974	0.227564095343811	1.16277842171323	2.09495177282485	0.555038276678481	0.578868479644751	NA
2975	1.77363286252673	1.44960847605507	1.64432664595774	0.881581819292807	0.378002990334888	0.484619218378062
2976	1.77363286252673	1.44960847605507	1.64432664595774	0.881581819292807	0.378002990334888	0.484619218378062
2977	15.6775550446043	-1.86497366049085	0.699338841248309	-2.66676688107571	0.00765847735634395	0.0285916487970174
2978	15.6775550446043	-1.86497366049085	0.699338841248309	-2.66676688107571	0.00765847735634395	0.0285916487970174
2979	0.227564095343811	1.16277842171323	2.09495177282485	0.555038276678481	0.578868479644751	NA
2980	0.227564095343811	1.16277842171323	2.09495177282485	0.555038276678481	0.578868479644751	NA
2981	1.98925190260111	0.251505787748102	1.22782459537351	0.20483853206377	0.837698281030505	0.878485088721129
2982	1.98925190260111	0.251505787748102	1.22782459537351	0.20483853206377	0.837698281030505	0.878485088721129
2983	5.62354317261608	-0.655254839844091	0.825854349446265	-0.79342663786107	0.427529296024413	0.534192355847635
2984	5.62354317261608	-0.655254839844091	0.825854349446265	-0.79342663786107	0.427529296024413	0.534192355847635
2985	3.27990449596429	-1.95419936972224	1.15129319280279	-1.69739505274482	0.0896219972653267	0.169250174691714
2986	3.27990449596429	-1.95419936972224	1.15129319280279	-1.69739505274482	0.0896219972653267	0.169250174691714
2987	2.51350296799706	-2.37336946168009	1.31605379548602	-1.80339851594258	0.0713256505300959	0.143608692342475
2988	2.51350296799706	-2.37336946168009	1.31605379548602	-1.80339851594258	0.0713256505300959	0.143608692342475
2989	0.863376481151485	0.223848322028114	2.05804537432383	0.108767437696391	0.913386951504722	NA
2990	0.863376481151485	0.223848322028114	2.05804537432383	0.108767437696391	0.913386951504722	NA
2991	0.227564095343811	1.16277842171323	2.09495177282485	0.555038276678481	0.578868479644751	NA
2992	0.227564095343811	1.16277842171323	2.09495177282485	0.555038276678481	0.578868479644751	NA
2993	0	NA	NA	NA	NA	NA
2994	0	NA	NA	NA	NA	NA
2995	0	NA	NA	NA	NA	NA
2996	0	NA	NA	NA	NA	NA
2997	1.70009785945436	2.03314346733737	1.53140894151889	1.32762935635001	0.184300581535491	0.287934405153523
2998	1.70009785945436	2.03314346733737	1.53140894151889	1.32762935635001	0.184300581535491	0.287934405153523
2999	21.4634814378793	-6.34547331380988	1.37249689151014	-4.62330614594546	3.77671686553821e-06	0.000113602843386532
3000	21.4634814378793	-6.34547331380988	1.37249689151014	-4.62330614594546	3.77671686553821e-06	0.000113602843386532
3001	0.562277382735302	0.0498330857396452	2.0951784918673	0.0237846493428024	0.981024384636588	NA
3002	0.562277382735302	0.0498330857396452	2.0951784918673	0.0237846493428024	0.981024384636588	NA
3003	1.79021487680089	-0.121528418237548	1.41999411582696	-0.0855837477655839	0.931797318455472	0.952433374911896
3004	1.79021487680089	-0.121528418237548	1.41999411582696	-0.0855837477655839	0.931797318455472	0.952433374911896
3005	0.102062072615966	0.0151395672302882	2.09688988419048	0.00722001061878979	0.99423931504784	NA
3006	0.102062072615966	0.0151395672302882	2.09688988419048	0.00722001061878979	0.99423931504784	NA
3007	1.38386108309474	-2.63355658605488	1.72503259363098	-1.52667062395127	0.126842935677298	NA
3008	1.38386108309474	-2.63355658605488	1.72503259363098	-1.52667062395127	0.126842935677298	NA
3009	1.09226123247432	1.32053012988985	1.78209404566127	0.740999125778377	0.4586939703823	NA
3010	1.09226123247432	1.32053012988985	1.78209404566127	0.740999125778377	0.4586939703823	NA
3011	0.76131440853552	0.44849010424205	2.0995768011383	0.213609763643273	0.830851384848037	NA
3012	0.76131440853552	0.44849010424205	2.0995768011383	0.213609763643273	0.830851384848037	NA
3013	0.975612792630879	-1.97724141485751	1.93871554125265	-1.01987185473325	0.307789239391845	NA
3014	0.975612792630879	-1.97724141485751	1.93871554125265	-1.01987185473325	0.307789239391845	NA
3015	0	NA	NA	NA	NA	NA
3016	0	NA	NA	NA	NA	NA
3017	0	NA	NA	NA	NA	NA
3018	0	NA	NA	NA	NA	NA
3019	2.03481114684585	1.26100468249144	1.35390138481327	0.931385916755938	0.351653973187736	0.458252152463076
3020	2.03481114684585	1.26100468249144	1.35390138481327	0.931385916755938	0.351653973187736	0.458252152463076
3021	1.32867891070254	-0.443943755878198	1.52786060272776	-0.290565615138977	0.771383561047814	NA
3022	1.32867891070254	-0.443943755878198	1.52786060272776	-0.290565615138977	0.771383561047814	NA
3023	0.408248290463863	-0.698123216799561	2.10157813569984	-0.332189988533108	0.739745802941649	NA
3024	0.408248290463863	-0.698123216799561	2.10157813569984	-0.332189988533108	0.739745802941649	NA
3025	0	NA	NA	NA	NA	NA
3026	0	NA	NA	NA	NA	NA
3027	0.455128190687622	1.46332915655147	2.09860405196263	0.697286920409284	0.485623251838368	NA
3028	0.455128190687622	1.46332915655147	2.09860405196263	0.697286920409284	0.485623251838368	NA
3029	0.455128190687622	1.46332915655147	2.09860405196263	0.697286920409284	0.485623251838368	NA
3030	0.455128190687622	1.46332915655147	2.09860405196263	0.697286920409284	0.485623251838368	NA
3031	2.48485221810176	2.21754726958082	1.34227358195192	1.65208292809883	0.0985176466479163	0.181798820703536
3032	2.48485221810176	2.21754726958082	1.34227358195192	1.65208292809883	0.0985176466479163	0.181798820703536
3033	4.5907525605463	2.80379664538378	0.987158518103783	2.84026992014367	0.0045075375785711	0.0195777226783854
3034	4.5907525605463	2.80379664538378	0.987158518103783	2.84026992014367	0.0045075375785711	0.0195777226783854
3035	1.53280305593447	-0.731862459738575	1.44334620843763	-0.507059536693411	0.612113045082671	0.695394857816397
3036	1.53280305593447	-0.731862459738575	1.44334620843763	-0.507059536693411	0.612113045082671	0.695394857816397
3037	1.4307409833185	-0.594786917761967	1.4800426518347	-0.401871471085412	0.687778619548742	NA
3038	1.4307409833185	-0.594786917761967	1.4800426518347	-0.401871471085412	0.687778619548742	NA
3039	0	NA	NA	NA	NA	NA
3040	0	NA	NA	NA	NA	NA
3041	0	NA	NA	NA	NA	NA
3042	0	NA	NA	NA	NA	NA
3043	0.227564095343811	1.16277842171323	2.09495177282485	0.555038276678481	0.578868479644751	NA
3044	0.227564095343811	1.16277842171323	2.09495177282485	0.555038276678481	0.578868479644751	NA
3045	0.227564095343811	1.16277842171323	2.09495177282485	0.555038276678481	0.578868479644751	NA
3046	0.227564095343811	1.16277842171323	2.09495177282485	0.555038276678481	0.578868479644751	NA
3047	0.664339455351268	-0.218000059103391	2.01088723535044	-0.108409887571543	0.913670558214857	NA
3048	0.664339455351268	-0.218000059103391	2.01088723535044	-0.108409887571543	0.913670558214857	NA
3049	0.232651214775525	-0.19316414502161	2.0980365678857	-0.0920690077467387	0.926643212073756	NA
3050	0.232651214775525	-0.19316414502161	2.0980365678857	-0.0920690077467387	0.926643212073756	NA
3051	1.76545427070999	-0.939535558226187	1.36344605837552	-0.689088910012032	0.49076731846974	0.589575830014281
3052	1.76545427070999	-0.939535558226187	1.36344605837552	-0.689088910012032	0.49076731846974	0.589575830014281
3053	12.3517427934029	0.275829233229901	0.817558825612397	0.337381512606496	0.735829319340639	0.80460378579294
3054	12.3517427934029	0.275829233229901	0.817558825612397	0.337381512606496	0.735829319340639	0.80460378579294
3055	1.17973693786281	-2.34927159821038	1.81186296654521	-1.29660556100988	0.194766938080339	NA
3056	1.17973693786281	-2.34927159821038	1.81186296654521	-1.29660556100988	0.194766938080339	NA
3057	62.9461718737976	5.55049225138538	1.11460021144069	4.97980548937006	6.36482106889155e-07	4.33760913590248e-05
3058	62.9461718737976	5.55049225138538	1.11460021144069	4.97980548937006	6.36482106889155e-07	4.33760913590248e-05
3059	3.39134213602431	5.12707501328749	1.53607593462962	3.33777445352904	0.000844522717008051	0.00563015144672034
3060	3.39134213602431	5.12707501328749	1.53607593462962	3.33777445352904	0.000844522717008051	0.00563015144672034
3061	3.45425273980627	3.00313357138454	1.18580346316505	2.53257277843398	0.0113228861748033	0.037742953916011
3062	3.45425273980627	3.00313357138454	1.18580346316505	2.53257277843398	0.0113228861748033	0.037742953916011
3063	167.186889827164	5.73865432036277	1.56022370692689	3.67809711830745	0.000234980492577224	0.00209982567834966
3064	167.186889827164	5.73865432036277	1.56022370692689	3.67809711830745	0.000234980492577224	0.00209982567834966
3065	0.766401527967233	-0.465278789480739	1.92404318179707	-0.241823465233334	0.808916955819756	NA
3066	0.766401527967233	-0.465278789480739	1.92404318179707	-0.241823465233334	0.808916955819756	NA
3067	0.204124145231932	-0.289902072294537	2.0984847144607	-0.138148288761322	0.890123222704436	NA
3068	0.204124145231932	-0.289902072294537	2.0984847144607	-0.138148288761322	0.890123222704436	NA
3069	0.227564095343811	1.16277842171323	2.09495177282485	0.555038276678481	0.578868479644751	NA
3070	0.227564095343811	1.16277842171323	2.09495177282485	0.555038276678481	0.578868479644751	NA
3071	0	NA	NA	NA	NA	NA
3072	0	NA	NA	NA	NA	NA
3073	0.431688240575743	0.300911269897379	2.10125340962322	0.143205606957866	0.886127801753767	NA
3074	0.431688240575743	0.300911269897379	2.10125340962322	0.143205606957866	0.886127801753767	NA
3075	2.47103519613734	-0.445679768617945	1.2335849334111	-0.361288271724878	0.717883960275869	0.78970996153972
3076	2.47103519613734	-0.445679768617945	1.2335849334111	-0.361288271724878	0.717883960275869	0.78970996153972
3077	2.0767276079896	-2.08522381638947	1.36735327495179	-1.52500736611977	0.127257260386532	0.219589356459916
3078	2.0767276079896	-2.08522381638947	1.36735327495179	-1.52500736611977	0.127257260386532	0.219589356459916
3079	0.864697137130505	0.63547605136659	2.08928908829464	0.304158986387705	0.761006769549026	NA
3080	0.864697137130505	0.63547605136659	2.08928908829464	0.304158986387705	0.761006769549026	NA
3081	0	NA	NA	NA	NA	NA
3082	0	NA	NA	NA	NA	NA
3083	0.46530242955105	-0.73806087475055	2.10187461749905	-0.351144101844069	0.725480243379624	NA
3084	0.46530242955105	-0.73806087475055	2.10187461749905	-0.351144101844069	0.725480243379624	NA
3085	0.102062072615966	0.0151395672302882	2.09688988419048	0.00722001061878979	0.99423931504784	NA
3086	0.102062072615966	0.0151395672302882	2.09688988419048	0.00722001061878979	0.99423931504784	NA
3087	2.49006301788518	-3.56964435299667	1.46339962950563	-2.4392819849234	0.0147164796266069	0.0459206645109577
3088	2.49006301788518	-3.56964435299667	1.46339962950563	-2.4392819849234	0.0147164796266069	0.0459206645109577
3089	0.436775360007456	-0.717854028375714	2.10172648415553	-0.341554447635058	0.732686223085295	NA
3090	0.436775360007456	-0.717854028375714	2.10172648415553	-0.341554447635058	0.732686223085295	NA
3091	0.562277382735302	0.0498330857396452	2.0951784918673	0.0237846493428024	0.981024384636588	NA
3092	0.562277382735302	0.0498330857396452	2.0951784918673	0.0237846493428024	0.981024384636588	NA
3093	0.334713287391491	-0.530109587478167	2.10015201911518	-0.252414864568474	0.800720411785564	NA
3094	0.334713287391491	-0.530109587478167	2.10015201911518	-0.252414864568474	0.800720411785564	NA
3095	0.664339455351268	-0.218000059103391	2.01088723535044	-0.108409887571543	0.913670558214857	NA
3096	0.664339455351268	-0.218000059103391	2.01088723535044	-0.108409887571543	0.913670558214857	NA
3097	1.45418093343038	0.197263748291289	1.46392735777202	0.134749683612382	0.89280978954022	NA
3098	1.45418093343038	0.197263748291289	1.46392735777202	0.134749683612382	0.89280978954022	NA
3099	0	NA	NA	NA	NA	NA
3100	0	NA	NA	NA	NA	NA
3101	0	NA	NA	NA	NA	NA
3102	0	NA	NA	NA	NA	NA
3103	0.436775360007456	-0.717854028375714	2.10172648415553	-0.341554447635058	0.732686223085295	NA
3104	0.436775360007456	-0.717854028375714	2.10172648415553	-0.341554447635058	0.732686223085295	NA
3105	0.204124145231932	-0.289902072294537	2.0984847144607	-0.138148288761322	0.890123222704436	NA
3106	0.204124145231932	-0.289902072294537	2.0984847144607	-0.138148288761322	0.890123222704436	NA
3107	0.306186217847897	-0.511379433977429	2.09997323508663	-0.243517119853355	0.807604824481893	NA
3108	0.306186217847897	-0.511379433977429	2.09997323508663	-0.243517119853355	0.807604824481893	NA
3109	0.771488647398947	-1.48375308003281	2.08084128814171	-0.713054421059606	0.47581208212865	NA
3110	0.771488647398947	-1.48375308003281	2.08084128814171	-0.713054421059606	0.47581208212865	NA
3111	1.7616878072573	-0.204505914212839	1.35740342341996	-0.150659642287912	0.880244210547005	0.909030165797251
3112	1.7616878072573	-0.204505914212839	1.35740342341996	-0.150659642287912	0.880244210547005	0.909030165797251
3113	1.89604341286955	-1.02155801894416	1.35694441684584	-0.752837040531645	0.451547845398328	0.55682600616822
3114	1.89604341286955	-1.02155801894416	1.35694441684584	-0.752837040531645	0.451547845398328	0.55682600616822
3115	0.408248290463863	-0.698123216799561	2.10157813569984	-0.332189988533108	0.739745802941649	NA
3116	0.408248290463863	-0.698123216799561	2.10157813569984	-0.332189988533108	0.739745802941649	NA
3117	0.771488647398947	-1.48375308003281	2.08084128814171	-0.713054421059606	0.47581208212865	NA
3118	0.771488647398947	-1.48375308003281	2.08084128814171	-0.713054421059606	0.47581208212865	NA
3119	3.4738544023328	-1.03314379266228	1.05656345984788	-0.977834112123307	0.328156376632978	0.436273292557521
3120	3.4738544023328	-1.03314379266228	1.05656345984788	-0.977834112123307	0.328156376632978	0.436273292557521
3121	0.562277382735302	0.0498330857396452	2.0951784918673	0.0237846493428024	0.981024384636588	NA
3122	0.562277382735302	0.0498330857396452	2.0951784918673	0.0237846493428024	0.981024384636588	NA
3123	0	NA	NA	NA	NA	NA
3124	0	NA	NA	NA	NA	NA
3125	2.82088616147227	2.17676342808554	1.19099686938601	1.82768190583718	0.0675973052641454	0.139170922602652
3126	2.82088616147227	2.17676342808554	1.19099686938601	1.82768190583718	0.0675973052641454	0.139170922602652
3127	7.56716400683979	-3.9599647528859	1.19876638602656	-3.30336652666049	0.000955314345097436	0.00619185223674264
3128	7.56716400683979	-3.9599647528859	1.19876638602656	-3.30336652666049	0.000955314345097436	0.00619185223674264
3129	0.640899505239388	-1.11512100132872	2.12268220907098	-0.525335821143369	0.599349759901581	NA
3130	0.640899505239388	-1.11512100132872	2.12268220907098	-0.525335821143369	0.599349759901581	NA
3131	1.47762088354226	0.920863931502366	1.58145146605739	0.582290352417903	0.560371122767603	NA
3132	1.47762088354226	0.920863931502366	1.58145146605739	0.582290352417903	0.560371122767603	NA
3133	3.36349005754838	0.562820727072431	1.08361982120548	0.519389472265576	0.603489171310433	0.691271064018058
3134	3.36349005754838	0.562820727072431	1.08361982120548	0.519389472265576	0.603489171310433	0.691271064018058
3135	0	NA	NA	NA	NA	NA
3136	0	NA	NA	NA	NA	NA
3137	0.227564095343811	1.16277842171323	2.09495177282485	0.555038276678481	0.578868479644751	NA
3138	0.227564095343811	1.16277842171323	2.09495177282485	0.555038276678481	0.578868479644751	NA
3139	0.329626167959777	0.605654192809648	2.0991405715485	0.288524837744843	0.772945020734111	NA
3140	0.329626167959777	0.605654192809648	2.0991405715485	0.288524837744843	0.772945020734111	NA
3141	0	NA	NA	NA	NA	NA
3142	0	NA	NA	NA	NA	NA
3143	1.74710144002983	-3.02039471725982	1.57052262036403	-1.92317810523462	0.0544576859708159	0.119853737674905
3144	1.74710144002983	-3.02039471725982	1.57052262036403	-1.92317810523462	0.0544576859708159	0.119853737674905
3145	0.329626167959777	0.605654192809648	2.0991405715485	0.288524837744843	0.772945020734111	NA
3146	0.329626167959777	0.605654192809648	2.0991405715485	0.288524837744843	0.772945020734111	NA
3147	0.102062072615966	0.0151395672302882	2.09688988419048	0.00722001061878979	0.99423931504784	NA
3148	0.102062072615966	0.0151395672302882	2.09688988419048	0.00722001061878979	0.99423931504784	NA
3149	0.460215310119336	0.276912429550551	2.10151614532912	0.131767928676648	0.895167854523936	NA
3150	0.460215310119336	0.276912429550551	2.10151614532912	0.131767928676648	0.895167854523936	NA
3151	3.88661597144968	-0.411945754485186	1.02016627440535	-0.403802561229843	0.686357912923109	0.761014097536205
3152	3.88661597144968	-0.411945754485186	1.02016627440535	-0.403802561229843	0.686357912923109	0.761014097536205
3153	2.86280262261602	-0.68491442872823	1.0782897542571	-0.63518588211024	0.525307189821399	0.621665313398105
3154	2.86280262261602	-0.68491442872823	1.0782897542571	-0.63518588211024	0.525307189821399	0.621665313398105
3155	1.33885314956596	-2.50883411752693	1.74972464403046	-1.43384510590642	0.151616469857865	NA
3156	1.33885314956596	-2.50883411752693	1.74972464403046	-1.43384510590642	0.151616469857865	NA
3157	0.896990670126792	-0.671851961788102	1.83207637872	-0.366716131266044	0.713830772624265	NA
3158	0.896990670126792	-0.671851961788102	1.83207637872	-0.366716131266044	0.713830772624265	NA
3159	0.659252335919554	0.693501941428492	2.12273943425933	0.326701398313859	0.743893742536631	NA
3160	0.659252335919554	0.693501941428492	2.12273943425933	0.326701398313859	0.743893742536631	NA
3161	7.85559120269982	1.74290272198867	0.772248474614861	2.25691960461029	0.0240130987945969	0.0661078920461214
3162	7.85559120269982	1.74290272198867	0.772248474614861	2.25691960461029	0.0240130987945969	0.0661078920461214
3163	2.89574182052366	2.29625118722695	1.12449396746694	2.04203068549983	0.0411484875947168	0.0980281610310894
3164	2.89574182052366	2.29625118722695	1.12449396746694	2.04203068549983	0.0411484875947168	0.0980281610310894
3165	14.125222150276	0.204247321279871	0.887903739612591	0.230033180588909	0.818065986599838	0.861995988164626
3166	14.125222150276	0.204247321279871	0.887903739612591	0.230033180588909	0.818065986599838	0.861995988164626
3167	1.76545427070999	-0.939535558226187	1.36344605837552	-0.689088910012032	0.49076731846974	0.589575830014281
3168	1.76545427070999	-0.939535558226187	1.36344605837552	-0.689088910012032	0.49076731846974	0.589575830014281
3169	3.46632147542741	-0.253046607748391	1.06830596797333	-0.236867166649309	0.812759842413228	0.857255484212847
3170	3.46632147542741	-0.253046607748391	1.06830596797333	-0.236867166649309	0.812759842413228	0.857255484212847
3171	2.83559620905145	-0.644958590431245	1.33209278289754	-0.484169420262412	0.628265637263008	0.710286857740144
3172	2.83559620905145	-0.644958590431245	1.33209278289754	-0.484169420262412	0.628265637263008	0.710286857740144
3173	0.232651214775525	-0.19316414502161	2.0980365678857	-0.0920690077467387	0.926643212073756	NA
3174	0.232651214775525	-0.19316414502161	2.0980365678857	-0.0920690077467387	0.926643212073756	NA
3175	0.669426574782981	-1.18312895308249	2.12141177000729	-0.557708300580618	0.577043588664145	NA
3176	0.669426574782981	-1.18312895308249	2.12141177000729	-0.557708300580618	0.577043588664145	NA
3177	0.232651214775525	-0.19316414502161	2.0980365678857	-0.0920690077467387	0.926643212073756	NA
3178	0.232651214775525	-0.19316414502161	2.0980365678857	-0.0920690077467387	0.926643212073756	NA
3179	8.10343195163783	-0.982270947951861	0.737486865751712	-1.33191653108377	0.182887618220902	0.286401191844813
3180	8.10343195163783	-0.982270947951861	0.737486865751712	-1.33191653108377	0.182887618220902	0.286401191844813
3181	0	NA	NA	NA	NA	NA
3182	0	NA	NA	NA	NA	NA
3183	1.10111481535872	-1.0550769181078	1.67162404110264	-0.631168786859426	0.527930168423654	NA
3184	1.10111481535872	-1.0550769181078	1.67162404110264	-0.631168786859426	0.527930168423654	NA
3185	1.91439624354972	0.266913781592048	1.32955614316411	0.200754050864555	0.840890893481303	0.880514024587752
3186	1.91439624354972	0.266913781592048	1.32955614316411	0.200754050864555	0.840890893481303	0.880514024587752
3187	0.562277382735302	0.0498330857396452	2.0951784918673	0.0237846493428024	0.981024384636588	NA
3188	0.562277382735302	0.0498330857396452	2.0951784918673	0.0237846493428024	0.981024384636588	NA
3189	1.30523896059066	-1.36308934320672	1.57303808824636	-0.866532955172312	0.386197962181062	NA
3190	1.30523896059066	-1.36308934320672	1.57303808824636	-0.866532955172312	0.386197962181062	NA
3191	0.102062072615966	0.0151395672302882	2.09688988419048	0.00722001061878979	0.99423931504784	NA
3192	0.102062072615966	0.0151395672302882	2.09688988419048	0.00722001061878979	0.99423931504784	NA
3193	0.232651214775525	-0.19316414502161	2.0980365678857	-0.0920690077467387	0.926643212073756	NA
3194	0.232651214775525	-0.19316414502161	2.0980365678857	-0.0920690077467387	0.926643212073756	NA
3195	0.562277382735302	0.0498330857396452	2.0951784918673	0.0237846493428024	0.981024384636588	NA
3196	0.562277382735302	0.0498330857396452	2.0951784918673	0.0237846493428024	0.981024384636588	NA
3197	0.436775360007456	-0.717854028375714	2.10172648415553	-0.341554447635058	0.732686223085295	NA
3198	0.436775360007456	-0.717854028375714	2.10172648415553	-0.341554447635058	0.732686223085295	NA
3199	0.635812385807674	-0.14616022719174	2.11950403513501	-0.068959636202075	0.945021748622434	NA
3200	0.635812385807674	-0.14616022719174	2.11950403513501	-0.068959636202075	0.945021748622434	NA
3201	6.63586162660729	-0.0604946923329752	0.740040457845908	-0.081745115002309	0.9348494017997	0.954623750926025
3202	6.63586162660729	-0.0604946923329752	0.740040457845908	-0.081745115002309	0.9348494017997	0.954623750926025
3203	0.975612792630879	-1.97724141485751	1.93871554125265	-1.01987185473325	0.307789239391845	NA
3204	0.975612792630879	-1.97724141485751	1.93871554125265	-1.01987185473325	0.307789239391845	NA
3205	0	NA	NA	NA	NA	NA
3206	0	NA	NA	NA	NA	NA
3207	2.03481114684585	1.26100468249144	1.35390138481327	0.931385916755938	0.351653973187736	0.458252152463076
3208	2.03481114684585	1.26100468249144	1.35390138481327	0.931385916755938	0.351653973187736	0.458252152463076
3209	0.896990670126792	-0.671851961788102	1.83207637872	-0.366716131266044	0.713830772624265	NA
3210	0.896990670126792	-0.671851961788102	1.83207637872	-0.366716131266044	0.713830772624265	NA
3211	2.45764580453718	2.88174700027193	1.30897391287181	2.2015312695954	0.0276984355299264	0.072936319263756
3212	2.45764580453718	2.88174700027193	1.30897391287181	2.2015312695954	0.0276984355299264	0.072936319263756
3213	9.53978203894769	1.12018351946424	0.677574535119547	1.65322552930151	0.0982849726227035	0.181768773674749
3214	9.53978203894769	1.12018351946424	0.677574535119547	1.65322552930151	0.0982849726227035	0.181768773674749
3215	0.538837432623422	-0.864822990680704	2.10272243892331	-0.411287279134916	0.680861896192882	NA
3216	0.538837432623422	-0.864822990680704	2.10272243892331	-0.411287279134916	0.680861896192882	NA
3217	0.538837432623422	-0.864822990680704	2.10272243892331	-0.411287279134916	0.680861896192882	NA
3218	0.538837432623422	-0.864822990680704	2.10272243892331	-0.411287279134916	0.680861896192882	NA
3219	1.1245547654706	-0.0958364160127469	1.67572833733718	-0.057190902533185	0.954393125027233	NA
3220	1.1245547654706	-0.0958364160127469	1.67572833733718	-0.057190902533185	0.954393125027233	NA
3221	0.436775360007456	-0.717854028375714	2.10172648415553	-0.341554447635058	0.732686223085295	NA
3222	0.436775360007456	-0.717854028375714	2.10172648415553	-0.341554447635058	0.732686223085295	NA
3223	0.664339455351268	-0.218000059103391	2.01088723535044	-0.108409887571543	0.913670558214857	NA
3224	0.664339455351268	-0.218000059103391	2.01088723535044	-0.108409887571543	0.913670558214857	NA
3225	0.306186217847897	-0.511379433977429	2.09997323508663	-0.243517119853355	0.807604824481893	NA
3226	0.306186217847897	-0.511379433977429	2.09997323508663	-0.243517119853355	0.807604824481893	NA
3227	0.334713287391491	-0.530109587478167	2.10015201911518	-0.252414864568474	0.800720411785564	NA
3228	0.334713287391491	-0.530109587478167	2.10015201911518	-0.252414864568474	0.800720411785564	NA
3229	25.4329174392273	3.66852967152448	0.778294420629897	4.71355000663558	2.43437947483161e-06	8.44991222668824e-05
3230	25.4329174392273	3.66852967152448	0.778294420629897	4.71355000663558	2.43437947483161e-06	8.44991222668824e-05
3231	8.8190634355769	0.236819772279844	0.681131874278558	0.347685640949749	0.728076281532496	0.798204224076346
3232	8.8190634355769	0.236819772279844	0.681131874278558	0.347685640949749	0.728076281532496	0.798204224076346
3233	5.24130432008948	-4.5626378981254	1.38383781202436	-3.29709006249142	0.000976921695553464	0.00629305386706219
3234	5.24130432008948	-4.5626378981254	1.38383781202436	-3.29709006249142	0.000976921695553464	0.00629305386706219
3235	4.2251182523566	-4.26115541486047	1.46210121648764	-2.91440521819476	0.00356367004226031	0.0166489590405932
3236	4.2251182523566	-4.26115541486047	1.46210121648764	-2.91440521819476	0.00356367004226031	0.0166489590405932
3237	7.2659412280719	-1.14265776615386	0.883362981118688	-1.29353141412696	0.195827326364207	0.301825603937493
3238	7.2659412280719	-1.14265776615386	0.883362981118688	-1.29353141412696	0.195827326364207	0.301825603937493
3239	32.245119143146	-1.60738311188551	0.671765795970105	-2.39277307884404	0.0167215794168687	0.0511885084189858
3240	32.245119143146	-1.60738311188551	0.671765795970105	-2.39277307884404	0.0167215794168687	0.0511885084189858
3241	23.4742855899282	-5.42081863420853	1.22320813942703	-4.431640421186	9.35188793014126e-06	0.00020457254847184
3242	23.4742855899282	-5.42081863420853	1.22320813942703	-4.431640421186	9.35188793014126e-06	0.00020457254847184
3243	3.88088318710661	-2.95697885698702	1.27039815667798	-2.32760008462178	0.0199333489554473	0.0578976940614651
3244	3.88088318710661	-2.95697885698702	1.27039815667798	-2.32760008462178	0.0199333489554473	0.0578976940614651
3245	1.54297729479789	-2.79400755251868	1.6395409094695	-1.70414018728128	0.0883549003098271	0.167914290181572
3246	1.54297729479789	-2.79400755251868	1.6395409094695	-1.70414018728128	0.0883549003098271	0.167914290181572
3247	0.794928597510827	-0.447817310103823	1.94754649675882	-0.229939213697387	0.818139004478471	NA
3248	0.794928597510827	-0.447817310103823	1.94754649675882	-0.229939213697387	0.818139004478471	NA
3249	0.334713287391491	-0.530109587478167	2.10015201911518	-0.252414864568474	0.800720411785564	NA
3250	0.334713287391491	-0.530109587478167	2.10015201911518	-0.252414864568474	0.800720411785564	NA
3251	13.1891816607498	3.35252761986292	0.764451805067075	4.38553169426915	1.15702808816335e-05	0.000240570196548816
3252	13.1891816607498	3.35252761986292	0.764451805067075	4.38553169426915	1.15702808816335e-05	0.000240570196548816
3253	0.436775360007456	-0.717854028375714	2.10172648415553	-0.341554447635058	0.732686223085295	NA
3254	0.436775360007456	-0.717854028375714	2.10172648415553	-0.341554447635058	0.732686223085295	NA
3255	1.4307409833185	-0.594786917761967	1.4800426518347	-0.401871471085412	0.687778619548742	NA
3256	1.4307409833185	-0.594786917761967	1.4800426518347	-0.401871471085412	0.687778619548742	NA
3257	1.54738942316194	2.04596891858852	1.50473156442047	1.35969030421482	0.173927947635657	0.276732865881382
3258	1.54738942316194	2.04596891858852	1.50473156442047	1.35969030421482	0.173927947635657	0.276732865881382
3259	0.204124145231932	-0.289902072294537	2.0984847144607	-0.138148288761322	0.890123222704436	NA
3260	0.204124145231932	-0.289902072294537	2.0984847144607	-0.138148288761322	0.890123222704436	NA
3261	0	NA	NA	NA	NA	NA
3262	0	NA	NA	NA	NA	NA
3263	0	NA	NA	NA	NA	NA
3264	0	NA	NA	NA	NA	NA
3265	0.334713287391491	-0.530109587478167	2.10015201911518	-0.252414864568474	0.800720411785564	NA
3266	0.334713287391491	-0.530109587478167	2.10015201911518	-0.252414864568474	0.800720411785564	NA
3267	0.232651214775525	-0.19316414502161	2.0980365678857	-0.0920690077467387	0.926643212073756	NA
3268	0.232651214775525	-0.19316414502161	2.0980365678857	-0.0920690077467387	0.926643212073756	NA
3269	0	NA	NA	NA	NA	NA
3270	0	NA	NA	NA	NA	NA
3271	0.102062072615966	0.0151395672302882	2.09688988419048	0.00722001061878979	0.99423931504784	NA
3272	0.102062072615966	0.0151395672302882	2.09688988419048	0.00722001061878979	0.99423931504784	NA
3273	0.334713287391491	-0.530109587478167	2.10015201911518	-0.252414864568474	0.800720411785564	NA
3274	0.334713287391491	-0.530109587478167	2.10015201911518	-0.252414864568474	0.800720411785564	NA
3275	0.659252335919554	0.693501941428492	2.12273943425933	0.326701398313859	0.743893742536631	NA
3276	0.659252335919554	0.693501941428492	2.12273943425933	0.326701398313859	0.743893742536631	NA
3277	0.557190263303588	0.93792212795813	2.1015277568334	0.446304896477504	0.655377019783103	NA
3278	0.557190263303588	0.93792212795813	2.1015277568334	0.446304896477504	0.655377019783103	NA
3279	0	NA	NA	NA	NA	NA
3280	0	NA	NA	NA	NA	NA
3281	2.861481966637	-0.627927302386831	1.07864792085818	-0.582142968288713	0.56047038476861	0.652975205555662
3282	2.861481966637	-0.627927302386831	1.07864792085818	-0.582142968288713	0.56047038476861	0.652975205555662
3283	2.64982489449968	0.731294564412266	1.13188097317221	0.646087867669285	0.518222452062483	0.614319587542316
3284	2.64982489449968	0.731294564412266	1.13188097317221	0.646087867669285	0.518222452062483	0.614319587542316
3285	4.92810715989583	3.36851573892376	1.17963302506905	2.85556242266665	0.00429606768751734	0.0189333518232663
3286	4.92810715989583	3.36851573892376	1.17963302506905	2.85556242266665	0.00429606768751734	0.0189333518232663
3287	5.15170928730259	1.95293841545255	0.963614076746653	2.02668107760115	0.0426950388602556	0.100458914965307
3288	5.15170928730259	1.95293841545255	0.963614076746653	2.02668107760115	0.0426950388602556	0.100458914965307
3289	0.455128190687622	1.46332915655147	2.09860405196263	0.697286920409284	0.485623251838368	NA
3290	0.455128190687622	1.46332915655147	2.09860405196263	0.697286920409284	0.485623251838368	NA
3291	2.76959413288446	-1.64748010463252	1.20872564848933	-1.36298928271403	0.172885888292935	0.276696816783607
3292	2.76959413288446	-1.64748010463252	1.20872564848933	-1.36298928271403	0.172885888292935	0.276696816783607
3293	0.102062072615966	0.0151395672302882	2.09688988419048	0.00722001061878979	0.99423931504784	NA
3294	0.102062072615966	0.0151395672302882	2.09688988419048	0.00722001061878979	0.99423931504784	NA
3295	0.664339455351268	-0.218000059103391	2.01088723535044	-0.108409887571543	0.913670558214857	NA
3296	0.664339455351268	-0.218000059103391	2.01088723535044	-0.108409887571543	0.913670558214857	NA
3297	2.61047792118131	-1.61878097336436	1.21419788941044	-1.33321016901978	0.182462843145597	0.285949231795338
3298	2.61047792118131	-1.61878097336436	1.21419788941044	-1.33321016901978	0.182462843145597	0.285949231795338
3299	22.4618817196171	-4.70960198213556	1.10141300082706	-4.27596367447914	1.90312255646752e-05	0.00029494888329017
3300	22.4618817196171	-4.70960198213556	1.10141300082706	-4.27596367447914	1.90312255646752e-05	0.00029494888329017
3301	0.227564095343811	1.16277842171323	2.09495177282485	0.555038276678481	0.578868479644751	NA
3302	0.227564095343811	1.16277842171323	2.09495177282485	0.555038276678481	0.578868479644751	NA
3303	13.9476319896901	-4.76655951758464	1.21021475778447	-3.93860633984561	8.1956269297776e-05	0.000950873842681379
3304	13.9476319896901	-4.76655951758464	1.21021475778447	-3.93860633984561	8.1956269297776e-05	0.000950873842681379
3305	5.26474427020136	-3.42600268568208	1.21841745142401	-2.81184636815401	0.00492580243974431	0.0206928426723656
3306	5.26474427020136	-3.42600268568208	1.21841745142401	-2.81184636815401	0.00492580243974431	0.0206928426723656
3307	1.17973693786281	-2.34927159821038	1.81186296654521	-1.29660556100988	0.194766938080339	NA
3308	1.17973693786281	-2.34927159821038	1.81186296654521	-1.29660556100988	0.194766938080339	NA
3309	0.771488647398947	-1.48375308003281	2.08084128814171	-0.713054421059606	0.47581208212865	NA
3310	0.771488647398947	-1.48375308003281	2.08084128814171	-0.713054421059606	0.47581208212865	NA
3311	1.76036715127828	-0.256090669963748	1.32868660249365	-0.192739709637413	0.847162822698495	0.885315714191012
3312	1.76036715127828	-0.256090669963748	1.32868660249365	-0.192739709637413	0.847162822698495	0.885315714191012
3313	2.31446594219684	-3.41453189177978	1.49113168737204	-2.28989291871165	0.0220275248395564	0.0621744652729414
3314	2.31446594219684	-3.41453189177978	1.49113168737204	-2.28989291871165	0.0220275248395564	0.0621744652729414
3315	1.30523896059066	-1.36308934320672	1.57303808824636	-0.866532955172312	0.386197962181062	NA
3316	1.30523896059066	-1.36308934320672	1.57303808824636	-0.866532955172312	0.386197962181062	NA
3317	1.0909405764953	0.595509855423648	1.92409518260652	0.309501245472132	0.756940264894761	NA
3318	1.0909405764953	0.595509855423648	1.92409518260652	0.309501245472132	0.756940264894761	NA
3319	9.04009607515827	1.60975798817027	0.863263240166141	1.8647359383222	0.0622184266809733	0.130202985580512
3320	9.04009607515827	1.60975798817027	0.863263240166141	1.8647359383222	0.0622184266809733	0.130202985580512
3321	0.893224206674099	0.644338003645561	2.10020089353602	0.306798271359992	0.75899692410722	NA
3322	0.893224206674099	0.644338003645561	2.10020089353602	0.306798271359992	0.75899692410722	NA
3323	2.22190311737663	-0.00854070983516547	1.19063083678692	-0.00717326443367933	0.994276612141363	0.996174086592014
3324	2.22190311737663	-0.00854070983516547	1.19063083678692	-0.00717326443367933	0.994276612141363	0.996174086592014
3325	0.436775360007456	-0.717854028375714	2.10172648415553	-0.341554447635058	0.732686223085295	NA
3326	0.436775360007456	-0.717854028375714	2.10172648415553	-0.341554447635058	0.732686223085295	NA
3327	0.102062072615966	0.0151395672302882	2.09688988419048	0.00722001061878979	0.99423931504784	NA
3328	0.102062072615966	0.0151395672302882	2.09688988419048	0.00722001061878979	0.99423931504784	NA
3329	2.10016755810148	-1.21559973985455	1.28940194625814	-0.942762451524315	0.345802421585964	0.452277720387934
3330	2.10016755810148	-1.21559973985455	1.28940194625814	-0.942762451524315	0.345802421585964	0.452277720387934
3331	2.95845691982125	-0.306383081329706	1.08677154020449	-0.281920412888302	0.778004536913364	0.833576289550033
3332	2.95845691982125	-0.306383081329706	1.08677154020449	-0.281920412888302	0.778004536913364	0.833576289550033
3333	1.19432330509028	0.913418877245031	1.7231127706962	0.530098141444321	0.596043887617767	NA
3334	1.19432330509028	0.913418877245031	1.7231127706962	0.530098141444321	0.596043887617767	NA
3335	3.05675252898453	0.0566851095202861	1.01629651735799	0.055776152483182	0.955520132924276	0.9670324236824
3336	3.05675252898453	0.0566851095202861	1.01629651735799	0.055776152483182	0.955520132924276	0.9670324236824
3337	0.659252335919554	0.693501941428492	2.12273943425933	0.326701398313859	0.743893742536631	NA
3338	0.659252335919554	0.693501941428492	2.12273943425933	0.326701398313859	0.743893742536631	NA
3339	2.65359135795238	0.0597636851614113	1.05917557591357	0.0564247198674904	0.955003464715108	0.966975542864864
3340	2.65359135795238	0.0597636851614113	1.05917557591357	0.0564247198674904	0.955003464715108	0.966975542864864
3341	2.10966680589724	1.42846975746817	1.19586846561459	1.19450407677908	0.232280846949018	0.339804791774947
3342	2.10966680589724	1.42846975746817	1.19586846561459	1.19450407677908	0.232280846949018	0.339804791774947
3343	2.62506428840878	0.00145148148223853	1.07489535065321	0.00135034678618386	0.998922579475009	0.998922579475009
3344	2.62506428840878	0.00145148148223853	1.07489535065321	0.00135034678618386	0.998922579475009	0.998922579475009
3345	1.09602769592701	-0.138916182369174	1.6813768286884	-0.0826204929192103	0.934153305990921	NA
3346	1.09602769592701	-0.138916182369174	1.6813768286884	-0.0826204929192103	0.934153305990921	NA
3347	0.562277382735302	0.0498330857396452	2.0951784918673	0.0237846493428024	0.981024384636588	NA
3348	0.562277382735302	0.0498330857396452	2.0951784918673	0.0237846493428024	0.981024384636588	NA
3349	0.538837432623422	-0.864822990680704	2.10272243892331	-0.411287279134916	0.680861896192882	NA
3350	0.538837432623422	-0.864822990680704	2.10272243892331	-0.411287279134916	0.680861896192882	NA
3351	3.76420542110686	1.21529775970325	0.914529406542993	1.32887772772359	0.183888312951164	0.287539432015968
3352	3.76420542110686	1.21529775970325	0.914529406542993	1.32887772772359	0.183888312951164	0.287539432015968
3353	0.431688240575743	0.300911269897379	2.10125340962322	0.143205606957866	0.886127801753767	NA
3354	0.431688240575743	0.300911269897379	2.10125340962322	0.143205606957866	0.886127801753767	NA
3355	2.21172887851321	1.17000075047069	1.15951994264616	1.00903891984868	0.312955969134453	0.421692354945365
3356	2.21172887851321	1.17000075047069	1.15951994264616	1.00903891984868	0.312955969134453	0.421692354945365
3357	1.77054139014171	-1.79980048459736	1.43495851546209	-1.25425262486964	0.209750197574453	0.313738305451006
3358	1.77054139014171	-1.79980048459736	1.43495851546209	-1.25425262486964	0.209750197574453	0.313738305451006
3359	1.53412371191349	-0.843497659171308	1.58908762219451	-0.530806261020677	0.59555304092908	0.685857628709113
3360	1.53412371191349	-0.843497659171308	1.58908762219451	-0.530806261020677	0.59555304092908	0.685857628709113
3361	1.99057255858013	0.568190092622708	1.55697017464208	0.364933190035785	0.715161278288487	0.787333517381821
3362	1.99057255858013	0.568190092622708	1.55697017464208	0.364933190035785	0.715161278288487	0.787333517381821
3363	16.2105785105093	0.570939547389986	0.613348048944792	0.930857362915289	0.351927352312258	0.458323993708987
3364	16.2105785105093	0.570939547389986	0.613348048944792	0.930857362915289	0.351927352312258	0.458323993708987
3365	9.09527824755048	1.21041014965639	0.867160733945664	1.39583136352232	0.162765283333746	0.26363833012022
3366	9.09527824755048	1.21041014965639	0.867160733945664	1.39583136352232	0.162765283333746	0.26363833012022
3367	6.32912409804343	-0.458267713465401	0.823838124505476	-0.556259415331725	0.578033527168003	0.669281080581449
3368	6.32912409804343	-0.458267713465401	0.823838124505476	-0.556259415331725	0.578033527168003	0.669281080581449
3369	0.766401527967233	-0.465278789480739	1.92404318179707	-0.241823465233334	0.808916955819756	NA
3370	0.766401527967233	-0.465278789480739	1.92404318179707	-0.241823465233334	0.808916955819756	NA
3371	1.19808976854298	-0.321577605188979	1.63143608692734	-0.197113210726287	0.843738945574104	NA
3372	1.19808976854298	-0.321577605188979	1.63143608692734	-0.197113210726287	0.843738945574104	NA
3373	0.910256381375245	1.8949507654303	2.11458035208375	0.896135615543281	0.370180337336823	NA
3374	0.910256381375245	1.8949507654303	2.11458035208375	0.896135615543281	0.370180337336823	NA
3375	0	NA	NA	NA	NA	NA
3376	0	NA	NA	NA	NA	NA
3377	0.227564095343811	1.16277842171323	2.09495177282485	0.555038276678481	0.578868479644751	NA
3378	0.227564095343811	1.16277842171323	2.09495177282485	0.555038276678481	0.578868479644751	NA
3379	0	NA	NA	NA	NA	NA
3380	0	NA	NA	NA	NA	NA
3381	0	NA	NA	NA	NA	NA
3382	0	NA	NA	NA	NA	NA
3383	0.910256381375245	1.8949507654303	2.11458035208375	0.896135615543281	0.370180337336823	NA
3384	0.910256381375245	1.8949507654303	2.11458035208375	0.896135615543281	0.370180337336823	NA
3385	0	NA	NA	NA	NA	NA
3386	0	NA	NA	NA	NA	NA
3387	18.9452896546585	-1.1461388940797	0.754044186002961	-1.5199890342702	0.128513731669745	0.220850111707418
3388	18.9452896546585	-1.1461388940797	0.754044186002961	-1.5199890342702	0.128513731669745	0.220850111707418
3389	0.660572991898574	1.16277842171323	2.09495177282485	0.555038276678481	0.578868479644751	NA
3390	0.660572991898574	1.16277842171323	2.09495177282485	0.555038276678481	0.578868479644751	NA
3391	0.436775360007456	-0.717854028375714	2.10172648415553	-0.341554447635058	0.732686223085295	NA
3392	0.436775360007456	-0.717854028375714	2.10172648415553	-0.341554447635058	0.732686223085295	NA
3393	0.557190263303588	0.93792212795813	2.1015277568334	0.446304896477504	0.655377019783103	NA
3394	0.557190263303588	0.93792212795813	2.1015277568334	0.446304896477504	0.655377019783103	NA
3395	3.52205495853558	-0.231127574100237	0.936982739804539	-0.246672178986404	0.805161939275508	0.85218674960672
3396	3.52205495853558	-0.231127574100237	0.936982739804539	-0.246672178986404	0.805161939275508	0.85218674960672
3397	2.20796241506051	2.47065653483375	1.35723383547889	1.82036173152284	0.0687039361775551	0.140187326443975
3398	2.20796241506051	2.47065653483375	1.35723383547889	1.82036173152284	0.0687039361775551	0.140187326443975
3399	0	NA	NA	NA	NA	NA
3400	0	NA	NA	NA	NA	NA
3401	6.63586162660729	-0.0604946923329752	0.740040457845908	-0.081745115002309	0.9348494017997	0.954623750926025
3402	6.63586162660729	-0.0604946923329752	0.740040457845908	-0.081745115002309	0.9348494017997	0.954623750926025
3403	0.557190263303588	0.93792212795813	2.1015277568334	0.446304896477504	0.655377019783103	NA
3404	0.557190263303588	0.93792212795813	2.1015277568334	0.446304896477504	0.655377019783103	NA
3405	1.28179901047878	-2.50042464510809	1.76371586956303	-1.41770264035079	0.1562775989076	NA
3406	1.28179901047878	-2.50042464510809	1.76371586956303	-1.41770264035079	0.1562775989076	NA
3407	9.71044500171234	-2.20099903402069	0.812701286050862	-2.70825095493074	0.00676388553821446	0.0261346083353273
3408	9.71044500171234	-2.20099903402069	0.812701286050862	-2.70825095493074	0.00676388553821446	0.0261346083353273
3409	4.91220013668934	1.23468267444875	0.838398683421296	1.47266771628304	0.140840655736744	0.237276676331457
3410	4.91220013668934	1.23468267444875	0.838398683421296	1.47266771628304	0.140840655736744	0.237276676331457
3411	1.95122558526176	-3.2066140601429	1.52860001465251	-2.09774566885102	0.0359276182821628	0.0887623510500492
3412	1.95122558526176	-3.2066140601429	1.52860001465251	-2.09774566885102	0.0359276182821628	0.0887623510500492
3413	2.41652801481281	-3.4886297338405	1.47537595331801	-2.36457001077917	0.0180510151938724	0.053654822232317
3414	2.41652801481281	-3.4886297338405	1.47537595331801	-2.36457001077917	0.0180510151938724	0.053654822232317
3415	7.94179810832835	-3.28962467416831	1.09526286279076	-3.0035024339146	0.00266891414115836	0.013376419323228
3416	7.94179810832835	-3.28962467416831	1.09526286279076	-3.0035024339146	0.00266891414115836	0.013376419323228
3417	0.102062072615966	0.0151395672302882	2.09688988419048	0.00722001061878979	0.99423931504784	NA
3418	0.102062072615966	0.0151395672302882	2.09688988419048	0.00722001061878979	0.99423931504784	NA
3419	0.408248290463863	-0.698123216799561	2.10157813569984	-0.332189988533108	0.739745802941649	NA
3420	0.408248290463863	-0.698123216799561	2.10157813569984	-0.332189988533108	0.739745802941649	NA
3421	0.995286279290065	0.375003792345609	1.90072254430212	0.19729538825631	0.843596388059507	NA
3422	0.995286279290065	0.375003792345609	1.90072254430212	0.19729538825631	0.843596388059507	NA
3423	2.29543812044901	-0.216788396834435	1.1625269005061	-0.18648032724237	0.85206810485347	0.889114544194925
3424	2.29543812044901	-0.216788396834435	1.1625269005061	-0.18648032724237	0.85206810485347	0.889114544194925
3425	0.784754358647399	1.5234629717844	2.0917513508276	0.728319344066225	0.466418123607769	NA
3426	0.784754358647399	1.5234629717844	2.0917513508276	0.728319344066225	0.466418123607769	NA
3427	1.19808976854298	-0.321577605188979	1.63143608692734	-0.197113210726287	0.843738945574104	NA
3428	1.19808976854298	-0.321577605188979	1.63143608692734	-0.197113210726287	0.843738945574104	NA
3429	0.436775360007456	-0.717854028375714	2.10172648415553	-0.341554447635058	0.732686223085295	NA
3430	0.436775360007456	-0.717854028375714	2.10172648415553	-0.341554447635058	0.732686223085295	NA
3431	0.995286279290065	0.375003792345609	1.90072254430212	0.19729538825631	0.843596388059507	NA
3432	0.995286279290065	0.375003792345609	1.90072254430212	0.19729538825631	0.843596388059507	NA
3433	0.538837432623422	-0.864822990680704	2.10272243892331	-0.411287279134916	0.680861896192882	NA
3434	0.538837432623422	-0.864822990680704	2.10272243892331	-0.411287279134916	0.680861896192882	NA
3435	0.334713287391491	-0.530109587478167	2.10015201911518	-0.252414864568474	0.800720411785564	NA
3436	0.334713287391491	-0.530109587478167	2.10015201911518	-0.252414864568474	0.800720411785564	NA
3437	4.48869048793034	3.14067118727819	1.0437831634157	3.00893068345783	0.00262168923106962	0.0132344889068418
3438	4.48869048793034	3.14067118727819	1.0437831634157	3.00893068345783	0.00262168923106962	0.0132344889068418
3439	50.5220014911371	-5.75480066043859	1.16660707373395	-4.93293825316799	8.10017677518339e-07	4.678748415685e-05
3440	50.5220014911371	-5.75480066043859	1.16660707373395	-4.93293825316799	8.10017677518339e-07	4.678748415685e-05
3441	2.86978423880545	-3.76646790272377	1.47615260152126	-2.55154372172783	0.0107246867015489	0.0362339668913648
3442	2.86978423880545	-3.76646790272377	1.47615260152126	-2.55154372172783	0.0107246867015489	0.0362339668913648
3443	3.28499161539601	-2.75966312795844	1.26689288135367	-2.17829239438913	0.0293842750476565	0.0759003414515112
3444	3.28499161539601	-2.75966312795844	1.26689288135367	-2.17829239438913	0.0293842750476565	0.0759003414515112
3445	15.2034283583252	-4.17879905935398	1.05245250546889	-3.97053457295182	7.17115485824064e-05	0.000841308670519851
3446	15.2034283583252	-4.17879905935398	1.05245250546889	-3.97053457295182	7.17115485824064e-05	0.000841308670519851
3447	0.664339455351268	-0.218000059103391	2.01088723535044	-0.108409887571543	0.913670558214857	NA
3448	0.664339455351268	-0.218000059103391	2.01088723535044	-0.108409887571543	0.913670558214857	NA
3449	4.92307189668317	-4.49974641736274	1.40606519332489	-3.20024024399771	0.00137313079029819	0.00816876674115069
3450	4.92307189668317	-4.49974641736274	1.40606519332489	-3.20024024399771	0.00137313079029819	0.00816876674115069
3451	1.6494514957779	1.60624090122668	1.44447036885838	1.11199297393422	0.266141171277011	0.372597639787815
3452	1.6494514957779	1.60624090122668	1.44447036885838	1.11199297393422	0.266141171277011	0.372597639787815
3453	3.34954935523226	2.02407482979482	1.04544353073732	1.93609197463521	0.0528564372758735	0.118461599017433
3454	3.34954935523226	2.02407482979482	1.04544353073732	1.93609197463521	0.0528564372758735	0.118461599017433
3455	1.1245547654706	-0.0958364160127469	1.67572833733718	-0.057190902533185	0.954393125027233	NA
3456	1.1245547654706	-0.0958364160127469	1.67572833733718	-0.057190902533185	0.954393125027233	NA
3457	3.90938093049389	3.27486162494801	1.14374384321613	2.86328240748324	0.00419276681007981	0.0186773011479258
3458	3.90938093049389	3.27486162494801	1.14374384321613	2.86328240748324	0.00419276681007981	0.0186773011479258
3459	0.669426574782981	-1.18312895308249	2.12141177000729	-0.557708300580618	0.577043588664145	NA
3460	0.669426574782981	-1.18312895308249	2.12141177000729	-0.557708300580618	0.577043588664145	NA
3461	1.89604341286955	-1.02155801894416	1.35694441684584	-0.752837040531645	0.451547845398328	0.55682600616822
3462	1.89604341286955	-1.02155801894416	1.35694441684584	-0.752837040531645	0.451547845398328	0.55682600616822
3463	2.91666413902921	-1.81182822594745	1.20064074906517	-1.50905108572914	0.131285728259038	0.22336926263604
3464	2.91666413902921	-1.81182822594745	1.20064074906517	-1.50905108572914	0.131285728259038	0.22336926263604
3465	2.25928376980463	-1.28634620622986	1.37348898524863	-0.936553711056517	0.348988171957223	0.455909898046761
3466	2.25928376980463	-1.28634620622986	1.37348898524863	-0.936553711056517	0.348988171957223	0.455909898046761
3467	0.659252335919554	0.693501941428492	2.12273943425933	0.326701398313859	0.743893742536631	NA
3468	0.659252335919554	0.693501941428492	2.12273943425933	0.326701398313859	0.743893742536631	NA
3469	1.33376603013425	-1.33979669262574	1.57164661062102	-0.852479611874284	0.393947950192337	NA
3470	1.33376603013425	-1.33979669262574	1.57164661062102	-0.852479611874284	0.393947950192337	NA
3471	9.04273738711631	1.98156079323028	0.733680497701388	2.70084975604298	0.0069162574049872	0.0266177140380585
3472	9.04273738711631	1.98156079323028	0.733680497701388	2.70084975604298	0.0069162574049872	0.0266177140380585
3473	2.10966680589724	1.42846975746817	1.19586846561459	1.19450407677908	0.232280846949018	0.339804791774947
3474	2.10966680589724	1.42846975746817	1.19586846561459	1.19450407677908	0.232280846949018	0.339804791774947
3475	0.567364502167016	-0.883997508371301	2.10283931084895	-0.420382814707044	0.674205820337934	NA
3476	0.567364502167016	-0.883997508371301	2.10283931084895	-0.420382814707044	0.674205820337934	NA
3477	1.10111481535872	-1.0550769181078	1.67162404110264	-0.631168786859426	0.527930168423654	NA
3478	1.10111481535872	-1.0550769181078	1.67162404110264	-0.631168786859426	0.527930168423654	NA
3479	13.4165502516092	2.31078938371906	0.883752081127695	2.61474844932803	0.00892931920036376	0.0314887830743306
3480	13.4165502516092	2.31078938371906	0.883752081127695	2.61474844932803	0.00892931920036376	0.0314887830743306
3481	8.09712532651607	-1.39062854897515	0.833720918358249	-1.66797847859396	0.0953199991270357	0.177457445183311
3482	8.09712532651607	-1.39062854897515	0.833720918358249	-1.66797847859396	0.0953199991270357	0.177457445183311
3483	2.09131397521707	0.0755272931029615	1.19876504979291	0.0630042501789729	0.949763119893992	0.964459647861404
3484	2.09131397521707	0.0755272931029615	1.19876504979291	0.0630042501789729	0.949763119893992	0.964459647861404
3485	2.41144089538109	-2.30176262862048	1.32725023312084	-1.73423411138397	0.0828765528105214	0.161298202874972
3486	2.41144089538109	-2.30176262862048	1.32725023312084	-1.73423411138397	0.0828765528105214	0.161298202874972
3487	0.896990670126792	-0.671851961788102	1.83207637872	-0.366716131266044	0.713830772624265	NA
3488	0.896990670126792	-0.671851961788102	1.83207637872	-0.366716131266044	0.713830772624265	NA
3489	1.07767486524684	-2.17633120654209	1.87040749752695	-1.16355992446546	0.244602400160686	NA
3490	1.07767486524684	-2.17633120654209	1.87040749752695	-1.16355992446546	0.244602400160686	NA
3491	2.24093093912447	-3.29460776748447	1.55376911252828	-2.12039725910339	0.0339725576598996	0.0850326234633958
3492	2.24093093912447	-3.29460776748447	1.55376911252828	-2.12039725910339	0.0339725576598996	0.0850326234633958
3493	1.23679107695	-2.33485439035843	1.82396805118361	-1.28009610082989	0.200511339819622	NA
3494	1.23679107695	-2.33485439035843	1.82396805118361	-1.28009610082989	0.200511339819622	NA
3495	3.4396663725788	0.799391125969206	0.964402198499466	0.828898075111189	0.407162084692823	0.512460520140802
3496	3.4396663725788	0.799391125969206	0.964402198499466	0.828898075111189	0.407162084692823	0.512460520140802
3497	1.71857437048623	-3.01272194226993	1.58953644679805	-1.89534624911479	0.0580465447294754	0.12457613074287
3498	1.71857437048623	-3.01272194226993	1.58953644679805	-1.89534624911479	0.0580465447294754	0.12457613074287
3499	1.5144502252543	-2.80093626769599	1.64135414778898	-1.70647892867548	0.0879189462214691	NA
3500	1.41238815263834	-2.67644172728055	1.67869848209266	-1.59435524355995	0.110856490840115	NA
3501	1.41238815263834	-2.67644172728055	1.67869848209266	-1.59435524355995	0.110856490840115	NA
3502	1.07767486524684	-2.17633120654209	1.87040749752695	-1.16355992446546	0.244602400160686	NA
3503	1.07767486524684	-2.17633120654209	1.87040749752695	-1.16355992446546	0.244602400160686	NA
3504	1.48592315571071	-2.7519322975545	1.69421975145522	-1.62430658430866	0.104310392706295	NA
3505	1.48592315571071	-2.7519322975545	1.69421975145522	-1.62430658430866	0.104310392706295	NA
3506	1.5144502252543	-2.80093626769599	1.64135414778898	-1.70647892867548	0.0879189462214691	NA
3507	1.5144502252543	-2.80093626769599	1.64135414778898	-1.70647892867548	0.0879189462214691	NA
3508	1.54297729479789	-2.79400755251868	1.6395409094695	-1.70414018728128	0.0883549003098271	0.167914290181572
3509	1.54297729479789	-2.79400755251868	1.6395409094695	-1.70414018728128	0.0883549003098271	0.167914290181572
3510	154.808498451839	8.51277782126344	1.45073498112186	5.86790691066157	4.41330901602062e-09	1.68508162429878e-06
3511	154.808498451839	8.51277782126344	1.45073498112186	5.86790691066157	4.41330901602062e-09	1.68508162429878e-06
3512	7.58234418275956	6.11866279904757	1.41043772866323	4.33813040781792	1.43699886059701e-05	0.000258044126934739
3513	7.58234418275956	6.11866279904757	1.41043772866323	4.33813040781792	1.43699886059701e-05	0.000258044126934739
3514	4.00767653965716	5.20247687631618	1.46430273819798	3.55286973151367	0.000381053113998035	0.00307773668998413
3515	4.00767653965716	5.20247687631618	1.46430273819798	3.55286973151367	0.000381053113998035	0.00307773668998413
3516	6.03231344763958	4.10749670061425	1.09812639812244	3.74045893772992	0.000183684554131563	0.00173892246081474
3517	6.03231344763958	4.10749670061425	1.09812639812244	3.74045893772992	0.000183684554131563	0.00173892246081474
3518	3.30907723041924	0.861698414064436	0.973841271260772	0.884844829947337	0.376240326963749	0.483836305342237
3519	3.30907723041924	0.861698414064436	0.973841271260772	0.884844829947337	0.376240326963749	0.483836305342237
3520	0.664339455351268	-0.218000059103391	2.01088723535044	-0.108409887571543	0.913670558214857	NA
3521	0.664339455351268	-0.218000059103391	2.01088723535044	-0.108409887571543	0.913670558214857	NA
3522	2.28085175322153	-2.24537145564305	1.34262061346628	-1.67237969767655	0.094449472937642	0.176149105833968
3523	2.28085175322153	-2.24537145564305	1.34262061346628	-1.67237969767655	0.094449472937642	0.176149105833968
3524	2.50841584856535	-1.54697296801469	1.22258050877013	-1.26533423109362	0.205751540603252	0.311544101337521
3525	2.50841584856535	-1.54697296801469	1.22258050877013	-1.26533423109362	0.205751540603252	0.311544101337521
3526	0.999052742742758	-0.87403617560947	1.74218541880253	-0.501689525222998	0.615885933861144	NA
3527	0.999052742742758	-0.87403617560947	1.74218541880253	-0.501689525222998	0.615885933861144	NA
3528	1.21644259922314	1.21284785831332	1.84553104620809	0.657180956562765	0.511064568926309	NA
3529	1.21644259922314	1.21284785831332	1.84553104620809	0.657180956562765	0.511064568926309	NA
3530	1.45926805286209	-0.563997922762868	1.50923510714158	-0.3736978553534	0.708629121100224	NA
3531	1.45926805286209	-0.563997922762868	1.50923510714158	-0.3736978553534	0.708629121100224	NA
3532	12.5815273664341	-1.65674501147719	0.760034067828962	-2.17982993342612	0.0292700702134012	0.0759003414515112
3533	12.5815273664341	-1.65674501147719	0.760034067828962	-2.17982993342612	0.0292700702134012	0.0759003414515112
3534	0.640899505239388	-1.11512100132872	2.12268220907098	-0.525335821143369	0.599349759901581	NA
3535	0.640899505239388	-1.11512100132872	2.12268220907098	-0.525335821143369	0.599349759901581	NA
3536	1.7331607377137	-0.246451902195061	1.39660124495813	-0.176465475084443	0.859928269911355	0.895092622956058
3537	1.7331607377137	-0.246451902195061	1.39660124495813	-0.176465475084443	0.859928269911355	0.895092622956058
3538	0.567364502167016	-0.883997508371301	2.10283931084895	-0.420382814707044	0.674205820337934	NA
3539	0.567364502167016	-0.883997508371301	2.10283931084895	-0.420382814707044	0.674205820337934	NA
3540	2.45323367617314	-0.28119691912121	1.15905814538268	-0.242608121293492	0.808308989272313	0.853418239050708
3541	2.45323367617314	-0.28119691912121	1.15905814538268	-0.242608121293492	0.808308989272313	0.853418239050708
3542	1.10111481535872	-1.0550769181078	1.67162404110264	-0.631168786859426	0.527930168423654	NA
3543	1.10111481535872	-1.0550769181078	1.67162404110264	-0.631168786859426	0.527930168423654	NA
3544	0.533750313191708	0.0508251107301774	2.10370273380308	0.0241598349013387	0.980725115876254	NA
3545	0.533750313191708	0.0508251107301774	2.10370273380308	0.0241598349013387	0.980725115876254	NA
3546	0.431688240575743	0.300911269897379	2.10125340962322	0.143205606957866	0.886127801753767	NA
3547	0.431688240575743	0.300911269897379	2.10125340962322	0.143205606957866	0.886127801753767	NA
3548	3.89227693166009	-2.24762194380107	1.13588965857032	-1.97873264083593	0.0478461159117032	0.109248816244528
3549	3.89227693166009	-2.24762194380107	1.13588965857032	-1.97873264083593	0.0478461159117032	0.109248816244528
3550	0.436775360007456	-0.717854028375714	2.10172648415553	-0.341554447635058	0.732686223085295	NA
3551	0.436775360007456	-0.717854028375714	2.10172648415553	-0.341554447635058	0.732686223085295	NA
3552	11.6451603968326	-0.478622831476302	0.650782250810779	-0.735457721657295	0.462060779284573	0.565129665985792
3553	11.6451603968326	-0.478622831476302	0.650782250810779	-0.735457721657295	0.462060779284573	0.565129665985792
3554	1.07767486524684	-2.17633120654209	1.87040749752695	-1.16355992446546	0.244602400160686	NA
3555	1.07767486524684	-2.17633120654209	1.87040749752695	-1.16355992446546	0.244602400160686	NA
3556	56.9081326051387	-0.795208972778386	0.790324288773057	-1.00618060722	0.314328699048994	0.422999210511302
3557	56.9081326051387	-0.795208972778386	0.790324288773057	-1.00618060722	0.314328699048994	0.422999210511302
3558	6.59030238236255	-0.530360733485429	0.800575357759738	-0.662474467075212	0.507667193085157	0.606946259879777
3559	6.59030238236255	-0.530360733485429	0.800575357759738	-0.662474467075212	0.507667193085157	0.606946259879777
3560	4.43363199588984	0.623067205011596	0.84468001000796	0.737636972142533	0.460735082013574	0.564165406547234
3561	4.43363199588984	0.623067205011596	0.84468001000796	0.737636972142533	0.460735082013574	0.564165406547234
3562	4.86222876408056	-0.98395972173548	0.952064950538751	-1.03350062532885	0.301369678031821	0.410109481042291
3563	4.86222876408056	-0.98395972173548	0.952064950538751	-1.03350062532885	0.301369678031821	0.410109481042291
3564	1.10111481535872	-1.0550769181078	1.67162404110264	-0.631168786859426	0.527930168423654	NA
3565	1.10111481535872	-1.0550769181078	1.67162404110264	-0.631168786859426	0.527930168423654	NA
3566	2.17878968060557	-2.16796267692336	1.35352975681523	-1.6017103916684	0.109219666155014	0.195951558244793
3567	2.17878968060557	-2.16796267692336	1.35352975681523	-1.6017103916684	0.109219666155014	0.195951558244793
3568	5.54524753018727	2.94827363330618	1.32165388434429	2.23074563486712	0.0256979829241379	0.0685931559184257
3569	5.54524753018727	2.94827363330618	1.32165388434429	2.23074563486712	0.0256979829241379	0.0685931559184257
3570	5.54524753018727	2.94827363330618	1.32165388434429	2.23074563486712	0.0256979829241379	0.0685931559184257
3571	3.88088318710661	-2.95697885698702	1.27039815667798	-2.32760008462178	0.0199333489554473	0.0578976940614651
3572	3.88088318710661	-2.95697885698702	1.27039815667798	-2.32760008462178	0.0199333489554473	0.0578976940614651
3573	3.88088318710661	-2.95697885698702	1.27039815667798	-2.32760008462178	0.0199333489554473	0.0578976940614651
3574	3.06039531208551	3.7825614087958	1.58689471027545	2.3836246880798	0.0171430758714005	0.0520435552159977
3575	3.06039531208551	3.7825614087958	1.58689471027545	2.3836246880798	0.0171430758714005	0.0520435552159977
3576	3.06039531208551	3.7825614087958	1.58689471027545	2.3836246880798	0.0171430758714005	0.0520435552159977
3577	0.102062072615966	0.0151395672302882	2.09688988419048	0.00722001061878979	0.99423931504784	NA
3578	0.102062072615966	0.0151395672302882	2.09688988419048	0.00722001061878979	0.99423931504784	NA
3579	0.102062072615966	0.0151395672302882	2.09688988419048	0.00722001061878979	0.99423931504784	NA
3580	0	NA	NA	NA	NA	NA
3581	0	NA	NA	NA	NA	NA
3582	0	NA	NA	NA	NA	NA
3583	0	NA	NA	NA	NA	NA
3584	0	NA	NA	NA	NA	NA
3585	0	NA	NA	NA	NA	NA
3586	0	NA	NA	NA	NA	NA
3587	0	NA	NA	NA	NA	NA
3588	0	NA	NA	NA	NA	NA
3589	1.44909381399867	0.88868671114619	1.49536507363973	0.594294147169775	0.552315392562357	NA
3590	1.44909381399867	0.88868671114619	1.49536507363973	0.594294147169775	0.552315392562357	NA
3591	0.102062072615966	0.0151395672302882	2.09688988419048	0.00722001061878979	0.99423931504784	NA
3592	0.102062072615966	0.0151395672302882	2.09688988419048	0.00722001061878979	0.99423931504784	NA
3593	0.102062072615966	0.0151395672302882	2.09688988419048	0.00722001061878979	0.99423931504784	NA
3594	0.102062072615966	0.0151395672302882	2.09688988419048	0.00722001061878979	0.99423931504784	NA
3595	0	NA	NA	NA	NA	NA
3596	0	NA	NA	NA	NA	NA
3597	0	NA	NA	NA	NA	NA
3598	0	NA	NA	NA	NA	NA
3599	1.79839346861763	4.14853029150756	1.65035189112359	2.51372468733511	0.0119463652675299	0.0391421487326145
3600	1.79839346861763	4.14853029150756	1.65035189112359	2.51372468733511	0.0119463652675299	0.0391421487326145
3601	0.794928597510827	-0.447817310103823	1.94754649675882	-0.229939213697387	0.818139004478471	NA
3602	0.794928597510827	-0.447817310103823	1.94754649675882	-0.229939213697387	0.818139004478471	NA
3603	0.431688240575743	0.300911269897379	2.10125340962322	0.143205606957866	0.886127801753767	NA
3604	0.431688240575743	0.300911269897379	2.10125340962322	0.143205606957866	0.886127801753767	NA
3605	5.54047959559163	1.8418481786474	0.842408763465391	2.18640671669967	0.0287858626500927	0.0751257701541813
3606	5.54047959559163	1.8418481786474	0.842408763465391	2.18640671669967	0.0287858626500927	0.0751257701541813
3607	1.63109866509774	-0.0711676709342662	1.41744865614577	-0.0502082884100935	0.959956406690002	0.970119564027432
3608	1.63109866509774	-0.0711676709342662	1.41744865614577	-0.0502082884100935	0.959956406690002	0.970119564027432
3609	18.2506429551149	2.2372159402565	0.698379639141907	3.20343809422243	0.00135797231781733	0.00812462070488999
3610	18.2506429551149	2.2372159402565	0.698379639141907	3.20343809422243	0.00135797231781733	0.00812462070488999
3611	3.24880793859532	3.0606409221533	1.17548759227692	2.60372031339339	0.00922179769736722	0.0322453211404064
3612	3.24880793859532	3.0606409221533	1.17548759227692	2.60372031339339	0.00922179769736722	0.0322453211404064
3613	4.52300219803605	-1.50020741814399	1.03910793024324	-1.44374551909427	0.148810572126466	0.247257832933398
3614	4.52300219803605	-1.50020741814399	1.03910793024324	-1.44374551909427	0.148810572126466	0.247257832933398
3615	2.81968918584496	-2.56525162154579	1.29461599035925	-1.98147685541404	0.0475378223837802	0.108805914992848
3616	2.81968918584496	-2.56525162154579	1.29461599035925	-1.98147685541404	0.0475378223837802	0.108805914992848
3617	0.204124145231932	-0.289902072294537	2.0984847144607	-0.138148288761322	0.890123222704436	NA
3618	0.204124145231932	-0.289902072294537	2.0984847144607	-0.138148288761322	0.890123222704436	NA
3619	0.640899505239388	-1.11512100132872	2.12268220907098	-0.525335821143369	0.599349759901581	NA
3620	0.640899505239388	-1.11512100132872	2.12268220907098	-0.525335821143369	0.599349759901581	NA
3621	1.54297729479789	-2.79400755251868	1.6395409094695	-1.70414018728128	0.0883549003098271	0.167914290181572
3622	1.54297729479789	-2.79400755251868	1.6395409094695	-1.70414018728128	0.0883549003098271	0.167914290181572
3623	3.71667985597175	-2.14499160065824	1.12793031073905	-1.90170578823508	0.0572096287330873	0.123887626286657
3624	3.71667985597175	-2.14499160065824	1.12793031073905	-1.90170578823508	0.0572096287330873	0.123887626286657
3625	0.896990670126792	-0.671851961788102	1.83207637872	-0.366716131266044	0.713830772624265	NA
3626	0.896990670126792	-0.671851961788102	1.83207637872	-0.366716131266044	0.713830772624265	NA
3627	3.92589112063539	-3.0288695123698	1.24148497854615	-2.43971499028267	0.0146988534984505	0.0459206645109577
3628	3.92589112063539	-3.0288695123698	1.24148497854615	-2.43971499028267	0.0146988534984505	0.0459206645109577
3629	5.72308761362571	-4.69886775169662	1.38308814913372	-3.39737402467059	0.000680359054353007	0.00476678936062786
3630	5.72308761362571	-4.69886775169662	1.38308814913372	-3.39737402467059	0.000680359054353007	0.00476678936062786
3631	0.334713287391491	-0.530109587478167	2.10015201911518	-0.252414864568474	0.800720411785564	NA
3632	0.334713287391491	-0.530109587478167	2.10015201911518	-0.252414864568474	0.800720411785564	NA
3633	1.57082937327382	3.88095082982926	1.71009950621599	2.26942982892077	0.0232421999528006	0.0644338216513284
3634	1.57082937327382	3.88095082982926	1.71009950621599	2.26942982892077	0.0232421999528006	0.0644338216513284
3635	1.32491244724984	0.684024810549991	1.5433774199666	0.443199959841833	0.657621107938731	NA
3636	1.32491244724984	0.684024810549991	1.5433774199666	0.443199959841833	0.657621107938731	NA
3637	3.55058202807917	-0.192591670965101	0.947682406961735	-0.2032238538463	0.838960069166	0.878930479046446
3638	3.55058202807917	-0.192591670965101	0.947682406961735	-0.2032238538463	0.838960069166	0.878930479046446
3639	1.25005678819845	0.555402630920883	1.67082451040307	0.332412307494159	0.739577946394058	NA
3640	1.25005678819845	0.555402630920883	1.67082451040307	0.332412307494159	0.739577946394058	NA
3641	0	NA	NA	NA	NA	NA
3642	0	NA	NA	NA	NA	NA
3643	0	NA	NA	NA	NA	NA
3644	0	NA	NA	NA	NA	NA
3645	0	NA	NA	NA	NA	NA
3646	0	NA	NA	NA	NA	NA
3647	0	NA	NA	NA	NA	NA
3648	0	NA	NA	NA	NA	NA
3649	0	NA	NA	NA	NA	NA
3650	0	NA	NA	NA	NA	NA
3651	0	NA	NA	NA	NA	NA
3652	0	NA	NA	NA	NA	NA
3653	0	NA	NA	NA	NA	NA
3654	0	NA	NA	NA	NA	NA
3655	0.232651214775525	-0.19316414502161	2.0980365678857	-0.0920690077467387	0.926643212073756	NA
3656	0.232651214775525	-0.19316414502161	2.0980365678857	-0.0920690077467387	0.926643212073756	NA
3657	0	NA	NA	NA	NA	NA
3658	0	NA	NA	NA	NA	NA
3659	3.47128491450741	4.08957538942706	1.31770704654551	3.10355431440415	0.00191211133995472	0.0103740501392655
3660	3.47128491450741	4.08957538942706	1.31770704654551	3.10355431440415	0.00191211133995472	0.0103740501392655
3661	3.76797188455955	0.693673732007007	0.906610039636093	0.765129109187278	0.444194667741651	0.54951917658761
3662	3.76797188455955	0.693673732007007	0.906610039636093	0.765129109187278	0.444194667741651	0.54951917658761
3663	4.98328933228804	1.79330697106364	0.899205173386178	1.99432457034306	0.0461165957930311	0.106422913368533
3664	4.98328933228804	1.79330697106364	0.899205173386178	1.99432457034306	0.0461165957930311	0.106422913368533
3665	0	NA	NA	NA	NA	NA
3666	0	NA	NA	NA	NA	NA
3667	0.436775360007456	-0.717854028375714	2.10172648415553	-0.341554447635058	0.732686223085295	NA
3668	0.436775360007456	-0.717854028375714	2.10172648415553	-0.341554447635058	0.732686223085295	NA
3669	0.993965623311044	0.070477634208762	1.74486433211095	0.0403914693605419	0.967781031164989	NA
3670	0.993965623311044	0.070477634208762	1.74486433211095	0.0403914693605419	0.967781031164989	NA
3671	5.16697064559773	1.14641379652356	0.916068747529136	1.2514495223374	0.210770519079351	0.314694696101413
3672	5.16697064559773	1.14641379652356	0.916068747529136	1.2514495223374	0.210770519079351	0.314694696101413
3673	0	NA	NA	NA	NA	NA
3674	0	NA	NA	NA	NA	NA
3675	2.41717367972416	1.04725648651216	1.19432596467918	0.876859850228141	0.380562766158289	0.487603300141798
3676	2.41717367972416	1.04725648651216	1.19432596467918	0.876859850228141	0.380562766158289	0.487603300141798
3677	4.38662841531437	3.58670370872869	1.13878566261298	3.14958628869535	0.00163501816534404	0.00910752824196944
3678	4.38662841531437	3.58670370872869	1.13878566261298	3.14958628869535	0.00163501816534404	0.00910752824196944
3679	5.5714524726089	1.22722938717733	0.799094472877043	1.53577509147177	0.124593550777792	0.216864033678709
3680	5.5714524726089	1.22722938717733	0.799094472877043	1.53577509147177	0.124593550777792	0.216864033678709
3681	3.54926137210015	-0.25260366964545	1.0056094395963	-0.251194608661248	0.801663652629918	0.850249328546882
3682	3.54926137210015	-0.25260366964545	1.0056094395963	-0.251194608661248	0.801663652629918	0.850249328546882
3683	2.30429170333341	-1.39055169075375	1.24785671880921	-1.11435204843126	0.265128186129943	0.371954169086525
3684	2.30429170333341	-1.39055169075375	1.24785671880921	-1.11435204843126	0.265128186129943	0.371954169086525
3685	4.62384476496197	-3.2308526197062	1.23490946578897	-2.61626678652273	0.00888970687870437	0.0314018241299902
3686	4.62384476496197	-3.2308526197062	1.23490946578897	-2.61626678652273	0.00888970687870437	0.0314018241299902
3687	0.682692286031433	1.64314472634155	2.10054577766674	0.782246568397445	0.434069681442436	NA
3688	0.682692286031433	1.64314472634155	2.10054577766674	0.782246568397445	0.434069681442436	NA
3689	8.35206201375251	1.84351745809436	1.05737749828414	1.74348088651964	0.0812496501275916	0.159164426555916
3690	8.35206201375251	1.84351745809436	1.05737749828414	1.74348088651964	0.0812496501275916	0.159164426555916
3691	11.9876446135902	3.86953964747319	1.03102285577291	3.75310753375333	0.000174655886977926	0.0016786149320533
3692	11.9876446135902	3.86953964747319	1.03102285577291	3.75310753375333	0.000174655886977926	0.0016786149320533
3693	1.54297729479789	-2.79400755251868	1.6395409094695	-1.70414018728128	0.0883549003098271	0.167914290181572
3694	1.54297729479789	-2.79400755251868	1.6395409094695	-1.70414018728128	0.0883549003098271	0.167914290181572
3695	7.384432308454	2.8652519754926	0.837050895887305	3.42303196803263	0.000619267939322983	0.00446894389202152
3696	7.384432308454	2.8652519754926	0.837050895887305	3.42303196803263	0.000619267939322983	0.00446894389202152
3697	14.177740979793	3.92852274725904	1.17886899747079	3.33245064183341	0.000860847388617996	0.0057027744987312
3698	14.177740979793	3.92852274725904	1.17886899747079	3.33245064183341	0.000860847388617996	0.0057027744987312
3699	2.95977757580027	-0.277635448032372	1.02028163389148	-0.272116481185138	0.785532457395154	0.839410899347497
3700	2.95977757580027	-0.277635448032372	1.02028163389148	-0.272116481185138	0.785532457395154	0.839410899347497
3701	4.81402820787778	-1.73794860250642	0.972581978355155	-1.78694304560903	0.073946694297354	0.14726226460355
3702	4.81402820787778	-1.73794860250642	0.972581978355155	-1.78694304560903	0.073946694297354	0.14726226460355
3703	2.53317645465624	-1.05909044102359	1.21165914857357	-0.874082816335283	0.382073154741667	0.48834669808734
3704	2.53317645465624	-1.05909044102359	1.21165914857357	-0.874082816335283	0.382073154741667	0.48834669808734
3705	0.76131440853552	0.44849010424205	2.0995768011383	0.213609763643273	0.830851384848037	NA
3706	0.76131440853552	0.44849010424205	2.0995768011383	0.213609763643273	0.830851384848037	NA
3707	1.32491244724984	0.684024810549991	1.5433774199666	0.443199959841833	0.657621107938731	NA
3708	1.32491244724984	0.684024810549991	1.5433774199666	0.443199959841833	0.657621107938731	NA
3709	8.36822369290161	2.75726774343237	0.855214725377167	3.22406485951976	0.00126384770945104	0.00769130791263084
3710	8.36822369290161	2.75726774343237	0.855214725377167	3.22406485951976	0.00126384770945104	0.00769130791263084
3711	1.20317688797469	-1.21727093310504	1.61634957106016	-0.753098806656433	0.451390541475107	NA
3712	1.20317688797469	-1.21727093310504	1.61634957106016	-0.753098806656433	0.451390541475107	NA
3713	1.30523896059066	-1.36308934320672	1.57303808824636	-0.866532955172312	0.386197962181062	NA
3714	1.30523896059066	-1.36308934320672	1.57303808824636	-0.866532955172312	0.386197962181062	NA
3715	1.74710144002983	-3.02039471725982	1.57052262036403	-1.92317810523462	0.0544576859708159	0.119853737674905
3716	1.74710144002983	-3.02039471725982	1.57052262036403	-1.92317810523462	0.0544576859708159	0.119853737674905
3717	8.28289664106784	-2.03002653804909	0.909699521979301	-2.23153523663749	0.0256456961393144	0.0685931559184257
3718	8.28289664106784	-2.03002653804909	0.909699521979301	-2.23153523663749	0.0256456961393144	0.0685931559184257
3719	1.1245547654706	-0.0958364160127469	1.67572833733718	-0.057190902533185	0.954393125027233	NA
3720	1.1245547654706	-0.0958364160127469	1.67572833733718	-0.057190902533185	0.954393125027233	NA
3721	1.53280305593447	-0.731862459738575	1.44334620843763	-0.507059536693411	0.612113045082671	0.695394857816397
3722	1.53280305593447	-0.731862459738575	1.44334620843763	-0.507059536693411	0.612113045082671	0.695394857816397
3723	0.538837432623422	-0.864822990680704	2.10272243892331	-0.411287279134916	0.680861896192882	NA
3724	0.538837432623422	-0.864822990680704	2.10272243892331	-0.411287279134916	0.680861896192882	NA
3725	1.09602769592701	-0.138916182369174	1.6813768286884	-0.0826204929192103	0.934153305990921	NA
3726	1.09602769592701	-0.138916182369174	1.6813768286884	-0.0826204929192103	0.934153305990921	NA
3727	1.6779785653215	1.88936643477752	1.40995268852084	1.34002115826994	0.18023846625894	0.284480104580063
3728	1.6779785653215	1.88936643477752	1.40995268852084	1.34002115826994	0.18023846625894	0.284480104580063
3729	0.640899505239388	-1.11512100132872	2.12268220907098	-0.525335821143369	0.599349759901581	NA
3730	0.640899505239388	-1.11512100132872	2.12268220907098	-0.525335821143369	0.599349759901581	NA
3731	1.09602769592701	-0.138916182369174	1.6813768286884	-0.0826204929192103	0.934153305990921	NA
3732	1.09602769592701	-0.138916182369174	1.6813768286884	-0.0826204929192103	0.934153305990921	NA
3733	3.65077213400015	-1.26800107002058	1.08719367790449	-1.16630651538058	0.243490539890554	0.352155739511131
3734	3.65077213400015	-1.26800107002058	1.08719367790449	-1.16630651538058	0.243490539890554	0.352155739511131
3735	1.66339219809403	-0.822543243410079	1.39971876452324	-0.587648936527794	0.556767956781967	0.650104369887201
3736	1.66339219809403	-0.822543243410079	1.39971876452324	-0.587648936527794	0.556767956781967	0.650104369887201
3737	3.04725328118877	-1.85697068366636	1.17122690216361	-1.58549182932528	0.112854631877138	0.200418373735299
3738	3.04725328118877	-1.85697068366636	1.17122690216361	-1.58549182932528	0.112854631877138	0.200418373735299
3739	0.204124145231932	-0.289902072294537	2.0984847144607	-0.138148288761322	0.890123222704436	NA
3740	0.204124145231932	-0.289902072294537	2.0984847144607	-0.138148288761322	0.890123222704436	NA
3741	0.334713287391491	-0.530109587478167	2.10015201911518	-0.252414864568474	0.800720411785564	NA
3742	0.334713287391491	-0.530109587478167	2.10015201911518	-0.252414864568474	0.800720411785564	NA
3743	0.408248290463863	-0.698123216799561	2.10157813569984	-0.332189988533108	0.739745802941649	NA
3744	0.408248290463863	-0.698123216799561	2.10157813569984	-0.332189988533108	0.739745802941649	NA
3745	0.640899505239388	-1.11512100132872	2.12268220907098	-0.525335821143369	0.599349759901581	NA
3746	0.640899505239388	-1.11512100132872	2.12268220907098	-0.525335821143369	0.599349759901581	NA
3747	53.642823335499	-3.3859775897686	0.806101447266133	-4.20043606329208	2.66401392623704e-05	0.000398180017444682
3748	53.642823335499	-3.3859775897686	0.806101447266133	-4.20043606329208	2.66401392623704e-05	0.000398180017444682
3749	41.0960710114177	-1.91354073215147	0.679926519802326	-2.81433460296237	0.00488783229384893	0.0206928426723656
3750	41.0960710114177	-1.91354073215147	0.679926519802326	-2.81433460296237	0.00488783229384893	0.0206928426723656
3751	12.9460165552155	-3.94973042998762	1.05627679689718	-3.73929489087519	0.000184537147625257	0.00173892246081474
3752	12.9460165552155	-3.94973042998762	1.05627679689718	-3.73929489087519	0.000184537147625257	0.00173892246081474
3753	27.7291504175184	-4.18621428707967	0.975791798426759	-4.29006914572246	1.7861749691869e-05	0.000285005122724742
3754	27.7291504175184	-4.18621428707967	0.975791798426759	-4.29006914572246	1.7861749691869e-05	0.000285005122724742
3755	1.11946764603889	0.777740889818454	1.67246886398355	0.465025631607875	0.641913101329133	NA
3756	1.11946764603889	0.777740889818454	1.67246886398355	0.465025631607875	0.641913101329133	NA
3757	5.05617867044906	-0.426248746153177	0.838491311295475	-0.508352013206457	0.61120649937304	0.695394857816397
3758	5.05617867044906	-0.426248746153177	0.838491311295475	-0.508352013206457	0.61120649937304	0.695394857816397
3759	0.334713287391491	-0.530109587478167	2.10015201911518	-0.252414864568474	0.800720411785564	NA
3760	0.334713287391491	-0.530109587478167	2.10015201911518	-0.252414864568474	0.800720411785564	NA
3761	5.77557661784083	1.04316311151558	0.782368235966817	1.33334031669433	0.182420148779282	0.285949231795338
3762	5.77557661784083	1.04316311151558	0.782368235966817	1.33334031669433	0.182420148779282	0.285949231795338
3763	10.8020605692753	-3.19902315694247	0.949722231932496	-3.36837766810312	0.000756119433377803	0.00515535977303048
3764	10.8020605692753	-3.19902315694247	0.949722231932496	-3.36837766810312	0.000756119433377803	0.00515535977303048
3765	8.33675815748102	-2.64839651365854	0.934833701266486	-2.83301351895055	0.00461114358094596	0.0199452142533193
3766	8.33675815748102	-2.64839651365854	0.934833701266486	-2.83301351895055	0.00461114358094596	0.0199452142533193
3767	19.5373922328537	-0.672607707182237	0.695157172649393	-0.967562061711577	0.33326313218393	0.440297312102078
3768	19.5373922328537	-0.672607707182237	0.695157172649393	-0.967562061711577	0.33326313218393	0.440297312102078
3769	5.15302994328161	2.33266398319384	0.905032969863416	2.57743536519545	0.00995364948333097	0.0341267982285633
3770	5.15302994328161	2.33266398319384	0.905032969863416	2.57743536519545	0.00995364948333097	0.0341267982285633
3771	3.532229197399	-1.1102194517939	1.03333740568657	-1.07440168688779	0.282642686775695	0.389340532783837
3772	3.532229197399	-1.1102194517939	1.03333740568657	-1.07440168688779	0.282642686775695	0.389340532783837
3773	0.669426574782981	-1.18312895308249	2.12141177000729	-0.557708300580618	0.577043588664145	NA
3774	0.669426574782981	-1.18312895308249	2.12141177000729	-0.557708300580618	0.577043588664145	NA
3775	6.7494185940657	-0.540630393247567	0.822291965034896	-0.657467683299842	0.510880243900998	0.610069278576316
3776	6.7494185940657	-0.540630393247567	0.822291965034896	-0.657467683299842	0.510880243900998	0.610069278576316
3777	3.04336313738436	3.04242491419402	1.22705584813719	2.47945105254399	0.0131584789036673	0.0420732074783099
3778	3.04336313738436	3.04242491419402	1.22705584813719	2.47945105254399	0.0131584789036673	0.0420732074783099
3779	2.01269185271299	1.03757898673778	1.24476652312476	0.833553094063873	0.404532866953941	0.509762388600826
3780	2.01269185271299	1.03757898673778	1.24476652312476	0.833553094063873	0.404532866953941	0.509762388600826
3781	2.32773165344529	-0.727651928767473	1.18743213470775	-0.612794539998331	0.540012201562057	0.636914138320876
3782	2.32773165344529	-0.727651928767473	1.18743213470775	-0.612794539998331	0.540012201562057	0.636914138320876
3783	3.84726899813131	-2.17877802427026	1.12676939189369	-1.93365034579838	0.0531561327213364	0.119006267286574
3784	3.84726899813131	-2.17877802427026	1.12676939189369	-1.93365034579838	0.0531561327213364	0.119006267286574
3785	0.227564095343811	1.16277842171323	2.09495177282485	0.555038276678481	0.578868479644751	NA
3786	0.227564095343811	1.16277842171323	2.09495177282485	0.555038276678481	0.578868479644751	NA
3787	0.329626167959777	0.605654192809648	2.0991405715485	0.288524837744843	0.772945020734111	NA
3788	0.329626167959777	0.605654192809648	2.0991405715485	0.288524837744843	0.772945020734111	NA
3789	1.09734835190603	0.0477773055396717	1.81400216453705	0.0263380642392259	0.978987694560568	NA
3790	1.09734835190603	0.0477773055396717	1.81400216453705	0.0263380642392259	0.978987694560568	NA
3791	5.64511115603298	-1.03538068594942	0.882442381772151	-1.17331251007021	0.240670507362458	0.348317067857452
3792	5.64511115603298	-1.03538068594942	0.882442381772151	-1.17331251007021	0.240670507362458	0.348317067857452
3793	0.664339455351268	-0.218000059103391	2.01088723535044	-0.108409887571543	0.913670558214857	NA
3794	0.664339455351268	-0.218000059103391	2.01088723535044	-0.108409887571543	0.913670558214857	NA
3795	0.102062072615966	0.0151395672302882	2.09688988419048	0.00722001061878979	0.99423931504784	NA
3796	0.102062072615966	0.0151395672302882	2.09688988419048	0.00722001061878979	0.99423931504784	NA
3797	0.76263506451454	0.90825854165857	2.11893950545205	0.428638259526341	0.668186498014633	NA
3798	0.76263506451454	0.90825854165857	2.11893950545205	0.428638259526341	0.668186498014633	NA
3799	0	NA	NA	NA	NA	NA
3800	0	NA	NA	NA	NA	NA
3801	3.20128237346021	-1.28680395844005	1.08017790163107	-1.19128891314753	0.233540184788216	0.339871370793662
3802	3.20128237346021	-1.28680395844005	1.08017790163107	-1.19128891314753	0.233540184788216	0.339871370793662
3803	1.33885314956596	-2.50883411752693	1.74972464403046	-1.43384510590642	0.151616469857865	NA
3804	1.33885314956596	-2.50883411752693	1.74972464403046	-1.43384510590642	0.151616469857865	NA
3805	2.30937882276513	-2.22587285547849	1.341262551543	-1.65953552711796	0.0970079278422284	0.179932729404863
3806	2.30937882276513	-2.22587285547849	1.341262551543	-1.65953552711796	0.0970079278422284	0.179932729404863
3807	0.204124145231932	-0.289902072294537	2.0984847144607	-0.138148288761322	0.890123222704436	NA
3808	0.204124145231932	-0.289902072294537	2.0984847144607	-0.138148288761322	0.890123222704436	NA
3809	0	NA	NA	NA	NA	NA
3810	0	NA	NA	NA	NA	NA
3811	0	NA	NA	NA	NA	NA
3812	0	NA	NA	NA	NA	NA
3813	0.102062072615966	0.0151395672302882	2.09688988419048	0.00722001061878979	0.99423931504784	NA
3814	0.102062072615966	0.0151395672302882	2.09688988419048	0.00722001061878979	0.99423931504784	NA
3815	23.2150510964367	-2.49868558377101	0.907739724809448	-2.75264540647434	0.00591158876952752	0.0236705735189472
3816	23.2150510964367	-2.49868558377101	0.907739724809448	-2.75264540647434	0.00591158876952752	0.0236705735189472
3817	0	NA	NA	NA	NA	NA
3818	0	NA	NA	NA	NA	NA
3819	0	NA	NA	NA	NA	NA
3820	0	NA	NA	NA	NA	NA
3821	0	NA	NA	NA	NA	NA
3822	0	NA	NA	NA	NA	NA
3823	0	NA	NA	NA	NA	NA
3824	0	NA	NA	NA	NA	NA
3825	0	NA	NA	NA	NA	NA
3826	0	NA	NA	NA	NA	NA
3827	0	NA	NA	NA	NA	NA
3828	0	NA	NA	NA	NA	NA
3829	0	NA	NA	NA	NA	NA
3830	0	NA	NA	NA	NA	NA
3831	0	NA	NA	NA	NA	NA
3832	0	NA	NA	NA	NA	NA
3833	0.102062072615966	0.0151395672302882	2.09688988419048	0.00722001061878979	0.99423931504784	NA
3834	0.102062072615966	0.0151395672302882	2.09688988419048	0.00722001061878979	0.99423931504784	NA
3835	0.329626167959777	0.605654192809648	2.0991405715485	0.288524837744843	0.772945020734111	NA
3836	0.329626167959777	0.605654192809648	2.0991405715485	0.288524837744843	0.772945020734111	NA
3837	0.669426574782981	-1.18312895308249	2.12141177000729	-0.557708300580618	0.577043588664145	NA
3838	0.669426574782981	-1.18312895308249	2.12141177000729	-0.557708300580618	0.577043588664145	NA
3839	1.74710144002983	-3.02039471725982	1.57052262036403	-1.92317810523462	0.0544576859708159	0.119853737674905
3840	1.74710144002983	-3.02039471725982	1.57052262036403	-1.92317810523462	0.0544576859708159	0.119853737674905
3841	2.90836186686076	0.216622276479703	1.10160888019154	0.196641730449774	0.844107911957904	0.883002049868791
3842	2.90836186686076	0.216622276479703	1.10160888019154	0.196641730449774	0.844107911957904	0.883002049868791
3843	0.640899505239388	-1.11512100132872	2.12268220907098	-0.525335821143369	0.599349759901581	NA
3844	0.640899505239388	-1.11512100132872	2.12268220907098	-0.525335821143369	0.599349759901581	NA
3845	4.28192503074037	2.36155776415853	1.26401867266321	1.86829341625379	0.0617211838185737	0.129676949353378
3846	4.28192503074037	2.36155776415853	1.26401867266321	1.86829341625379	0.0617211838185737	0.129676949353378
3847	1.10111481535872	-1.0550769181078	1.67162404110264	-0.631168786859426	0.527930168423654	NA
3848	1.10111481535872	-1.0550769181078	1.67162404110264	-0.631168786859426	0.527930168423654	NA
3849	7.12657032716059	1.54178101594513	0.802099117940573	1.92218265979861	0.0545827779303887	0.119899407587674
3850	7.12657032716059	1.54178101594513	0.802099117940573	1.92218265979861	0.0545827779303887	0.119899407587674
3851	1.32867891070254	-0.443943755878198	1.52786060272776	-0.290565615138977	0.771383561047814	NA
3852	1.32867891070254	-0.443943755878198	1.52786060272776	-0.290565615138977	0.771383561047814	NA
3853	4.00571021876679	0.231563601637219	0.893900830226151	0.25904842439696	0.795597878063463	0.845524060694976
3854	4.00571021876679	0.231563601637219	0.893900830226151	0.25904842439696	0.795597878063463	0.845524060694976
3855	1.75528003184656	0.311877075017661	1.39114155731846	0.224187878923573	0.822611114668717	0.864606276678832
3856	1.75528003184656	0.311877075017661	1.39114155731846	0.224187878923573	0.822611114668717	0.864606276678832
3857	1.41238815263834	-2.67644172728055	1.67869848209266	-1.59435524355995	0.110856490840115	NA
3858	1.41238815263834	-2.67644172728055	1.67869848209266	-1.59435524355995	0.110856490840115	NA
3859	1.71857437048623	-3.01272194226993	1.58953644679805	-1.89534624911479	0.0580465447294754	0.12457613074287
3860	1.71857437048623	-3.01272194226993	1.58953644679805	-1.89534624911479	0.0580465447294754	0.12457613074287
3861	1.31032608002237	-2.53605447061539	1.72610010556136	-1.46923950844127	0.141767837720336	NA
3862	1.31032608002237	-2.53605447061539	1.72610010556136	-1.46923950844127	0.141767837720336	NA
3863	4.96109821402252	-1.82706811643905	1.00164467105	-1.82406812440162	0.0681417737829698	0.140017343389664
3864	4.96109821402252	-1.82706811643905	1.00164467105	-1.82406812440162	0.0681417737829698	0.140017343389664
3865	0.975612792630879	-1.97724141485751	1.93871554125265	-1.01987185473325	0.307789239391845	NA
3866	0.975612792630879	-1.97724141485751	1.93871554125265	-1.01987185473325	0.307789239391845	NA
3867	2.15026261106197	-2.17438631880588	1.37839185850881	-1.5774805294905	0.114684998739811	0.202130505542261
3868	2.15026261106197	-2.17438631880588	1.37839185850881	-1.5774805294905	0.114684998739811	0.202130505542261
3869	1.66847931752574	-1.69024075561901	1.47059471503724	-1.14935864948774	0.250408123357052	0.35588132441824
3870	1.66847931752574	-1.69024075561901	1.47059471503724	-1.14935864948774	0.250408123357052	0.35588132441824
3871	2.50841584856535	-1.54697296801469	1.22258050877013	-1.26533423109362	0.205751540603252	0.311544101337521
3872	2.50841584856535	-1.54697296801469	1.22258050877013	-1.26533423109362	0.205751540603252	0.311544101337521
3873	1.7369272011664	-0.971292503854785	1.39310981784122	-0.697211728333029	0.485670300207054	0.58632229401254
3874	1.7369272011664	-0.971292503854785	1.39310981784122	-0.697211728333029	0.485670300207054	0.58632229401254
3875	0.334713287391491	-0.530109587478167	2.10015201911518	-0.252414864568474	0.800720411785564	NA
3876	0.334713287391491	-0.530109587478167	2.10015201911518	-0.252414864568474	0.800720411785564	NA
3877	0.436775360007456	-0.717854028375714	2.10172648415553	-0.341554447635058	0.732686223085295	NA
3878	0.436775360007456	-0.717854028375714	2.10172648415553	-0.341554447635058	0.732686223085295	NA
3879	1.44091522218193	-2.66036630588713	1.68859793687699	-1.57548830765919	0.115143775222221	NA
3880	1.44091522218193	-2.66036630588713	1.68859793687699	-1.57548830765919	0.115143775222221	NA
3881	2.51859008742877	-3.5578691160862	1.46284612277793	-2.43215541312701	0.015009265600977	0.046284078945744
3882	2.51859008742877	-3.5578691160862	1.46284612277793	-2.43215541312701	0.015009265600977	0.046284078945744
3883	0.682692286031433	1.64314472634155	2.10054577766674	0.782246568397445	0.434069681442436	NA
3884	0.682692286031433	1.64314472634155	2.10054577766674	0.782246568397445	0.434069681442436	NA
3885	0.102062072615966	0.0151395672302882	2.09688988419048	0.00722001061878979	0.99423931504784	NA
3886	0.102062072615966	0.0151395672302882	2.09688988419048	0.00722001061878979	0.99423931504784	NA
3887	3.62479202221921	-4.05076694601469	1.41508751257263	-2.86255578543717	0.00420239275828331	0.0186773011479258
3888	3.62479202221921	-4.05076694601469	1.41508751257263	-2.86255578543717	0.00420239275828331	0.0186773011479258
3889	4.48629653667572	-4.37576341857147	1.41611447861383	-3.0899785890578	0.00200170924668411	0.0107234423929506
3890	4.48629653667572	-4.37576341857147	1.41611447861383	-3.0899785890578	0.00200170924668411	0.0107234423929506
3891	3.39214080744369	-3.97374977400764	1.41724445431818	-2.80385628738929	0.00504954070449331	0.021018900851211
3892	3.39214080744369	-3.97374977400764	1.41724445431818	-2.80385628738929	0.00504954070449331	0.021018900851211
3893	10.5542491464936	-3.50546479343081	1.04546545634555	-3.3530182868827	0.000799354249771526	0.00541480450713518
3894	10.5542491464936	-3.50546479343081	1.04546545634555	-3.3530182868827	0.000799354249771526	0.00541480450713518
3895	0.664339455351268	-0.218000059103391	2.01088723535044	-0.108409887571543	0.913670558214857	NA
3896	0.664339455351268	-0.218000059103391	2.01088723535044	-0.108409887571543	0.913670558214857	NA
3897	0.204124145231932	-0.289902072294537	2.0984847144607	-0.138148288761322	0.890123222704436	NA
3898	0.204124145231932	-0.289902072294537	2.0984847144607	-0.138148288761322	0.890123222704436	NA
3899	2.24402241150949	0.415847408793274	1.22467009994638	0.339558717740787	0.734188871187159	0.803646927022692
3900	2.24402241150949	0.415847408793274	1.22467009994638	0.339558717740787	0.734188871187159	0.803646927022692
3901	0.975612792630879	-1.97724141485751	1.93871554125265	-1.01987185473325	0.307789239391845	NA
3902	0.975612792630879	-1.97724141485751	1.93871554125265	-1.01987185473325	0.307789239391845	NA
3903	0.742961577855354	-1.40391491330835	2.10237748146545	-0.667774900409302	0.504277290617022	NA
3904	0.742961577855354	-1.40391491330835	2.10237748146545	-0.667774900409302	0.504277290617022	NA
3905	1.55115588661463	0.667342239401653	1.44870725238379	0.460646716790826	0.645052088819126	0.725212322486109
3906	1.55115588661463	0.667342239401653	1.44870725238379	0.460646716790826	0.645052088819126	0.725212322486109
3907	1.10111481535872	-1.0550769181078	1.67162404110264	-0.631168786859426	0.527930168423654	NA
3908	1.10111481535872	-1.0550769181078	1.67162404110264	-0.631168786859426	0.527930168423654	NA
3909	2.64409211015662	-2.42099963563987	1.31260058347114	-1.84442980303848	0.0651205272737867	0.134864997312576
3910	2.64409211015662	-2.42099963563987	1.31260058347114	-1.84442980303848	0.0651205272737867	0.134864997312576
3911	0	NA	NA	NA	NA	NA
3912	0	NA	NA	NA	NA	NA
3913	0.431688240575743	0.300911269897379	2.10125340962322	0.143205606957866	0.886127801753767	NA
3914	0.431688240575743	0.300911269897379	2.10125340962322	0.143205606957866	0.886127801753767	NA
3915	0.455128190687622	1.46332915655147	2.09860405196263	0.697286920409284	0.485623251838368	NA
3916	0.455128190687622	1.46332915655147	2.09860405196263	0.697286920409284	0.485623251838368	NA
3917	1.31032608002237	-2.53605447061539	1.72610010556136	-1.46923950844127	0.141767837720336	NA
3918	1.31032608002237	-2.53605447061539	1.72610010556136	-1.46923950844127	0.141767837720336	NA
3919	0.669426574782981	-1.18312895308249	2.12141177000729	-0.557708300580618	0.577043588664145	NA
3920	0.669426574782981	-1.18312895308249	2.12141177000729	-0.557708300580618	0.577043588664145	NA
3921	0.436775360007456	-0.717854028375714	2.10172648415553	-0.341554447635058	0.732686223085295	NA
3922	0.436775360007456	-0.717854028375714	2.10172648415553	-0.341554447635058	0.732686223085295	NA
3923	0.784754358647399	1.5234629717844	2.0917513508276	0.728319344066225	0.466418123607769	NA
3924	0.784754358647399	1.5234629717844	2.0917513508276	0.728319344066225	0.466418123607769	NA
3925	0.204124145231932	-0.289902072294537	2.0984847144607	-0.138148288761322	0.890123222704436	NA
3926	0.204124145231932	-0.289902072294537	2.0984847144607	-0.138148288761322	0.890123222704436	NA
3927	0	NA	NA	NA	NA	NA
3928	0	NA	NA	NA	NA	NA
3929	2.23140236517239	4.39728319342382	1.56405943254948	2.81145530784343	0.00493179417024714	0.0206928426723656
3930	2.23140236517239	4.39728319342382	1.56405943254948	2.81145530784343	0.00493179417024714	0.0206928426723656
3931	1.90422200468629	1.41114383357651	1.37156851399121	1.02885405955415	0.303548259042228	0.411258931605599
3932	1.90422200468629	1.41114383357651	1.37156851399121	1.02885405955415	0.303548259042228	0.411258931605599
3933	0.896990670126792	-0.671851961788102	1.83207637872	-0.366716131266044	0.713830772624265	NA
3934	0.896990670126792	-0.671851961788102	1.83207637872	-0.366716131266044	0.713830772624265	NA
3935	0.204124145231932	-0.289902072294537	2.0984847144607	-0.138148288761322	0.890123222704436	NA
3936	0.204124145231932	-0.289902072294537	2.0984847144607	-0.138148288761322	0.890123222704436	NA
3937	0.204124145231932	-0.289902072294537	2.0984847144607	-0.138148288761322	0.890123222704436	NA
3938	0.204124145231932	-0.289902072294537	2.0984847144607	-0.138148288761322	0.890123222704436	NA
3939	4.14836809654749	-1.74707953967272	1.02207023518951	-1.70935370145944	0.0873854515108163	0.167914290181572
3940	4.14836809654749	-1.74707953967272	1.02207023518951	-1.70935370145944	0.0873854515108163	0.167914290181572
3941	2.33094680618203	-3.4616222476418	1.52911840543313	-2.2638026168165	0.0235862575125635	0.065044176988028
3942	2.33094680618203	-3.4616222476418	1.52911840543313	-2.2638026168165	0.0235862575125635	0.065044176988028
3943	0.227564095343811	1.16277842171323	2.09495177282485	0.555038276678481	0.578868479644751	NA
3944	0.227564095343811	1.16277842171323	2.09495177282485	0.555038276678481	0.578868479644751	NA
3945	0.766401527967233	-0.465278789480739	1.92404318179707	-0.241823465233334	0.808916955819756	NA
3946	0.766401527967233	-0.465278789480739	1.92404318179707	-0.241823465233334	0.808916955819756	NA
3947	3.9308545597154	0.155647507403997	1.06017778826388	0.146812647017329	0.883279901980159	0.911268874555802
3948	3.9308545597154	0.155647507403997	1.06017778826388	0.146812647017329	0.883279901980159	0.911268874555802
3949	3.99685663588238	1.01777095928344	0.886875714548476	1.14759141849048	0.251137274054947	0.356125447299438
3950	3.99685663588238	1.01777095928344	0.886875714548476	1.14759141849048	0.251137274054947	0.356125447299438
3951	0	NA	NA	NA	NA	NA
3952	0	NA	NA	NA	NA	NA
3953	0.102062072615966	0.0151395672302882	2.09688988419048	0.00722001061878979	0.99423931504784	NA
3954	0.102062072615966	0.0151395672302882	2.09688988419048	0.00722001061878979	0.99423931504784	NA
3955	0.436775360007456	-0.717854028375714	2.10172648415553	-0.341554447635058	0.732686223085295	NA
3956	0.436775360007456	-0.717854028375714	2.10172648415553	-0.341554447635058	0.732686223085295	NA
3957	1.80856770748106	1.53048631711824	1.54708946568327	0.989268139345969	0.322531967976482	0.431000402641179
3958	1.80856770748106	1.53048631711824	1.54708946568327	0.989268139345969	0.322531967976482	0.431000402641179
3959	0.232651214775525	-0.19316414502161	2.0980365678857	-0.0920690077467387	0.926643212073756	NA
3960	0.232651214775525	-0.19316414502161	2.0980365678857	-0.0920690077467387	0.926643212073756	NA
3961	6.67713242283969	-3.76334984293158	1.20162673344744	-3.13187925849038	0.00173691290279429	0.00954847407295291
3962	6.67713242283969	-3.76334984293158	1.20162673344744	-3.13187925849038	0.00173691290279429	0.00954847407295291
3963	0	NA	NA	NA	NA	NA
3964	0	NA	NA	NA	NA	NA
3965	0.334713287391491	-0.530109587478167	2.10015201911518	-0.252414864568474	0.800720411785564	NA
3966	0.334713287391491	-0.530109587478167	2.10015201911518	-0.252414864568474	0.800720411785564	NA
3967	1.35720598024613	-0.423986014686419	1.59323924764633	-0.266115723242927	0.790150086083277	NA
3968	1.35720598024613	-0.423986014686419	1.59323924764633	-0.266115723242927	0.790150086083277	NA
3969	2.84821625538855	-2.5502216984931	1.29118559717391	-1.97510079424284	0.0482567107333742	0.109733722295707
3970	2.84821625538855	-2.5502216984931	1.29118559717391	-1.97510079424284	0.0482567107333742	0.109733722295707
3971	4.2635722000602	1.6093757742117	1.1583849957417	1.38932719271043	0.164733278641906	0.266107603960002
3972	4.2635722000602	1.6093757742117	1.1583849957417	1.38932719271043	0.164733278641906	0.266107603960002
3973	8.69867785843709	-2.47342076335903	0.917583263628691	-2.69558181954801	0.00702658186917594	0.0269512729228666
3974	8.69867785843709	-2.47342076335903	0.917583263628691	-2.69558181954801	0.00702658186917594	0.0269512729228666
3975	17.4034647745081	2.73630372107704	1.24480952319052	2.19817061976175	0.0279369495282542	0.0733344925116673
3976	17.4034647745081	2.73630372107704	1.24480952319052	2.19817061976175	0.0279369495282542	0.0733344925116673
3977	17.4034647745081	2.73630372107704	1.24480952319052	2.19817061976175	0.0279369495282542	0.0733344925116673
3978	52.6958204001614	2.83712473208329	1.44150539533494	1.96816795917998	0.0490487155556516	0.111233588193162
3979	52.6958204001614	2.83712473208329	1.44150539533494	1.96816795917998	0.0490487155556516	0.111233588193162
3980	52.6958204001614	2.83712473208329	1.44150539533494	1.96816795917998	0.0490487155556516	0.111233588193162
3981	293.292568976963	2.640593028211	2.00018480527087	1.32017452650002	0.186776754823448	0.291296832624761
3982	293.292568976963	2.640593028211	2.00018480527087	1.32017452650002	0.186776754823448	0.291296832624761
3983	293.292568976963	2.640593028211	2.00018480527087	1.32017452650002	0.186776754823448	0.291296832624761
3984	3.72617910376751	-0.389389529474192	0.926930029854784	-0.420085137963644	0.674423259368267	0.751346867200722
3985	3.72617910376751	-0.389389529474192	0.926930029854784	-0.420085137963644	0.674423259368267	0.751346867200722
3986	2.23584381969276	-2.11992811062818	1.39421998766241	-1.52051192020459	0.128382365153942	0.220805050633315
3987	2.23584381969276	-2.11992811062818	1.39421998766241	-1.52051192020459	0.128382365153942	0.220805050633315
3988	6.48170885398414	1.54374850075369	0.808225782266197	1.91004609680372	0.0561272783717083	0.122268967407248
3989	6.48170885398414	1.54374850075369	0.808225782266197	1.91004609680372	0.0561272783717083	0.122268967407248
3990	0.334713287391491	-0.530109587478167	2.10015201911518	-0.252414864568474	0.800720411785564	NA
3991	0.334713287391491	-0.530109587478167	2.10015201911518	-0.252414864568474	0.800720411785564	NA
3992	1.33376603013425	-1.33979669262574	1.57164661062102	-0.852479611874284	0.393947950192337	NA
3993	1.33376603013425	-1.33979669262574	1.57164661062102	-0.852479611874284	0.393947950192337	NA
3994	5.60439167051653	3.45085758584841	1.00188368185469	3.44436948954011	0.000572392898360514	0.00421763188265642
3995	5.60439167051653	3.45085758584841	1.00188368185469	3.44436948954011	0.000572392898360514	0.00421763188265642
3996	1.07767486524684	-2.17633120654209	1.87040749752695	-1.16355992446546	0.244602400160686	NA
3997	1.07767486524684	-2.17633120654209	1.87040749752695	-1.16355992446546	0.244602400160686	NA
3998	0.692866524894861	-0.194684101951732	2.12234531325044	-0.0917306438006391	0.926912049795705	NA
3999	0.692866524894861	-0.194684101951732	2.12234531325044	-0.0917306438006391	0.926912049795705	NA
4000	0.873550720014913	-1.7477027830362	2.0124501450409	-0.86844525681439	0.3851506285872	NA
4001	0.873550720014913	-1.7477027830362	2.0124501450409	-0.86844525681439	0.3851506285872	NA
4002	4.62693623734699	-0.795748050187937	0.932927253914811	-0.852958306072383	0.393682426039028	0.501050360413308
4003	4.62693623734699	-0.795748050187937	0.932927253914811	-0.852958306072383	0.393682426039028	0.501050360413308
4004	1.19808976854298	-0.321577605188979	1.63143608692734	-0.197113210726287	0.843738945574104	NA
4005	1.19808976854298	-0.321577605188979	1.63143608692734	-0.197113210726287	0.843738945574104	NA
4006	3.57469696925872	-2.81402858660533	1.3086808286742	-2.15027875777486	0.0315331716255024	0.0799754352820714
4007	3.57469696925872	-2.81402858660533	1.3086808286742	-2.15027875777486	0.0315331716255024	0.0799754352820714
4008	1.32491244724984	0.684024810549991	1.5433774199666	0.443199959841833	0.657621107938731	NA
4009	1.32491244724984	0.684024810549991	1.5433774199666	0.443199959841833	0.657621107938731	NA
4010	0.538837432623422	-0.864822990680704	2.10272243892331	-0.411287279134916	0.680861896192882	NA
4011	0.538837432623422	-0.864822990680704	2.10272243892331	-0.411287279134916	0.680861896192882	NA
4012	36.6610198793464	2.85021971056864	0.927837071268253	3.07189677889535	0.00212703264387155	0.0111669213803256
4013	36.6610198793464	2.85021971056864	0.927837071268253	3.07189677889535	0.00212703264387155	0.0111669213803256
4014	1.66847931752574	-1.69024075561901	1.47059471503724	-1.14935864948774	0.250408123357052	0.35588132441824
4015	1.66847931752574	-1.69024075561901	1.47059471503724	-1.14935864948774	0.250408123357052	0.35588132441824
4016	1.10620193479044	-2.19338494381761	1.8563452695987	-1.18156087649135	0.237379984981971	NA
4017	1.10620193479044	-2.19338494381761	1.8563452695987	-1.18156087649135	0.237379984981971	NA
4018	0.567364502167016	-0.883997508371301	2.10283931084895	-0.420382814707044	0.674205820337934	NA
4019	0.567364502167016	-0.883997508371301	2.10283931084895	-0.420382814707044	0.674205820337934	NA
4020	0.204124145231932	-0.289902072294537	2.0984847144607	-0.138148288761322	0.890123222704436	NA
4021	0.204124145231932	-0.289902072294537	2.0984847144607	-0.138148288761322	0.890123222704436	NA
4022	2.45323367617314	-0.28119691912121	1.15905814538268	-0.242608121293492	0.808308989272313	0.853418239050708
4023	2.45323367617314	-0.28119691912121	1.15905814538268	-0.242608121293492	0.808308989272313	0.853418239050708
4024	0.102062072615966	0.0151395672302882	2.09688988419048	0.00722001061878979	0.99423931504784	NA
4025	0.102062072615966	0.0151395672302882	2.09688988419048	0.00722001061878979	0.99423931504784	NA
4026	0.102062072615966	0.0151395672302882	2.09688988419048	0.00722001061878979	0.99423931504784	NA
4027	0.102062072615966	0.0151395672302882	2.09688988419048	0.00722001061878979	0.99423931504784	NA
4028	0	NA	NA	NA	NA	NA
4029	0	NA	NA	NA	NA	NA
4030	0	NA	NA	NA	NA	NA
4031	0	NA	NA	NA	NA	NA
4032	0.562277382735302	0.0498330857396452	2.0951784918673	0.0237846493428024	0.981024384636588	NA
4033	0.562277382735302	0.0498330857396452	2.0951784918673	0.0237846493428024	0.981024384636588	NA
4034	0.562277382735302	0.0498330857396452	2.0951784918673	0.0237846493428024	0.981024384636588	NA
4035	0.562277382735302	0.0498330857396452	2.0951784918673	0.0237846493428024	0.981024384636588	NA
4036	0	NA	NA	NA	NA	NA
4037	0	NA	NA	NA	NA	NA
4038	0	NA	NA	NA	NA	NA
4039	0	NA	NA	NA	NA	NA
4040	0	NA	NA	NA	NA	NA
4041	0	NA	NA	NA	NA	NA
4042	0.102062072615966	0.0151395672302882	2.09688988419048	0.00722001061878979	0.99423931504784	NA
4043	0.102062072615966	0.0151395672302882	2.09688988419048	0.00722001061878979	0.99423931504784	NA
4044	0.102062072615966	0.0151395672302882	2.09688988419048	0.00722001061878979	0.99423931504784	NA
4045	0.102062072615966	0.0151395672302882	2.09688988419048	0.00722001061878979	0.99423931504784	NA
4046	0.567364502167016	-0.883997508371301	2.10283931084895	-0.420382814707044	0.674205820337934	NA
4047	0.567364502167016	-0.883997508371301	2.10283931084895	-0.420382814707044	0.674205820337934	NA
4048	0.204124145231932	-0.289902072294537	2.0984847144607	-0.138148288761322	0.890123222704436	NA
4049	0.204124145231932	-0.289902072294537	2.0984847144607	-0.138148288761322	0.890123222704436	NA
4050	0.102062072615966	0.0151395672302882	2.09688988419048	0.00722001061878979	0.99423931504784	NA
4051	0.102062072615966	0.0151395672302882	2.09688988419048	0.00722001061878979	0.99423931504784	NA
4052	0.640899505239388	-1.11512100132872	2.12268220907098	-0.525335821143369	0.599349759901581	NA
4053	0.640899505239388	-1.11512100132872	2.12268220907098	-0.525335821143369	0.599349759901581	NA
4054	0	NA	NA	NA	NA	NA
4055	0	NA	NA	NA	NA	NA
4056	0	NA	NA	NA	NA	NA
4057	0	NA	NA	NA	NA	NA
4058	0	NA	NA	NA	NA	NA
4059	0	NA	NA	NA	NA	NA
4060	6.23070480852845	1.21574035279917	0.784219865764605	1.55025447055442	0.121080450534691	0.21171435980254
4061	6.23070480852845	1.21574035279917	0.784219865764605	1.55025447055442	0.121080450534691	0.21171435980254
4062	9.09779587915681	3.80266852309943	0.951957966769727	3.99457607986937	6.48101084119818e-05	0.000768933489633682
4063	9.09779587915681	3.80266852309943	0.951957966769727	3.99457607986937	6.48101084119818e-05	0.000768933489633682
4064	0.329626167959777	0.605654192809648	2.0991405715485	0.288524837744843	0.772945020734111	NA
4065	0.329626167959777	0.605654192809648	2.0991405715485	0.288524837744843	0.772945020734111	NA
4066	2.42470660662955	-0.311550341071023	1.14825642958472	-0.271324708526733	0.786141304322609	0.839410899347497
4067	2.42470660662955	-0.311550341071023	1.14825642958472	-0.271324708526733	0.786141304322609	0.839410899347497
4068	4.78746745922456	0.505994151968742	1.07401767290963	0.47112274288555	0.637553084952923	0.718080707107073
4069	4.78746745922456	0.505994151968742	1.07401767290963	0.47112274288555	0.637553084952923	0.718080707107073
4070	3.01174459545575	0.271195079219552	1.01872520477844	0.266210237998905	0.79007729865505	0.841360206478501
4071	3.01174459545575	0.271195079219552	1.01872520477844	0.266210237998905	0.79007729865505	0.841360206478501
4072	0	NA	NA	NA	NA	NA
4073	0	NA	NA	NA	NA	NA
4074	0.567364502167016	-0.883997508371301	2.10283931084895	-0.420382814707044	0.674205820337934	NA
4075	0.567364502167016	-0.883997508371301	2.10283931084895	-0.420382814707044	0.674205820337934	NA
4076	1.63486512855043	-0.85685217732724	1.41501736420584	-0.605541811006778	0.544819052343873	0.63970925911218
4077	1.63486512855043	-0.85685217732724	1.41501736420584	-0.605541811006778	0.544819052343873	0.63970925911218
4078	0.204124145231932	-0.289902072294537	2.0984847144607	-0.138148288761322	0.890123222704436	NA
4079	0.204124145231932	-0.289902072294537	2.0984847144607	-0.138148288761322	0.890123222704436	NA
4080	8.6031970347991	6.1951012332557	1.53154371247148	4.04500451590672	5.23221155364028e-05	0.000676162723855051
4081	8.6031970347991	6.1951012332557	1.53154371247148	4.04500451590672	5.23221155364028e-05	0.000676162723855051
4082	0.329626167959777	0.605654192809648	2.0991405715485	0.288524837744843	0.772945020734111	NA
4083	0.329626167959777	0.605654192809648	2.0991405715485	0.288524837744843	0.772945020734111	NA
4084	0	NA	NA	NA	NA	NA
4085	0	NA	NA	NA	NA	NA
4086	0.227564095343811	1.16277842171323	2.09495177282485	0.555038276678481	0.578868479644751	NA
4087	0.227564095343811	1.16277842171323	2.09495177282485	0.555038276678481	0.578868479644751	NA
4088	0.204124145231932	-0.289902072294537	2.0984847144607	-0.138148288761322	0.890123222704436	NA
4089	0.204124145231932	-0.289902072294537	2.0984847144607	-0.138148288761322	0.890123222704436	NA
4090	0	NA	NA	NA	NA	NA
4091	0	NA	NA	NA	NA	NA
4092	2.64718358254164	0.34886931900445	1.15649280584713	0.301661469263447	0.762910143730841	0.825405101408947
4093	2.64718358254164	0.34886931900445	1.15649280584713	0.301661469263447	0.762910143730841	0.825405101408947
4094	27.0634835100946	-3.00957718891606	0.826630596571606	-3.64077642588851	0.000271817099058044	0.00239838616815921
4095	27.0634835100946	-3.00957718891606	0.826630596571606	-3.64077642588851	0.000271817099058044	0.00239838616815921
4096	0	NA	NA	NA	NA	NA
4097	0	NA	NA	NA	NA	NA
4098	1.02249269285464	0.0957971624594194	1.79692756663029	0.0533116438516574	0.957483602943988	NA
4099	1.02249269285464	0.0957971624594194	1.79692756663029	0.0533116438516574	0.957483602943988	NA
4100	0.204124145231932	-0.289902072294537	2.0984847144607	-0.138148288761322	0.890123222704436	NA
4101	0.204124145231932	-0.289902072294537	2.0984847144607	-0.138148288761322	0.890123222704436	NA
4102	0.102062072615966	0.0151395672302882	2.09688988419048	0.00722001061878979	0.99423931504784	NA
4103	0.102062072615966	0.0151395672302882	2.09688988419048	0.00722001061878979	0.99423931504784	NA
4104	0.334713287391491	-0.530109587478167	2.10015201911518	-0.252414864568474	0.800720411785564	NA
4105	0.334713287391491	-0.530109587478167	2.10015201911518	-0.252414864568474	0.800720411785564	NA
4106	0	NA	NA	NA	NA	NA
4107	0	NA	NA	NA	NA	NA
4108	0	NA	NA	NA	NA	NA
4109	0	NA	NA	NA	NA	NA
4110	0.408248290463863	-0.698123216799561	2.10157813569984	-0.332189988533108	0.739745802941649	NA
4111	0.408248290463863	-0.698123216799561	2.10157813569984	-0.332189988533108	0.739745802941649	NA
4112	0.204124145231932	-0.289902072294537	2.0984847144607	-0.138148288761322	0.890123222704436	NA
4113	0.204124145231932	-0.289902072294537	2.0984847144607	-0.138148288761322	0.890123222704436	NA
4114	0.975612792630879	-1.97724141485751	1.93871554125265	-1.01987185473325	0.307789239391845	NA
4115	0.975612792630879	-1.97724141485751	1.93871554125265	-1.01987185473325	0.307789239391845	NA
4116	0.232651214775525	-0.19316414502161	2.0980365678857	-0.0920690077467387	0.926643212073756	NA
4117	0.232651214775525	-0.19316414502161	2.0980365678857	-0.0920690077467387	0.926643212073756	NA
4118	0.102062072615966	0.0151395672302882	2.09688988419048	0.00722001061878979	0.99423931504784	NA
4119	0.102062072615966	0.0151395672302882	2.09688988419048	0.00722001061878979	0.99423931504784	NA
4120	0.640899505239388	-1.11512100132872	2.12268220907098	-0.525335821143369	0.599349759901581	NA
4121	0.640899505239388	-1.11512100132872	2.12268220907098	-0.525335821143369	0.599349759901581	NA
4122	0.232651214775525	-0.19316414502161	2.0980365678857	-0.0920690077467387	0.926643212073756	NA
4123	0.232651214775525	-0.19316414502161	2.0980365678857	-0.0920690077467387	0.926643212073756	NA
4124	0.102062072615966	0.0151395672302882	2.09688988419048	0.00722001061878979	0.99423931504784	NA
4125	0.102062072615966	0.0151395672302882	2.09688988419048	0.00722001061878979	0.99423931504784	NA
4126	0	NA	NA	NA	NA	NA
4127	0	NA	NA	NA	NA	NA
4128	0	NA	NA	NA	NA	NA
4129	0	NA	NA	NA	NA	NA
4130	0.102062072615966	0.0151395672302882	2.09688988419048	0.00722001061878979	0.99423931504784	NA
4131	0.102062072615966	0.0151395672302882	2.09688988419048	0.00722001061878979	0.99423931504784	NA
4132	0.204124145231932	-0.289902072294537	2.0984847144607	-0.138148288761322	0.890123222704436	NA
4133	0.204124145231932	-0.289902072294537	2.0984847144607	-0.138148288761322	0.890123222704436	NA
4134	0.436775360007456	-0.717854028375714	2.10172648415553	-0.341554447635058	0.732686223085295	NA
4135	0.436775360007456	-0.717854028375714	2.10172648415553	-0.341554447635058	0.732686223085295	NA
4136	0.436775360007456	-0.717854028375714	2.10172648415553	-0.341554447635058	0.732686223085295	NA
4137	0.436775360007456	-0.717854028375714	2.10172648415553	-0.341554447635058	0.732686223085295	NA
4138	0.102062072615966	0.0151395672302882	2.09688988419048	0.00722001061878979	0.99423931504784	NA
4139	0.102062072615966	0.0151395672302882	2.09688988419048	0.00722001061878979	0.99423931504784	NA
4140	0	NA	NA	NA	NA	NA
4141	0	NA	NA	NA	NA	NA
4142	0.436775360007456	-0.717854028375714	2.10172648415553	-0.341554447635058	0.732686223085295	NA
4143	0.436775360007456	-0.717854028375714	2.10172648415553	-0.341554447635058	0.732686223085295	NA
4144	0.102062072615966	0.0151395672302882	2.09688988419048	0.00722001061878979	0.99423931504784	NA
4145	0.102062072615966	0.0151395672302882	2.09688988419048	0.00722001061878979	0.99423931504784	NA
4146	0.204124145231932	-0.289902072294537	2.0984847144607	-0.138148288761322	0.890123222704436	NA
4147	0.204124145231932	-0.289902072294537	2.0984847144607	-0.138148288761322	0.890123222704436	NA
4148	0.669426574782981	-1.18312895308249	2.12141177000729	-0.557708300580618	0.577043588664145	NA
4149	0.669426574782981	-1.18312895308249	2.12141177000729	-0.557708300580618	0.577043588664145	NA
4150	0.102062072615966	0.0151395672302882	2.09688988419048	0.00722001061878979	0.99423931504784	NA
4151	0.102062072615966	0.0151395672302882	2.09688988419048	0.00722001061878979	0.99423931504784	NA
4152	0.334713287391491	-0.530109587478167	2.10015201911518	-0.252414864568474	0.800720411785564	NA
4153	0.334713287391491	-0.530109587478167	2.10015201911518	-0.252414864568474	0.800720411785564	NA
4154	0	NA	NA	NA	NA	NA
4155	0	NA	NA	NA	NA	NA
4156	0	NA	NA	NA	NA	NA
4157	0	NA	NA	NA	NA	NA
4158	3.79530197847583	-2.99576607696026	1.2478982730727	-2.40064926893744	0.0163660143506938	0.0503201026888097
4159	3.79530197847583	-2.99576607696026	1.2478982730727	-2.40064926893744	0.0163660143506938	0.0503201026888097
4160	7.44193660796817	4.40890232750618	1.23004856318526	3.58433191945621	0.000337942105938502	0.00282301510156846
4161	7.44193660796817	4.40890232750618	1.23004856318526	3.58433191945621	0.000337942105938502	0.00282301510156846
4162	0.232651214775525	-0.19316414502161	2.0980365678857	-0.0920690077467387	0.926643212073756	NA
4163	0.232651214775525	-0.19316414502161	2.0980365678857	-0.0920690077467387	0.926643212073756	NA
4164	0.845023650471319	-1.65636001094906	2.05467880706273	-0.806140602246689	0.420161782670255	NA
4165	0.845023650471319	-1.65636001094906	2.05467880706273	-0.806140602246689	0.420161782670255	NA
4166	0.436775360007456	-0.717854028375714	2.10172648415553	-0.341554447635058	0.732686223085295	NA
4167	0.436775360007456	-0.717854028375714	2.10172648415553	-0.341554447635058	0.732686223085295	NA
4168	0	NA	NA	NA	NA	NA
4169	0	NA	NA	NA	NA	NA
4170	0	NA	NA	NA	NA	NA
4171	0	NA	NA	NA	NA	NA
4172	0	NA	NA	NA	NA	NA
4173	0	NA	NA	NA	NA	NA
4174	0.204124145231932	-0.289902072294537	2.0984847144607	-0.138148288761322	0.890123222704436	NA
4175	0.204124145231932	-0.289902072294537	2.0984847144607	-0.138148288761322	0.890123222704436	NA
4176	0	NA	NA	NA	NA	NA
4177	0	NA	NA	NA	NA	NA
4178	78.1830441387937	2.29885529443742	1.89885210300791	1.21065526419666	0.226027554378155	0.33321015387443
4179	78.1830441387937	2.29885529443742	1.89885210300791	1.21065526419666	0.226027554378155	0.33321015387443
4180	0	NA	NA	NA	NA	NA
4181	0	NA	NA	NA	NA	NA
4182	0	NA	NA	NA	NA	NA
4183	0	NA	NA	NA	NA	NA
4184	0	NA	NA	NA	NA	NA
4185	0	NA	NA	NA	NA	NA
4186	7.18664411450014	0.209210932528049	0.809671713324446	0.258389825265163	0.796106068315525	0.84563618789206
4187	7.18664411450014	0.209210932528049	0.809671713324446	0.258389825265163	0.796106068315525	0.84563618789206
4188	0.102062072615966	0.0151395672302882	2.09688988419048	0.00722001061878979	0.99423931504784	NA
4189	0.102062072615966	0.0151395672302882	2.09688988419048	0.00722001061878979	0.99423931504784	NA
4190	0.334713287391491	-0.530109587478167	2.10015201911518	-0.252414864568474	0.800720411785564	NA
4191	0.334713287391491	-0.530109587478167	2.10015201911518	-0.252414864568474	0.800720411785564	NA
4192	0	NA	NA	NA	NA	NA
4193	0	NA	NA	NA	NA	NA
4194	0	NA	NA	NA	NA	NA
4195	0	NA	NA	NA	NA	NA
4196	0	NA	NA	NA	NA	NA
4197	0	NA	NA	NA	NA	NA
4198	0.102062072615966	0.0151395672302882	2.09688988419048	0.00722001061878979	0.99423931504784	NA
4199	0.102062072615966	0.0151395672302882	2.09688988419048	0.00722001061878979	0.99423931504784	NA
4200	0.334713287391491	-0.530109587478167	2.10015201911518	-0.252414864568474	0.800720411785564	NA
4201	0.334713287391491	-0.530109587478167	2.10015201911518	-0.252414864568474	0.800720411785564	NA
4202	0.102062072615966	0.0151395672302882	2.09688988419048	0.00722001061878979	0.99423931504784	NA
4203	0.102062072615966	0.0151395672302882	2.09688988419048	0.00722001061878979	0.99423931504784	NA
4204	0	NA	NA	NA	NA	NA
4205	0	NA	NA	NA	NA	NA
4206	0.664339455351268	-0.218000059103391	2.01088723535044	-0.108409887571543	0.913670558214857	NA
4207	0.664339455351268	-0.218000059103391	2.01088723535044	-0.108409887571543	0.913670558214857	NA
4208	13.007555145945	1.57509154388694	1.25602399408936	1.25402982052816	0.209831166669495	0.313738305451006
4209	13.007555145945	1.57509154388694	1.25602399408936	1.25402982052816	0.209831166669495	0.313738305451006
4210	13.007555145945	1.57509154388694	1.25602399408936	1.25402982052816	0.209831166669495	0.313738305451006
4211	0.334713287391491	-0.530109587478167	2.10015201911518	-0.252414864568474	0.800720411785564	NA
4212	0.334713287391491	-0.530109587478167	2.10015201911518	-0.252414864568474	0.800720411785564	NA
4213	446.68155508322	3.13925839424806	1.79404868930379	1.74981783547152	0.0801497520724824	0.157156376612711
4214	446.68155508322	3.13925839424806	1.79404868930379	1.74981783547152	0.0801497520724824	0.157156376612711
4215	446.68155508322	3.13925839424806	1.79404868930379	1.74981783547152	0.0801497520724824	0.157156376612711
4216	0	NA	NA	NA	NA	NA
4217	0	NA	NA	NA	NA	NA
4218	229.081422712543	2.90981821599068	1.80188380996998	1.61487560956506	0.106337635133396	0.192093792499038
4219	229.081422712543	2.90981821599068	1.80188380996998	1.61487560956506	0.106337635133396	0.192093792499038
4220	229.081422712543	2.90981821599068	1.80188380996998	1.61487560956506	0.106337635133396	0.192093792499038
4221	0	NA	NA	NA	NA	NA
4222	0	NA	NA	NA	NA	NA
4223	0	NA	NA	NA	NA	NA
4224	0	NA	NA	NA	NA	NA
4225	0	NA	NA	NA	NA	NA
4226	0	NA	NA	NA	NA	NA
4227	0.329626167959777	0.605654192809648	2.0991405715485	0.288524837744843	0.772945020734111	NA
4228	0.329626167959777	0.605654192809648	2.0991405715485	0.288524837744843	0.772945020734111	NA
4229	1.55756366202537	0.230274594178905	1.459059061823	0.157824038933141	0.874595455721732	0.90550914786153
4230	1.55756366202537	0.230274594178905	1.459059061823	0.157824038933141	0.874595455721732	0.90550914786153
4231	0	NA	NA	NA	NA	NA
4232	0	NA	NA	NA	NA	NA
4233	0	NA	NA	NA	NA	NA
4234	0	NA	NA	NA	NA	NA
4235	1.74710144002983	-3.02039471725982	1.57052262036403	-1.92317810523462	0.0544576859708159	0.119853737674905
4236	1.74710144002983	-3.02039471725982	1.57052262036403	-1.92317810523462	0.0544576859708159	0.119853737674905
4237	0	NA	NA	NA	NA	NA
4238	0	NA	NA	NA	NA	NA
4239	0.965438553767451	0.0232167674995678	2.01182433780398	0.0115401563960153	0.990792491751463	NA
4240	0.965438553767451	0.0232167674995678	2.01182433780398	0.0115401563960153	0.990792491751463	NA
4241	5.17382858143544	1.89187098697614	1.19386649308772	1.58465875198754	0.113043888395121	0.200584846328478
4242	5.17382858143544	1.89187098697614	1.19386649308772	1.58465875198754	0.113043888395121	0.200584846328478
4243	304.153729125588	2.95391780376317	1.82181235498509	1.62141715401164	0.10492820428682	0.190613519898203
4244	304.153729125588	2.95391780376317	1.82181235498509	1.62141715401164	0.10492820428682	0.190613519898203
4245	304.153729125588	2.95391780376317	1.82181235498509	1.62141715401164	0.10492820428682	0.190613519898203
4246	0.659252335919554	0.693501941428492	2.12273943425933	0.326701398313859	0.743893742536631	NA
4247	0.659252335919554	0.693501941428492	2.12273943425933	0.326701398313859	0.743893742536631	NA
4248	228.23131194264	2.98310152863088	1.80680935828525	1.65103280816632	0.0987318758948291	0.181954312750453
4249	228.23131194264	2.98310152863088	1.80680935828525	1.65103280816632	0.0987318758948291	0.181954312750453
4250	228.23131194264	2.98310152863088	1.80680935828525	1.65103280816632	0.0987318758948291	0.181954312750453
4251	1.3470317413827	1.1519470843691	1.56332394750375	0.736857569544993	0.461208969343215	NA
4252	1.3470317413827	1.1519470843691	1.56332394750375	0.736857569544993	0.461208969343215	NA
4253	1.09226123247432	1.32053012988985	1.78209404566127	0.740999125778377	0.4586939703823	NA
4254	1.09226123247432	1.32053012988985	1.78209404566127	0.740999125778377	0.4586939703823	NA
4255	1.32491244724984	0.684024810549991	1.5433774199666	0.443199959841833	0.657621107938731	NA
4256	1.32491244724984	0.684024810549991	1.5433774199666	0.443199959841833	0.657621107938731	NA
4257	0.204124145231932	-0.289902072294537	2.0984847144607	-0.138148288761322	0.890123222704436	NA
4258	0.204124145231932	-0.289902072294537	2.0984847144607	-0.138148288761322	0.890123222704436	NA
4259	0.664339455351268	-0.218000059103391	2.01088723535044	-0.108409887571543	0.913670558214857	NA
4260	0.664339455351268	-0.218000059103391	2.01088723535044	-0.108409887571543	0.913670558214857	NA
4261	0.993965623311044	0.070477634208762	1.74486433211095	0.0403914693605419	0.967781031164989	NA
4262	0.993965623311044	0.070477634208762	1.74486433211095	0.0403914693605419	0.967781031164989	NA
4263	0	NA	NA	NA	NA	NA
4264	0	NA	NA	NA	NA	NA
4265	0	NA	NA	NA	NA	NA
4266	0	NA	NA	NA	NA	NA
4267	0	NA	NA	NA	NA	NA
4268	0	NA	NA	NA	NA	NA
4269	0	NA	NA	NA	NA	NA
4270	0	NA	NA	NA	NA	NA
4271	0	NA	NA	NA	NA	NA
4272	0	NA	NA	NA	NA	NA
4273	0.232651214775525	-0.19316414502161	2.0980365678857	-0.0920690077467387	0.926643212073756	NA
4274	0.232651214775525	-0.19316414502161	2.0980365678857	-0.0920690077467387	0.926643212073756	NA
4275	0	NA	NA	NA	NA	NA
4276	0	NA	NA	NA	NA	NA
4277	0	NA	NA	NA	NA	NA
4278	0	NA	NA	NA	NA	NA
4279	0.102062072615966	0.0151395672302882	2.09688988419048	0.00722001061878979	0.99423931504784	NA
4280	0.102062072615966	0.0151395672302882	2.09688988419048	0.00722001061878979	0.99423931504784	NA
4281	0	NA	NA	NA	NA	NA
4282	0	NA	NA	NA	NA	NA
4283	0	NA	NA	NA	NA	NA
4284	0	NA	NA	NA	NA	NA
4285	0.102062072615966	0.0151395672302882	2.09688988419048	0.00722001061878979	0.99423931504784	NA
4286	0.102062072615966	0.0151395672302882	2.09688988419048	0.00722001061878979	0.99423931504784	NA
4287	0	NA	NA	NA	NA	NA
4288	0	NA	NA	NA	NA	NA
4289	0	NA	NA	NA	NA	NA
4290	0	NA	NA	NA	NA	NA
4291	0	NA	NA	NA	NA	NA
4292	0	NA	NA	NA	NA	NA
4293	1.54871007914096	3.48788554913319	1.83078347664582	1.90513274432832	0.0567628179553184	0.123461333719491
4294	2.02595756396144	4.36505997461887	1.60979202898813	2.71156764104655	0.00669658765663955	0.025922274799895
4295	2.02595756396144	4.36505997461887	1.60979202898813	2.71156764104655	0.00669658765663955	0.025922274799895
4296	0.659252335919554	0.693501941428492	2.12273943425933	0.326701398313859	0.743893742536631	NA
4297	0.659252335919554	0.693501941428492	2.12273943425933	0.326701398313859	0.743893742536631	NA
4298	0	NA	NA	NA	NA	NA
4299	0	NA	NA	NA	NA	NA
4300	0	NA	NA	NA	NA	NA
4301	0	NA	NA	NA	NA	NA
4302	0	NA	NA	NA	NA	NA
4303	0	NA	NA	NA	NA	NA
4304	0	NA	NA	NA	NA	NA
4305	0	NA	NA	NA	NA	NA
4306	0	NA	NA	NA	NA	NA
4307	0	NA	NA	NA	NA	NA
4308	0	NA	NA	NA	NA	NA
4309	0	NA	NA	NA	NA	NA
4310	0	NA	NA	NA	NA	NA
4311	0	NA	NA	NA	NA	NA
4312	0	NA	NA	NA	NA	NA
4313	0	NA	NA	NA	NA	NA
4314	0	NA	NA	NA	NA	NA
4315	0	NA	NA	NA	NA	NA
4316	0	NA	NA	NA	NA	NA
4317	0	NA	NA	NA	NA	NA
4318	0	NA	NA	NA	NA	NA
4319	0	NA	NA	NA	NA	NA
4320	0	NA	NA	NA	NA	NA
4321	0	NA	NA	NA	NA	NA
4322	0	NA	NA	NA	NA	NA
4323	0	NA	NA	NA	NA	NA
4324	0	NA	NA	NA	NA	NA
4325	0	NA	NA	NA	NA	NA
4326	0	NA	NA	NA	NA	NA
4327	0	NA	NA	NA	NA	NA
4328	0	NA	NA	NA	NA	NA
4329	0	NA	NA	NA	NA	NA
4330	0	NA	NA	NA	NA	NA
4331	0	NA	NA	NA	NA	NA
4332	0	NA	NA	NA	NA	NA
4333	0	NA	NA	NA	NA	NA
4334	0	NA	NA	NA	NA	NA
4335	0	NA	NA	NA	NA	NA
4336	0.329626167959777	0.605654192809648	2.0991405715485	0.288524837744843	0.772945020734111	NA
4337	0.329626167959777	0.605654192809648	2.0991405715485	0.288524837744843	0.772945020734111	NA
4338	0.988878503879331	0.844018285054542	1.97308379919926	0.427766061125772	0.668821448486019	NA
4339	0.988878503879331	0.844018285054542	1.97308379919926	0.427766061125772	0.668821448486019	NA
4340	22.566416363714	-1.6223846275538	0.664693570569556	-2.44080084325718	0.0146547340519343	0.0459206645109577
4341	22.566416363714	-1.6223846275538	0.664693570569556	-2.44080084325718	0.0146547340519343	0.0459206645109577
4342	3.10363242920829	0.960145031385261	0.983324205847988	0.976427739371331	0.328852540708358	0.436273292557521
4343	3.10363242920829	0.960145031385261	0.983324205847988	0.976427739371331	0.328852540708358	0.436273292557521
4344	5.37750256624039	0.90071868336819	0.854005418350301	1.05469902650984	0.291562997164579	0.398710171801081
4345	5.37750256624039	0.90071868336819	0.854005418350301	1.05469902650984	0.291562997164579	0.398710171801081
4346	0.640899505239388	-1.11512100132872	2.12268220907098	-0.525335821143369	0.599349759901581	NA
4347	0.640899505239388	-1.11512100132872	2.12268220907098	-0.525335821143369	0.599349759901581	NA
4348	0.436775360007456	-0.717854028375714	2.10172648415553	-0.341554447635058	0.732686223085295	NA
4349	0.436775360007456	-0.717854028375714	2.10172648415553	-0.341554447635058	0.732686223085295	NA
4350	0	NA	NA	NA	NA	NA
4351	0	NA	NA	NA	NA	NA
4352	0.306186217847897	-0.511379433977429	2.09997323508663	-0.243517119853355	0.807604824481893	NA
4353	0.306186217847897	-0.511379433977429	2.09997323508663	-0.243517119853355	0.807604824481893	NA
4354	0	NA	NA	NA	NA	NA
4355	0	NA	NA	NA	NA	NA
4356	0.687779405463147	0.672071389472816	2.12285694374022	0.316588167400817	0.751556115341702	NA
4357	0.687779405463147	0.672071389472816	2.12285694374022	0.316588167400817	0.751556115341702	NA
4358	3.08660025450714	0.177557867354829	1.05566336187144	0.168195538244371	0.866429450908947	0.901412854549809
4359	3.08660025450714	0.177557867354829	1.05566336187144	0.168195538244371	0.866429450908947	0.901412854549809
4360	1.99810548548552	-1.12091317472536	1.31909237343075	-0.84976093964522	0.395458010079813	0.501183959666631
4361	1.99810548548552	-1.12091317472536	1.31909237343075	-0.84976093964522	0.395458010079813	0.501183959666631
4362	2.98389251697982	-3.76152179218614	1.44990107518872	-2.59432995571545	0.00947754826627055	0.032761895241429
4363	2.98389251697982	-3.76152179218614	1.44990107518872	-2.59432995571545	0.00947754826627055	0.032761895241429
4364	0.80001571694254	-1.44517150746282	2.09809344466994	-0.688802260516175	0.490947712918703	NA
4365	0.80001571694254	-1.44517150746282	2.09809344466994	-0.688802260516175	0.490947712918703	NA
4366	2.89818762799733	0.950154879349163	1.14875649749856	0.82711600014289	0.408171316219414	0.513423039269703
4367	2.89818762799733	0.950154879349163	1.14875649749856	0.82711600014289	0.408171316219414	0.513423039269703
4368	5.75345732370797	0.896573353007486	0.771450284422192	1.16219200525541	0.245157481388496	0.354322581497483
4369	5.75345732370797	0.896573353007486	0.771450284422192	1.16219200525541	0.245157481388496	0.354322581497483
4370	19.0956534337662	-1.20554527077617	0.657109318461461	-1.83461904573018	0.0665621546845803	0.137174214757231
4371	19.0956534337662	-1.20554527077617	0.657109318461461	-1.83461904573018	0.0665621546845803	0.137174214757231
4372	13.883652324577	-1.5823538251188	0.955098256001908	-1.6567445445274	0.0975711330332256	0.180607650392044
4373	0.742961577855354	-1.40391491330835	2.10237748146545	-0.667774900409302	0.504277290617022	NA
4374	0.742961577855354	-1.40391491330835	2.10237748146545	-0.667774900409302	0.504277290617022	NA
4375	1.64503936741386	-2.91315552298985	1.60081229262054	-1.81979832140157	0.0687897234663693	0.140187326443975
4376	1.64503936741386	-2.91315552298985	1.60081229262054	-1.81979832140157	0.0687897234663693	0.140187326443975
4377	0.873550720014913	-1.7477027830362	2.0124501450409	-0.86844525681439	0.3851506285872	NA
4378	0.873550720014913	-1.7477027830362	2.0124501450409	-0.86844525681439	0.3851506285872	NA
4379	2.28085175322153	-2.24537145564305	1.34262061346628	-1.67237969767655	0.094449472937642	0.176149105833968
4380	2.28085175322153	-2.24537145564305	1.34262061346628	-1.67237969767655	0.094449472937642	0.176149105833968
4381	0.873550720014913	-1.7477027830362	2.0124501450409	-0.86844525681439	0.3851506285872	NA
4382	0.873550720014913	-1.7477027830362	2.0124501450409	-0.86844525681439	0.3851506285872	NA
4383	1.07767486524684	-2.17633120654209	1.87040749752695	-1.16355992446546	0.244602400160686	NA
4384	1.07767486524684	-2.17633120654209	1.87040749752695	-1.16355992446546	0.244602400160686	NA
4385	0.947085723087285	-1.87527622269716	2.00012112589023	-0.937581328662036	0.348459610401336	NA
4386	0.947085723087285	-1.87527622269716	2.00012112589023	-0.937581328662036	0.348459610401336	NA
4387	1.33885314956596	-2.50883411752693	1.74972464403046	-1.43384510590642	0.151616469857865	NA
4388	1.33885314956596	-2.50883411752693	1.74972464403046	-1.43384510590642	0.151616469857865	NA
4389	16.956712743125	-2.00444740997185	0.982693357527571	-2.03974860989697	0.0413753706516665	0.0980480990609596
4390	16.956712743125	-2.00444740997185	0.982693357527571	-2.03974860989697	0.0413753706516665	0.0980480990609596
4391	88.0504629540861	-6.38388401749746	1.27432356895252	-5.00962563436299	5.45360159428528e-07	4.32172201811287e-05
4392	88.0504629540861	-6.38388401749746	1.27432356895252	-5.00962563436299	5.45360159428528e-07	4.32172201811287e-05
4393	12.3044420589085	-2.08879902293237	0.76778442695988	-2.72055403780875	0.00651726188504437	0.0254627906206385
4394	12.3044420589085	-2.08879902293237	0.76778442695988	-2.72055403780875	0.00651726188504437	0.0254627906206385
4395	6.36585908556008	-2.9324274532602	1.07294110948003	-2.73307400317741	0.00627462325777944	0.0247093288585789
4396	6.36585908556008	-2.9324274532602	1.07294110948003	-2.73307400317741	0.00627462325777944	0.0247093288585789
4397	7.02134495802694	-1.9650834048381	0.873725101101897	-2.24908658611254	0.024506987803054	0.0669267699669283
4398	7.02134495802694	-1.9650834048381	0.873725101101897	-2.24908658611254	0.024506987803054	0.0669267699669283
4399	5.92908372555262	-2.82724013292845	1.07838003772224	-2.6217474675256	0.00874802256246843	0.0310056495884957
4400	5.92908372555262	-2.82724013292845	1.07838003772224	-2.6217474675256	0.00874802256246843	0.0310056495884957
4401	4.78550113833419	-1.74907294419559	0.978433017104039	-1.7876266577476	0.0738362616479501	0.147181916906213
4402	4.78550113833419	-1.74907294419559	0.978433017104039	-1.7876266577476	0.0738362616479501	0.147181916906213
4403	5.41622640471015	-1.20177924899077	0.891607085277329	-1.34787987762229	0.1776970210846	0.281314545252666
4404	5.41622640471015	-1.20177924899077	0.891607085277329	-1.34787987762229	0.1776970210846	0.281314545252666
4405	8.95862984097258	-1.64160462608652	0.778868296177747	-2.10767935239192	0.0350587344795159	0.0871282158662526
4406	8.95862984097258	-1.64160462608652	0.778868296177747	-2.10767935239192	0.0350587344795159	0.0871282158662526
4407	7.10946632832679	-1.19585847844137	0.794560520232313	-1.50505650355208	0.132309550490895	0.224616051763039
4408	7.10946632832679	-1.19585847844137	0.794560520232313	-1.50505650355208	0.132309550490895	0.224616051763039
4409	7.66601092671902	-2.28611818823965	0.906963917400007	-2.52062749617786	0.0117145791151697	0.0387703649729613
4410	7.66601092671902	-2.28611818823965	0.906963917400007	-2.52062749617786	0.0117145791151697	0.0387703649729613
4411	20.4593190456421	-3.6413683094238	0.876552524848527	-4.15419293904042	3.26437652150645e-05	0.000467931105471915
4412	20.4593190456421	-3.6413683094238	0.876552524848527	-4.15419293904042	3.26437652150645e-05	0.000467931105471915
4413	12.3146162977719	-2.5675131669983	0.823890210832017	-3.11632925509026	0.00183117690082441	0.0100142486763835
4414	12.3146162977719	-2.5675131669983	0.823890210832017	-3.11632925509026	0.00183117690082441	0.0100142486763835
4415	6.12181412623108	-3.59059571954329	1.25384070268654	-2.8636777477792	0.00418753793314649	0.0186773011479258
4416	6.12181412623108	-3.59059571954329	1.25384070268654	-2.8636777477792	0.00418753793314649	0.0186773011479258
4417	7.30087607302622	-1.38967170547567	0.82038645267791	-1.69392327352493	0.0902798637996654	0.17010051139903
4418	7.30087607302622	-1.38967170547567	0.82038645267791	-1.69392327352493	0.0902798637996654	0.17010051139903
4419	5.44034134588969	-3.49489435665576	1.21134320643512	-2.88513968468189	0.00391240027341339	0.0177644120522554
4420	5.44034134588969	-3.49489435665576	1.21134320643512	-2.88513968468189	0.00391240027341339	0.0177644120522554
4421	4.17821582207011	-2.02887377172139	1.1042729804604	-1.83729368337484	0.066166551892348	0.136492887007791
4422	4.17821582207011	-2.02887377172139	1.1042729804604	-1.83729368337484	0.066166551892348	0.136492887007791
4423	2.87165620550043	-1.71362061650845	1.19182199894717	-1.4378158970234	0.150486297580474	0.247568527159417
4424	2.87165620550043	-1.71362061650845	1.19182199894717	-1.4378158970234	0.150486297580474	0.247568527159417
4425	4.12492814643561	-2.32378264961605	1.11732041226477	-2.07978179232028	0.0375455518904942	0.0910804134681872
4426	4.12492814643561	-2.32378264961605	1.11732041226477	-2.07978179232028	0.0375455518904942	0.0910804134681872
4427	21.4257722423725	0.456303577426182	0.609920351511725	0.748136336646589	0.45437792650439	0.559480296487376
4428	21.4257722423725	0.456303577426182	0.609920351511725	0.748136336646589	0.45437792650439	0.559480296487376
4429	0	NA	NA	NA	NA	NA
4430	0	NA	NA	NA	NA	NA
4431	0.204124145231932	-0.289902072294537	2.0984847144607	-0.138148288761322	0.890123222704436	NA
4432	0.204124145231932	-0.289902072294537	2.0984847144607	-0.138148288761322	0.890123222704436	NA
4433	0	NA	NA	NA	NA	NA
4434	0	NA	NA	NA	NA	NA
4435	0	NA	NA	NA	NA	NA
4436	0	NA	NA	NA	NA	NA
4437	0	NA	NA	NA	NA	NA
4438	0	NA	NA	NA	NA	NA
4439	0	NA	NA	NA	NA	NA
4440	0	NA	NA	NA	NA	NA
4441	0	NA	NA	NA	NA	NA
4442	0	NA	NA	NA	NA	NA
4443	0	NA	NA	NA	NA	NA
4444	0	NA	NA	NA	NA	NA
4445	0	NA	NA	NA	NA	NA
4446	0	NA	NA	NA	NA	NA
4447	0	NA	NA	NA	NA	NA
4448	0	NA	NA	NA	NA	NA
4449	0	NA	NA	NA	NA	NA
4450	0	NA	NA	NA	NA	NA
4451	0	NA	NA	NA	NA	NA
4452	0	NA	NA	NA	NA	NA
4453	0.102062072615966	0.0151395672302882	2.09688988419048	0.00722001061878979	0.99423931504784	NA
4454	0.102062072615966	0.0151395672302882	2.09688988419048	0.00722001061878979	0.99423931504784	NA
4455	0.460215310119336	0.276912429550551	2.10151614532912	0.131767928676648	0.895167854523936	NA
4456	0.460215310119336	0.276912429550551	2.10151614532912	0.131767928676648	0.895167854523936	NA
4457	0	NA	NA	NA	NA	NA
4458	0	NA	NA	NA	NA	NA
4459	0	NA	NA	NA	NA	NA
4460	0	NA	NA	NA	NA	NA
4461	0.102062072615966	0.0151395672302882	2.09688988419048	0.00722001061878979	0.99423931504784	NA
4462	0.102062072615966	0.0151395672302882	2.09688988419048	0.00722001061878979	0.99423931504784	NA
4463	0	NA	NA	NA	NA	NA
4464	0	NA	NA	NA	NA	NA
4465	0	NA	NA	NA	NA	NA
4466	0	NA	NA	NA	NA	NA
4467	0	NA	NA	NA	NA	NA
4468	0	NA	NA	NA	NA	NA
4469	0.993965623311044	0.070477634208762	1.74486433211095	0.0403914693605419	0.967781031164989	NA
4470	0.993965623311044	0.070477634208762	1.74486433211095	0.0403914693605419	0.967781031164989	NA
4471	6.49445258067295	-0.936740951872783	0.893742702779593	-1.04811032186273	0.294587781241557	0.401710610783941
4472	6.49445258067295	-0.936740951872783	0.893742702779593	-1.04811032186273	0.294587781241557	0.401710610783941
4473	0.771488647398947	-1.48375308003281	2.08084128814171	-0.713054421059606	0.47581208212865	NA
4474	0.771488647398947	-1.48375308003281	2.08084128814171	-0.713054421059606	0.47581208212865	NA
4475	2.10016755810148	-1.21559973985455	1.28940194625814	-0.942762451524315	0.345802421585964	0.452277720387934
4476	2.10016755810148	-1.21559973985455	1.28940194625814	-0.942762451524315	0.345802421585964	0.452277720387934
4477	1.66339219809403	-0.822543243410079	1.39971876452324	-0.587648936527794	0.556767956781967	0.650104369887201
4478	1.66339219809403	-0.822543243410079	1.39971876452324	-0.587648936527794	0.556767956781967	0.650104369887201
4479	0.789841478079113	0.591149938434629	1.93523818614374	0.305466243208329	0.760011076119735	NA
4480	0.789841478079113	0.591149938434629	1.93523818614374	0.305466243208329	0.760011076119735	NA
4481	0	NA	NA	NA	NA	NA
4482	0	NA	NA	NA	NA	NA
4483	0.46530242955105	-0.73806087475055	2.10187461749905	-0.351144101844069	0.725480243379624	NA
4484	0.46530242955105	-0.73806087475055	2.10187461749905	-0.351144101844069	0.725480243379624	NA
4485	0.227564095343811	1.16277842171323	2.09495177282485	0.555038276678481	0.578868479644751	NA
4486	0.227564095343811	1.16277842171323	2.09495177282485	0.555038276678481	0.578868479644751	NA
4487	0.562277382735302	0.0498330857396452	2.0951784918673	0.0237846493428024	0.981024384636588	NA
4488	0.562277382735302	0.0498330857396452	2.0951784918673	0.0237846493428024	0.981024384636588	NA
4489	0.102062072615966	0.0151395672302882	2.09688988419048	0.00722001061878979	0.99423931504784	NA
4490	0.102062072615966	0.0151395672302882	2.09688988419048	0.00722001061878979	0.99423931504784	NA
4491	1.42697451986581	0.379838247430157	1.48560955491071	0.255678382098846	0.79819918904202	NA
4492	1.42697451986581	0.379838247430157	1.48560955491071	0.255678382098846	0.79819918904202	NA
4493	0.891903550695079	0.313143053340604	1.82650082124636	0.171444244479958	0.863874467683476	NA
4494	0.891903550695079	0.313143053340604	1.82650082124636	0.171444244479958	0.863874467683476	NA
4495	1.11946764603889	0.777740889818454	1.67246886398355	0.465025631607875	0.641913101329133	NA
4496	1.11946764603889	0.777740889818454	1.67246886398355	0.465025631607875	0.641913101329133	NA
4497	0	NA	NA	NA	NA	NA
4498	0	NA	NA	NA	NA	NA
4499	0	NA	NA	NA	NA	NA
4500	0	NA	NA	NA	NA	NA
4501	0.102062072615966	0.0151395672302882	2.09688988419048	0.00722001061878979	0.99423931504784	NA
4502	0.102062072615966	0.0151395672302882	2.09688988419048	0.00722001061878979	0.99423931504784	NA
4503	0.902077789558506	-1.73761697374753	2.02280564545901	-0.85901331037329	0.390333172575116	NA
4504	0.902077789558506	-1.73761697374753	2.02280564545901	-0.85901331037329	0.390333172575116	NA
4505	4.33024926729485	0.595465943942545	0.866197686336443	0.687448088739477	0.491800402690565	0.590160483228678
4506	4.33024926729485	0.595465943942545	0.866197686336443	0.687448088739477	0.491800402690565	0.590160483228678
4507	4.59531769541837	-3.24222722438555	1.22672713473226	-2.64298973470836	0.00821775267035026	0.0299345717393505
4508	4.59531769541837	-3.24222722438555	1.22672713473226	-2.64298973470836	0.00821775267035026	0.0299345717393505
4509	3.29007873482772	-3.92455805944465	1.42313517395508	-2.75768467484209	0.00582123212052722	0.0234862391029917
4510	3.29007873482772	-3.92455805944465	1.42313517395508	-2.75768467484209	0.00582123212052722	0.0234862391029917
4511	2.31379095112917	0.955279995845257	1.13613161299041	0.840818075056342	0.400449859578372	0.506745830138344
4512	2.31379095112917	0.955279995845257	1.13613161299041	0.840818075056342	0.400449859578372	0.506745830138344
4513	15.2167658937063	-1.55838938192066	0.739690195624605	-2.1068136243238	0.035133738050356	0.0872114065079758
4514	15.2167658937063	-1.55838938192066	0.739690195624605	-2.1068136243238	0.035133738050356	0.0872114065079758
4515	0.102062072615966	0.0151395672302882	2.09688988419048	0.00722001061878979	0.99423931504784	NA
4516	0.102062072615966	0.0151395672302882	2.09688988419048	0.00722001061878979	0.99423931504784	NA
4517	0.306186217847897	-0.511379433977429	2.09997323508663	-0.243517119853355	0.807604824481893	NA
4518	0.306186217847897	-0.511379433977429	2.09997323508663	-0.243517119853355	0.807604824481893	NA
4519	0	NA	NA	NA	NA	NA
4520	0	NA	NA	NA	NA	NA
4521	3.10430742027595	-1.82337752933865	1.18608855908889	-1.53730302460661	0.124219121159504	0.216571319580705
4522	3.10430742027595	-1.82337752933865	1.18608855908889	-1.53730302460661	0.124219121159504	0.216571319580705
4523	3.29007873482772	-3.92455805944465	1.42313517395508	-2.75768467484209	0.00582123212052722	0.0234862391029917
4524	3.29007873482772	-3.92455805944465	1.42313517395508	-2.75768467484209	0.00582123212052722	0.0234862391029917
4525	1.71857437048623	-3.01272194226993	1.58953644679805	-1.89534624911479	0.0580465447294754	0.12457613074287
4526	1.71857437048623	-3.01272194226993	1.58953644679805	-1.89534624911479	0.0580465447294754	0.12457613074287
4527	7.90295058950688	0.294166721356908	0.824969338854087	0.356578975123507	0.721407019551948	0.792133197939394
4528	0.664339455351268	-0.218000059103391	2.01088723535044	-0.108409887571543	0.913670558214857	NA
4529	0.664339455351268	-0.218000059103391	2.01088723535044	-0.108409887571543	0.913670558214857	NA
4530	1.79707281263861	2.37352052115412	1.64325400070095	1.44440270350273	0.148625730698921	0.247257832933398
4531	1.79707281263861	2.37352052115412	1.64325400070095	1.44440270350273	0.148625730698921	0.247257832933398
4532	0.659252335919554	0.693501941428492	2.12273943425933	0.326701398313859	0.743893742536631	NA
4533	0.659252335919554	0.693501941428492	2.12273943425933	0.326701398313859	0.743893742536631	NA
4534	0	NA	NA	NA	NA	NA
4535	0	NA	NA	NA	NA	NA
4536	0	NA	NA	NA	NA	NA
4537	0	NA	NA	NA	NA	NA
4538	0.436775360007456	-0.717854028375714	2.10172648415553	-0.341554447635058	0.732686223085295	NA
4539	0.436775360007456	-0.717854028375714	2.10172648415553	-0.341554447635058	0.732686223085295	NA
4540	5.2691563985654	-1.09810683375121	0.85691146036593	-1.28147058890107	0.200028424006534	0.306612912710745
4541	5.2691563985654	-1.09810683375121	0.85691146036593	-1.28147058890107	0.200028424006534	0.306612912710745
4542	4.521782692346	-3.19328615792047	1.2407114804191	-2.57375401801055	0.010060176844858	0.0342960574256522
4543	4.521782692346	-3.19328615792047	1.2407114804191	-2.57375401801055	0.010060176844858	0.0342960574256522
4544	0	NA	NA	NA	NA	NA
4545	0	NA	NA	NA	NA	NA
4546	1.46744664467883	2.70006186933712	1.78827364943582	1.50987063427846	0.131076437122961	NA
4547	1.46744664467883	2.70006186933712	1.78827364943582	1.50987063427846	0.131076437122961	NA
4548	0.863376481151485	0.223848322028114	2.05804537432383	0.108767437696391	0.913386951504722	NA
4549	0.863376481151485	0.223848322028114	2.05804537432383	0.108767437696391	0.913386951504722	NA
4550	0.204124145231932	-0.289902072294537	2.0984847144607	-0.138148288761322	0.890123222704436	NA
4551	0.204124145231932	-0.289902072294537	2.0984847144607	-0.138148288761322	0.890123222704436	NA
4552	1.44909381399867	0.88868671114619	1.49536507363973	0.594294147169775	0.552315392562357	NA
4553	1.44909381399867	0.88868671114619	1.49536507363973	0.594294147169775	0.552315392562357	NA
4554	2.33723090124105	1.65512715906234	1.1533691602819	1.43503677405229	0.151276618712996	0.248673893774788
4555	2.33723090124105	1.65512715906234	1.1533691602819	1.43503677405229	0.151276618712996	0.248673893774788
4556	7.86676691270619	2.68630076503579	0.870184872090889	3.08704604181536	0.00202156282455186	0.01074754919382
4557	7.86676691270619	2.68630076503579	0.870184872090889	3.08704604181536	0.00202156282455186	0.01074754919382
4558	0.669426574782981	-1.18312895308249	2.12141177000729	-0.557708300580618	0.577043588664145	NA
4559	0.669426574782981	-1.18312895308249	2.12141177000729	-0.557708300580618	0.577043588664145	NA
4560	0.902077789558506	-1.73761697374753	2.02280564545901	-0.85901331037329	0.390333172575116	NA
4561	0.902077789558506	-1.73761697374753	2.02280564545901	-0.85901331037329	0.390333172575116	NA
4562	2.69915060219712	0.831325602620964	1.17566846047903	0.707108875134947	0.479498821022786	0.582218863340764
4563	2.69915060219712	0.831325602620964	1.17566846047903	0.707108875134947	0.479498821022786	0.582218863340764
4564	8.8862624873712	2.37803730231353	0.75566594861566	3.1469425169547	0.00164987394116492	0.00916596633980513
4565	8.8862624873712	2.37803730231353	0.75566594861566	3.1469425169547	0.00164987394116492	0.00916596633980513
4566	2.43111438204028	-0.949436795933361	1.23230259957409	-0.770457512839387	0.44102854867576	0.547459741918361
4567	2.43111438204028	-0.949436795933361	1.23230259957409	-0.770457512839387	0.44102854867576	0.547459741918361
4568	2.37782670640579	-1.49161076180249	1.26356686576066	-1.1804763184452	0.237810823803062	0.344653367830524
4569	2.37782670640579	-1.49161076180249	1.26356686576066	-1.1804763184452	0.237810823803062	0.344653367830524
4570	2.61047792118131	-1.61878097336436	1.21419788941044	-1.33321016901978	0.182462843145597	0.285949231795338
4571	2.61047792118131	-1.61878097336436	1.21419788941044	-1.33321016901978	0.182462843145597	0.285949231795338
4572	6.08881627601081	2.87785466284466	0.976419054700057	2.94735610595873	0.00320503878098262	0.0154904060760955
4573	6.08881627601081	2.87785466284466	0.976419054700057	2.94735610595873	0.00320503878098262	0.0154904060760955
4574	0.436775360007456	-0.717854028375714	2.10172648415553	-0.341554447635058	0.732686223085295	NA
4575	0.436775360007456	-0.717854028375714	2.10172648415553	-0.341554447635058	0.732686223085295	NA
4576	0.436775360007456	-0.717854028375714	2.10172648415553	-0.341554447635058	0.732686223085295	NA
4577	0.436775360007456	-0.717854028375714	2.10172648415553	-0.341554447635058	0.732686223085295	NA
4578	0.659252335919554	0.693501941428492	2.12273943425933	0.326701398313859	0.743893742536631	NA
4579	0.659252335919554	0.693501941428492	2.12273943425933	0.326701398313859	0.743893742536631	NA
4580	16.5230194972599	3.02025839708988	0.692483269309384	4.36148933981033	1.29180091316236e-05	0.000253531020340275
4581	16.5230194972599	3.02025839708988	0.692483269309384	4.36148933981033	1.29180091316236e-05	0.000253531020340275
4582	0.669426574782981	-1.18312895308249	2.12141177000729	-0.557708300580618	0.577043588664145	NA
4583	0.669426574782981	-1.18312895308249	2.12141177000729	-0.557708300580618	0.577043588664145	NA
4584	0	NA	NA	NA	NA	NA
4585	0	NA	NA	NA	NA	NA
4586	0.232651214775525	-0.19316414502161	2.0980365678857	-0.0920690077467387	0.926643212073756	NA
4587	0.232651214775525	-0.19316414502161	2.0980365678857	-0.0920690077467387	0.926643212073756	NA
4588	0	NA	NA	NA	NA	NA
4589	0	NA	NA	NA	NA	NA
4590	0	NA	NA	NA	NA	NA
4591	0	NA	NA	NA	NA	NA
4592	0	NA	NA	NA	NA	NA
4593	0	NA	NA	NA	NA	NA
4594	0.562277382735302	0.0498330857396452	2.0951784918673	0.0237846493428024	0.981024384636588	NA
4595	0.562277382735302	0.0498330857396452	2.0951784918673	0.0237846493428024	0.981024384636588	NA
4596	2.00319260491723	-1.96939093202743	1.40799613902756	-1.39871898611	0.161897268477764	0.263247591020755
4597	2.00319260491723	-1.96939093202743	1.40799613902756	-1.39871898611	0.161897268477764	0.263247591020755
4598	0.538837432623422	-0.864822990680704	2.10272243892331	-0.411287279134916	0.680861896192882	NA
4599	0.538837432623422	-0.864822990680704	2.10272243892331	-0.411287279134916	0.680861896192882	NA
4600	1.53789017536618	-1.60290792764874	1.48425781510729	-1.07993901823106	0.28016933668021	0.386981033483007
4601	1.53789017536618	-1.60290792764874	1.48425781510729	-1.07993901823106	0.28016933668021	0.386981033483007
4602	0.999052742742758	-0.87403617560947	1.74218541880253	-0.501689525222998	0.615885933861144	NA
4603	0.999052742742758	-0.87403617560947	1.74218541880253	-0.501689525222998	0.615885933861144	NA
4604	0.102062072615966	0.0151395672302882	2.09688988419048	0.00722001061878979	0.99423931504784	NA
4605	0.102062072615966	0.0151395672302882	2.09688988419048	0.00722001061878979	0.99423931504784	NA
4606	0.227564095343811	1.16277842171323	2.09495177282485	0.555038276678481	0.578868479644751	NA
4607	0.227564095343811	1.16277842171323	2.09495177282485	0.555038276678481	0.578868479644751	NA
4608	0.232651214775525	-0.19316414502161	2.0980365678857	-0.0920690077467387	0.926643212073756	NA
4609	0.232651214775525	-0.19316414502161	2.0980365678857	-0.0920690077467387	0.926643212073756	NA
4610	0.669426574782981	-1.18312895308249	2.12141177000729	-0.557708300580618	0.577043588664145	NA
4611	0.669426574782981	-1.18312895308249	2.12141177000729	-0.557708300580618	0.577043588664145	NA
4612	1.55756366202537	0.230274594178905	1.459059061823	0.157824038933141	0.874595455721732	0.90550914786153
4613	1.55756366202537	0.230274594178905	1.459059061823	0.157824038933141	0.874595455721732	0.90550914786153
4614	0.204124145231932	-0.289902072294537	2.0984847144607	-0.138148288761322	0.890123222704436	NA
4615	0.204124145231932	-0.289902072294537	2.0984847144607	-0.138148288761322	0.890123222704436	NA
4616	0	NA	NA	NA	NA	NA
4617	0	NA	NA	NA	NA	NA
4618	1.66847931752574	-1.69024075561901	1.47059471503724	-1.14935864948774	0.250408123357052	0.35588132441824
4619	1.66847931752574	-1.69024075561901	1.47059471503724	-1.14935864948774	0.250408123357052	0.35588132441824
4620	2.28085175322153	-2.24537145564305	1.34262061346628	-1.67237969767655	0.094449472937642	0.176149105833968
4621	2.28085175322153	-2.24537145564305	1.34262061346628	-1.67237969767655	0.094449472937642	0.176149105833968
4622	8.82362857044897	-3.26906952576454	1.03564174649673	-3.15656406940221	0.00159639812041352	0.00896753037294231
4623	8.82362857044897	-3.26906952576454	1.03564174649673	-3.15656406940221	0.00159639812041352	0.00896753037294231
4624	0.102062072615966	0.0151395672302882	2.09688988419048	0.00722001061878979	0.99423931504784	NA
4625	0.102062072615966	0.0151395672302882	2.09688988419048	0.00722001061878979	0.99423931504784	NA
4626	0.204124145231932	-0.289902072294537	2.0984847144607	-0.138148288761322	0.890123222704436	NA
4627	0.204124145231932	-0.289902072294537	2.0984847144607	-0.138148288761322	0.890123222704436	NA
4628	0	NA	NA	NA	NA	NA
4629	0	NA	NA	NA	NA	NA
4630	0.334713287391491	-0.530109587478167	2.10015201911518	-0.252414864568474	0.800720411785564	NA
4631	0.334713287391491	-0.530109587478167	2.10015201911518	-0.252414864568474	0.800720411785564	NA
4632	2.23140236517239	4.39728319342382	1.56405943254948	2.81145530784343	0.00493179417024714	0.0206928426723656
4633	2.23140236517239	4.39728319342382	1.56405943254948	2.81145530784343	0.00493179417024714	0.0206928426723656
4634	9.85497484618802	-3.05791544097854	0.954062687261458	-3.20515148722144	0.00134991413461843	0.00812269250056934
4635	9.85497484618802	-3.05791544097854	0.954062687261458	-3.20515148722144	0.00134991413461843	0.00812269250056934
4636	2.01137119673397	0.667981896878726	1.27280255572927	0.524811875865536	0.599713974996467	0.689892822510316
4637	2.01137119673397	0.667981896878726	1.27280255572927	0.524811875865536	0.599713974996467	0.689892822510316
4638	0.431688240575743	0.300911269897379	2.10125340962322	0.143205606957866	0.886127801753767	NA
4639	0.431688240575743	0.300911269897379	2.10125340962322	0.143205606957866	0.886127801753767	NA
4640	0.896990670126792	-0.671851961788102	1.83207637872	-0.366716131266044	0.713830772624265	NA
4641	0.896990670126792	-0.671851961788102	1.83207637872	-0.366716131266044	0.713830772624265	NA
4642	0.742961577855354	-1.40391491330835	2.10237748146545	-0.667774900409302	0.504277290617022	NA
4643	0.742961577855354	-1.40391491330835	2.10237748146545	-0.667774900409302	0.504277290617022	NA
4644	0.102062072615966	0.0151395672302882	2.09688988419048	0.00722001061878979	0.99423931504784	NA
4645	0.102062072615966	0.0151395672302882	2.09688988419048	0.00722001061878979	0.99423931504784	NA
4646	0.664339455351268	-0.218000059103391	2.01088723535044	-0.108409887571543	0.913670558214857	NA
4647	0.664339455351268	-0.218000059103391	2.01088723535044	-0.108409887571543	0.913670558214857	NA
4648	0.227564095343811	1.16277842171323	2.09495177282485	0.555038276678481	0.578868479644751	NA
4649	0.227564095343811	1.16277842171323	2.09495177282485	0.555038276678481	0.578868479644751	NA
4650	1.36538457206287	3.02617005333264	2.04798462334914	1.47763319061636	0.139505985491873	NA
4651	1.36538457206287	3.02617005333264	2.04798462334914	1.47763319061636	0.139505985491873	NA
4652	0	NA	NA	NA	NA	NA
4653	0	NA	NA	NA	NA	NA
4654	0.431688240575743	0.300911269897379	2.10125340962322	0.143205606957866	0.886127801753767	NA
4655	0.431688240575743	0.300911269897379	2.10125340962322	0.143205606957866	0.886127801753767	NA
4656	2.30429170333341	-1.39055169075375	1.24785671880921	-1.11435204843126	0.265128186129943	0.371954169086525
4657	2.30429170333341	-1.39055169075375	1.24785671880921	-1.11435204843126	0.265128186129943	0.371954169086525
4658	2.10966680589724	1.42846975746817	1.19586846561459	1.19450407677908	0.232280846949018	0.339804791774947
4659	2.10966680589724	1.42846975746817	1.19586846561459	1.19450407677908	0.232280846949018	0.339804791774947
4660	4.17821582207011	-2.02887377172139	1.1042729804604	-1.83729368337484	0.066166551892348	0.136492887007791
4661	4.17821582207011	-2.02887377172139	1.1042729804604	-1.83729368337484	0.066166551892348	0.136492887007791
4662	5.758573769296	-3.5212496159475	1.23625598896977	-2.84831753889575	0.00439510475840324	0.0192888610086662
4663	5.758573769296	-3.5212496159475	1.23625598896977	-2.84831753889575	0.00439510475840324	0.0192888610086662
4664	2.61997716897707	0.473242604340821	1.10891444086593	0.426762053861679	0.669552647638447	0.746731427599518
4665	2.61997716897707	0.473242604340821	1.10891444086593	0.426762053861679	0.669552647638447	0.746731427599518
4666	1.10620193479044	-2.19338494381761	1.8563452695987	-1.18156087649135	0.237379984981971	NA
4667	1.10620193479044	-2.19338494381761	1.8563452695987	-1.18156087649135	0.237379984981971	NA
4668	0.873550720014913	-1.7477027830362	2.0124501450409	-0.86844525681439	0.3851506285872	NA
4669	0.873550720014913	-1.7477027830362	2.0124501450409	-0.86844525681439	0.3851506285872	NA
4670	0.436775360007456	-0.717854028375714	2.10172648415553	-0.341554447635058	0.732686223085295	NA
4671	0.436775360007456	-0.717854028375714	2.10172648415553	-0.341554447635058	0.732686223085295	NA
4672	0.771488647398947	-1.48375308003281	2.08084128814171	-0.713054421059606	0.47581208212865	NA
4673	0.771488647398947	-1.48375308003281	2.08084128814171	-0.713054421059606	0.47581208212865	NA
4674	70.8673251247934	3.51808283824441	0.910341575115517	3.86457450083831	0.000111283020965361	0.0012108515234573
4675	70.8673251247934	3.51808283824441	0.910341575115517	3.86457450083831	0.000111283020965361	0.0012108515234573
4676	3.09722465379755	1.01047476480531	1.24447296191192	0.811970043328935	0.416808821029656	0.523034672340769
4677	3.09722465379755	1.01047476480531	1.24447296191192	0.811970043328935	0.416808821029656	0.523034672340769
4678	1.22661683808657	-0.277769180721582	1.5909008943486	-0.174598670293234	0.861394993488318	NA
4679	1.22661683808657	-0.277769180721582	1.5909008943486	-0.174598670293234	0.861394993488318	NA
4680	0.334713287391491	-0.530109587478167	2.10015201911518	-0.252414864568474	0.800720411785564	NA
4681	0.334713287391491	-0.530109587478167	2.10015201911518	-0.252414864568474	0.800720411785564	NA
4682	9.955164952109	-4.32943508191655	1.18880477178476	-3.64183857995181	0.000270697799249898	0.00239838616815921
4683	9.955164952109	-4.32943508191655	1.18880477178476	-3.64183857995181	0.000270697799249898	0.00239838616815921
4684	3.71159273654004	-1.56979675223137	1.04365214343882	-1.50413790849785	0.13254586124734	0.224835467382403
4685	3.71159273654004	-1.56979675223137	1.04365214343882	-1.50413790849785	0.13254586124734	0.224835467382403
4686	3.80038909790755	-4.14912642499259	1.40339151239516	-2.95649958571524	0.00311152649542902	0.0151605699313247
4687	3.80038909790755	-4.14912642499259	1.40339151239516	-2.95649958571524	0.00311152649542902	0.0151605699313247
4688	1.56133012547806	-0.697299979823281	1.44694260268154	-0.481912674719102	0.629867981825546	0.710568230907143
4689	1.56133012547806	-0.697299979823281	1.44694260268154	-0.481912674719102	0.629867981825546	0.710568230907143
4690	2.66244494083678	-0.958706677534532	1.1428905459006	-0.838843825398053	0.401556954053344	0.507840772967192
4691	2.66244494083678	-0.958706677534532	1.1428905459006	-0.838843825398053	0.401556954053344	0.507840772967192
4692	5.90661592042737	1.59907401237697	1.32743280679426	1.20463650151809	0.228343659048539	0.335917116638832
4693	5.90661592042737	1.59907401237697	1.32743280679426	1.20463650151809	0.228343659048539	0.335917116638832
4694	5.90661592042737	1.59907401237697	1.32743280679426	1.20463650151809	0.228343659048539	0.335917116638832
4695	1.1157011825862	3.08522103332338	1.92202803777929	1.60519044086789	0.108451900513832	NA
4696	1.1157011825862	3.08522103332338	1.92202803777929	1.60519044086789	0.108451900513832	NA
4697	0	NA	NA	NA	NA	NA
4698	0	NA	NA	NA	NA	NA
4699	6.05081928482778	-2.11183975831067	0.958030111444643	-2.20435634859761	0.0274992929950108	0.0725028440546424
4700	6.05081928482778	-2.11183975831067	0.958030111444643	-2.20435634859761	0.0274992929950108	0.0725028440546424
4701	1.17973693786281	-2.34927159821038	1.81186296654521	-1.29660556100988	0.194766938080339	NA
4702	1.17973693786281	-2.34927159821038	1.81186296654521	-1.29660556100988	0.194766938080339	NA
4703	2.15534973049369	-3.36372053773661	1.50336649293847	-2.23745876573443	0.0252563714227163	0.0681289402539553
4704	2.15534973049369	-3.36372053773661	1.50336649293847	-2.23745876573443	0.0252563714227163	0.0681289402539553
4705	2.86978423880545	-3.76646790272377	1.47615260152126	-2.55154372172783	0.0107246867015489	0.0362339668913648
4706	2.86978423880545	-3.76646790272377	1.47615260152126	-2.55154372172783	0.0107246867015489	0.0362339668913648
4707	0.306186217847897	-0.511379433977429	2.09997323508663	-0.243517119853355	0.807604824481893	NA
4708	0.306186217847897	-0.511379433977429	2.09997323508663	-0.243517119853355	0.807604824481893	NA
4709	0.975612792630879	-1.97724141485751	1.93871554125265	-1.01987185473325	0.307789239391845	NA
4710	0.975612792630879	-1.97724141485751	1.93871554125265	-1.01987185473325	0.307789239391845	NA
4711	0.742961577855354	-1.40391491330835	2.10237748146545	-0.667774900409302	0.504277290617022	NA
4712	0.742961577855354	-1.40391491330835	2.10237748146545	-0.667774900409302	0.504277290617022	NA
4713	3.20128237346021	-1.28680395844005	1.08017790163107	-1.19128891314753	0.233540184788216	0.339871370793662
4714	3.20128237346021	-1.28680395844005	1.08017790163107	-1.19128891314753	0.233540184788216	0.339871370793662
4715	2.0678740251052	-0.668658056643019	1.28759258661804	-0.519308718916515	0.603545474227195	0.691271064018058
4716	2.0678740251052	-0.668658056643019	1.28759258661804	-0.519308718916515	0.603545474227195	0.691271064018058
4717	3.39214080744369	-3.97374977400764	1.41724445431818	-2.80385628738929	0.00504954070449331	0.021018900851211
4718	3.39214080744369	-3.97374977400764	1.41724445431818	-2.80385628738929	0.00504954070449331	0.021018900851211
4719	1.41238815263834	-2.67644172728055	1.67869848209266	-1.59435524355995	0.110856490840115	NA
4720	1.41238815263834	-2.67644172728055	1.67869848209266	-1.59435524355995	0.110856490840115	NA
4721	12.3564316086267	-3.02932270707766	0.912850222502981	-3.31853203559663	0.000904919417728767	0.00592003357392651
4722	12.3564316086267	-3.02932270707766	0.912850222502981	-3.31853203559663	0.000904919417728767	0.00592003357392651
4723	0	NA	NA	NA	NA	NA
4724	0	NA	NA	NA	NA	NA
4725	0.227564095343811	1.16277842171323	2.09495177282485	0.555038276678481	0.578868479644751	NA
4726	0.227564095343811	1.16277842171323	2.09495177282485	0.555038276678481	0.578868479644751	NA
4727	3.0289004505086	-3.84678634332646	1.43053328042223	-2.68905756753248	0.0071654061068069	0.0272844112861188
4728	3.0289004505086	-3.84678634332646	1.43053328042223	-2.68905756753248	0.0071654061068069	0.0272844112861188
4729	1.32359179127082	0.314761402634321	1.54258047896302	0.204048610057555	0.838315512588351	NA
4730	1.32359179127082	0.314761402634321	1.54258047896302	0.204048610057555	0.838315512588351	NA
4731	0.204124145231932	-0.289902072294537	2.0984847144607	-0.138148288761322	0.890123222704436	NA
4732	0.204124145231932	-0.289902072294537	2.0984847144607	-0.138148288761322	0.890123222704436	NA
4733	0.102062072615966	0.0151395672302882	2.09688988419048	0.00722001061878979	0.99423931504784	NA
4734	0.102062072615966	0.0151395672302882	2.09688988419048	0.00722001061878979	0.99423931504784	NA
4735	0.204124145231932	-0.289902072294537	2.0984847144607	-0.138148288761322	0.890123222704436	NA
4736	0.204124145231932	-0.289902072294537	2.0984847144607	-0.138148288761322	0.890123222704436	NA
4737	0.102062072615966	0.0151395672302882	2.09688988419048	0.00722001061878979	0.99423931504784	NA
4738	0.102062072615966	0.0151395672302882	2.09688988419048	0.00722001061878979	0.99423931504784	NA
4739	0	NA	NA	NA	NA	NA
4740	0	NA	NA	NA	NA	NA
4741	0	NA	NA	NA	NA	NA
4742	0	NA	NA	NA	NA	NA
4743	0	NA	NA	NA	NA	NA
4744	0	NA	NA	NA	NA	NA
4745	0	NA	NA	NA	NA	NA
4746	0	NA	NA	NA	NA	NA
4747	0.204124145231932	-0.289902072294537	2.0984847144607	-0.138148288761322	0.890123222704436	NA
4748	0.204124145231932	-0.289902072294537	2.0984847144607	-0.138148288761322	0.890123222704436	NA
4749	0	NA	NA	NA	NA	NA
4750	0	NA	NA	NA	NA	NA
4751	0.204124145231932	-0.289902072294537	2.0984847144607	-0.138148288761322	0.890123222704436	NA
4752	0.204124145231932	-0.289902072294537	2.0984847144607	-0.138148288761322	0.890123222704436	NA
4753	0	NA	NA	NA	NA	NA
4754	0	NA	NA	NA	NA	NA
4755	1.02249269285464	0.0957971624594194	1.79692756663029	0.0533116438516574	0.957483602943988	NA
4756	1.02249269285464	0.0957971624594194	1.79692756663029	0.0533116438516574	0.957483602943988	NA
4757	0	NA	NA	NA	NA	NA
4758	0	NA	NA	NA	NA	NA
4759	0	NA	NA	NA	NA	NA
4760	0	NA	NA	NA	NA	NA
4761	0	NA	NA	NA	NA	NA
4762	0	NA	NA	NA	NA	NA
4763	0.204124145231932	-0.289902072294537	2.0984847144607	-0.138148288761322	0.890123222704436	NA
4764	0.204124145231932	-0.289902072294537	2.0984847144607	-0.138148288761322	0.890123222704436	NA
4765	0.436775360007456	-0.717854028375714	2.10172648415553	-0.341554447635058	0.732686223085295	NA
4766	0.436775360007456	-0.717854028375714	2.10172648415553	-0.341554447635058	0.732686223085295	NA
4767	1.22661683808657	-0.277769180721582	1.5909008943486	-0.174598670293234	0.861394993488318	NA
4768	1.22661683808657	-0.277769180721582	1.5909008943486	-0.174598670293234	0.861394993488318	NA
4769	1.10620193479044	-2.19338494381761	1.8563452695987	-1.18156087649135	0.237379984981971	NA
4770	1.10620193479044	-2.19338494381761	1.8563452695987	-1.18156087649135	0.237379984981971	NA
4771	99.8408664504939	-5.16418691928108	1.01633171457347	-5.08120217565812	3.75053679283923e-07	4.03903962305763e-05
4772	99.8408664504939	-5.16418691928108	1.01633171457347	-5.08120217565812	3.75053679283923e-07	4.03903962305763e-05
4773	6.14460161533803	-2.38809542698862	1.00918640521037	-2.3663571116882	0.017964107174474	0.053654822232317
4774	6.14460161533803	-2.38809542698862	1.00918640521037	-2.3663571116882	0.017964107174474	0.053654822232317
4775	4.48308138393898	-1.86391223559776	1.00818258729732	-1.8487843958845	0.0644889514175253	0.134085938590894
4776	4.48308138393898	-1.86391223559776	1.00818258729732	-1.8487843958845	0.0644889514175253	0.134085938590894
4777	3.8757960676749	-2.16829878098095	1.14503343310076	-1.89365543249612	0.0582707605641029	0.124879429237511
4778	3.8757960676749	-2.16829878098095	1.14503343310076	-1.89365543249612	0.0582707605641029	0.124879429237511
4779	17.1140581384222	-2.839665237149	0.799742476074218	-3.55072454209056	0.000384172270335532	0.00309104125557324
4780	17.1140581384222	-2.839665237149	0.799742476074218	-3.55072454209056	0.000384172270335532	0.00309104125557324
4781	0.431688240575743	0.300911269897379	2.10125340962322	0.143205606957866	0.886127801753767	NA
4782	0.431688240575743	0.300911269897379	2.10125340962322	0.143205606957866	0.886127801753767	NA
4783	0	NA	NA	NA	NA	NA
4784	0	NA	NA	NA	NA	NA
4785	0.227564095343811	1.16277842171323	2.09495177282485	0.555038276678481	0.578868479644751	NA
4786	0.227564095343811	1.16277842171323	2.09495177282485	0.555038276678481	0.578868479644751	NA
4787	2.85262838375259	0.274211857865871	1.02363490638883	0.267880526694066	0.788791283508052	0.84041689262654
4788	2.85262838375259	0.274211857865871	1.02363490638883	0.267880526694066	0.788791283508052	0.84041689262654
4789	3.46058869108434	-2.86933598090091	1.26350102654194	-2.27094075954489	0.0231505643883314	0.0643496826148192
4790	3.46058869108434	-2.86933598090091	1.26350102654194	-2.27094075954489	0.0231505643883314	0.0643496826148192
4791	1.33376603013425	-1.33979669262574	1.57164661062102	-0.852479611874284	0.393947950192337	NA
4792	1.33376603013425	-1.33979669262574	1.57164661062102	-0.852479611874284	0.393947950192337	NA
4793	0.436775360007456	-0.717854028375714	2.10172648415553	-0.341554447635058	0.732686223085295	NA
4794	0.436775360007456	-0.717854028375714	2.10172648415553	-0.341554447635058	0.732686223085295	NA
4795	0.659252335919554	0.693501941428492	2.12273943425933	0.326701398313859	0.743893742536631	NA
4796	0.659252335919554	0.693501941428492	2.12273943425933	0.326701398313859	0.743893742536631	NA
4797	1.45041446997769	1.53543666574195	1.49866647636395	1.0245352718286	0.305582519751191	NA
4798	1.45041446997769	1.53543666574195	1.49866647636395	1.0245352718286	0.305582519751191	NA
4799	0.204124145231932	-0.289902072294537	2.0984847144607	-0.138148288761322	0.890123222704436	NA
4800	0.204124145231932	-0.289902072294537	2.0984847144607	-0.138148288761322	0.890123222704436	NA
4801	0.557190263303588	0.93792212795813	2.1015277568334	0.446304896477504	0.655377019783103	NA
4802	0.557190263303588	0.93792212795813	2.1015277568334	0.446304896477504	0.655377019783103	NA
4803	0	NA	NA	NA	NA	NA
4804	0	NA	NA	NA	NA	NA
4805	0.232651214775525	-0.19316414502161	2.0980365678857	-0.0920690077467387	0.926643212073756	NA
4806	0.232651214775525	-0.19316414502161	2.0980365678857	-0.0920690077467387	0.926643212073756	NA
4807	0.640899505239388	-1.11512100132872	2.12268220907098	-0.525335821143369	0.599349759901581	NA
4808	0.640899505239388	-1.11512100132872	2.12268220907098	-0.525335821143369	0.599349759901581	NA
4809	43.3825905209432	-2.65088400373836	0.759504714902601	-3.49027985175617	0.000482514977577136	0.00372332236749441
4810	43.3825905209432	-2.65088400373836	0.759504714902601	-3.49027985175617	0.000482514977577136	0.00372332236749441
4811	0.102062072615966	0.0151395672302882	2.09688988419048	0.00722001061878979	0.99423931504784	NA
4812	0.102062072615966	0.0151395672302882	2.09688988419048	0.00722001061878979	0.99423931504784	NA
4813	0.538837432623422	-0.864822990680704	2.10272243892331	-0.411287279134916	0.680861896192882	NA
4814	0.538837432623422	-0.864822990680704	2.10272243892331	-0.411287279134916	0.680861896192882	NA
4815	0	NA	NA	NA	NA	NA
4816	0	NA	NA	NA	NA	NA
4817	0.436775360007456	-0.717854028375714	2.10172648415553	-0.341554447635058	0.732686223085295	NA
4818	0.436775360007456	-0.717854028375714	2.10172648415553	-0.341554447635058	0.732686223085295	NA
4819	0	NA	NA	NA	NA	NA
4820	0	NA	NA	NA	NA	NA
4821	2.53694291810894	-1.52384899924552	1.22172301016484	-1.24729499777524	0.212289350937384	0.316512344315588
4822	2.53694291810894	-1.52384899924552	1.22172301016484	-1.24729499777524	0.212289350937384	0.316512344315588
4823	1.55624300604635	0.0319495344115111	1.40493959289757	0.0227408598725713	0.981856982788707	0.987027124871367
4824	1.55624300604635	0.0319495344115111	1.40493959289757	0.0227408598725713	0.981856982788707	0.987027124871367
4825	0.562277382735302	0.0498330857396452	2.0951784918673	0.0237846493428024	0.981024384636588	NA
4826	0.562277382735302	0.0498330857396452	2.0951784918673	0.0237846493428024	0.981024384636588	NA
4827	3.43714874097246	-4.02616848145977	1.42442966874019	-2.8265126526188	0.00470578849621283	0.0201882652544371
4828	3.43714874097246	-4.02616848145977	1.42442966874019	-2.8265126526188	0.00470578849621283	0.0201882652544371
4829	13.7587466726906	-3.91057619339809	1.03036437706397	-3.79533326311349	0.000147445261214984	0.00148506018489912
4830	13.7587466726906	-3.91057619339809	1.03036437706397	-3.79533326311349	0.000147445261214984	0.00148506018489912
4831	8.67336594163023	-4.14209736906111	1.18995191683932	-3.48089474074136	0.000499741840149952	0.00378865654987328
4832	8.67336594163023	-4.14209736906111	1.18995191683932	-3.48089474074136	0.000499741840149952	0.00378865654987328
4833	15.2015563916302	-5.93215308305212	1.36607884921524	-4.34246755702273	1.40891295887854e-05	0.000258044126934739
4834	15.2015563916302	-5.93215308305212	1.36607884921524	-4.34246755702273	1.40891295887854e-05	0.000258044126934739
4835	6.0578009010172	-4.77122895086543	1.37936123320569	-3.45901337228168	0.000542157986945717	0.00406618490209288
4836	6.0578009010172	-4.77122895086543	1.37936123320569	-3.45901337228168	0.000542157986945717	0.00406618490209288
4837	6.95987869057571	-4.94334699263258	1.37331593824943	-3.59957010251689	0.000318743697820488	0.0027077296059177
4838	6.95987869057571	-4.94334699263258	1.37331593824943	-3.59957010251689	0.000318743697820488	0.0027077296059177
4839	1.64503936741386	-2.91315552298985	1.60081229262054	-1.81979832140157	0.0687897234663693	0.140187326443975
4840	1.64503936741386	-2.91315552298985	1.60081229262054	-1.81979832140157	0.0687897234663693	0.140187326443975
4841	1.77562850957342	-2.99229013863443	1.59194349637921	-1.87964594562573	0.0601563470394205	0.127154835211659
4842	1.77562850957342	-2.99229013863443	1.59194349637921	-1.87964594562573	0.0601563470394205	0.127154835211659
4843	10.1314144888023	-5.38942848683094	1.38571352508911	-3.88928042431018	0.000100541889006585	0.00112307429209483
4844	10.1314144888023	-5.38942848683094	1.38571352508911	-3.88928042431018	0.000100541889006585	0.00112307429209483
4845	0.538837432623422	-0.864822990680704	2.10272243892331	-0.411287279134916	0.680861896192882	NA
4846	0.538837432623422	-0.864822990680704	2.10272243892331	-0.411287279134916	0.680861896192882	NA
4847	1.17973693786281	-2.34927159821038	1.81186296654521	-1.29660556100988	0.194766938080339	NA
4848	1.17973693786281	-2.34927159821038	1.81186296654521	-1.29660556100988	0.194766938080339	NA
4849	0.538837432623422	-0.864822990680704	2.10272243892331	-0.411287279134916	0.680861896192882	NA
4850	0.538837432623422	-0.864822990680704	2.10272243892331	-0.411287279134916	0.680861896192882	NA
4851	0.995286279290065	0.375003792345609	1.90072254430212	0.19729538825631	0.843596388059507	NA
4852	0.995286279290065	0.375003792345609	1.90072254430212	0.19729538825631	0.843596388059507	NA
4853	1.11946764603889	0.777740889818454	1.67246886398355	0.465025631607875	0.641913101329133	NA
4854	1.11946764603889	0.777740889818454	1.67246886398355	0.465025631607875	0.641913101329133	NA
4855	0.873550720014913	-1.7477027830362	2.0124501450409	-0.86844525681439	0.3851506285872	NA
4856	0.873550720014913	-1.7477027830362	2.0124501450409	-0.86844525681439	0.3851506285872	NA
4857	13.7224099893818	0.810557865762405	0.618546907553015	1.31042263062795	0.190052901962158	0.295076872770053
4858	13.7224099893818	0.810557865762405	0.618546907553015	1.31042263062795	0.190052901962158	0.295076872770053
4859	0.669426574782981	-1.18312895308249	2.12141177000729	-0.557708300580618	0.577043588664145	NA
4860	0.669426574782981	-1.18312895308249	2.12141177000729	-0.557708300580618	0.577043588664145	NA
4861	2.25728812275795	2.06801608340659	1.36182379954629	1.51856362335244	0.128872373388026	0.221104562185339
4862	2.25728812275795	2.06801608340659	1.36182379954629	1.51856362335244	0.128872373388026	0.221104562185339
4863	0.891903550695079	0.313143053340604	1.82650082124636	0.171444244479958	0.863874467683476	NA
4864	0.891903550695079	0.313143053340604	1.82650082124636	0.171444244479958	0.863874467683476	NA
4865	1.42056674445507	0.715643383005435	1.77592410849995	0.402969574871028	0.686970606985787	NA
4866	1.42056674445507	0.715643383005435	1.77592410849995	0.402969574871028	0.686970606985787	NA
4867	0	NA	NA	NA	NA	NA
4868	0	NA	NA	NA	NA	NA
4869	4.56170350644307	-2.47183567052428	1.10243712521755	-2.2421556875967	0.0249513119398185	0.0676536540653567
4870	4.56170350644307	-2.47183567052428	1.10243712521755	-2.2421556875967	0.0249513119398185	0.0676536540653567
4871	4.67393981792246	-4.42307817323424	1.38837003563888	-3.18580642025948	0.00144351148969911	0.00839715825032722
4872	4.67393981792246	-4.42307817323424	1.38837003563888	-3.18580642025948	0.00144351148969911	0.00839715825032722
4873	9.39475953606868	-3.50483141665537	1.04970981331802	-3.33885743677767	0.000841237255118898	0.00563015144672034
4874	9.39475953606868	-3.50483141665537	1.04970981331802	-3.33885743677767	0.000841237255118898	0.00563015144672034
4875	1.57150436434149	-2.74615936339145	1.68774366171072	-1.6271187536903	0.103711878755661	0.189058112315006
4876	1.57150436434149	-2.74615936339145	1.68774366171072	-1.6271187536903	0.103711878755661	0.189058112315006
4877	2.25741180310965	-3.43362442902409	1.49491174021148	-2.29687434827312	0.0216259387076122	0.0614539530256911
4878	2.25741180310965	-3.43362442902409	1.49491174021148	-2.29687434827312	0.0216259387076122	0.0614539530256911
4879	2.51859008742877	-3.5578691160862	1.46284612277793	-2.43215541312701	0.015009265600977	0.046284078945744
4880	2.51859008742877	-3.5578691160862	1.46284612277793	-2.43215541312701	0.015009265600977	0.046284078945744
4881	3.59626495267562	-4.06545986902364	1.40867064411306	-2.88602583294648	0.00390140132976497	0.0177528554550519
4882	3.59626495267562	-4.06545986902364	1.40867064411306	-2.88602583294648	0.00390140132976497	0.0177528554550519
4883	16.2367409549546	-2.64224182892949	0.786454336694084	-3.35968880283163	0.000780303135168599	0.00530303101570892
4884	16.2367409549546	-2.64224182892949	0.786454336694084	-3.35968880283163	0.000780303135168599	0.00530303101570892
4885	6.09582721835655	-2.16266757852689	0.950355703181894	-2.2756401327272	0.022867557236285	0.0639625780472805
4886	6.09582721835655	-2.16266757852689	0.950355703181894	-2.2756401327272	0.022867557236285	0.0639625780472805
4887	3.51255571073982	-2.04507685403487	1.13993629361346	-1.7940273202042	0.0728088083066077	0.145825939383764
4888	3.51255571073982	-2.04507685403487	1.13993629361346	-1.7940273202042	0.0728088083066077	0.145825939383764
4889	8.97379004897874	-1.58521018036517	0.822486907969746	-1.92733788830531	0.0539375347247183	0.119853737674905
4890	8.97379004897874	-1.58521018036517	0.822486907969746	-1.92733788830531	0.0539375347247183	0.119853737674905
4891	3.66471283631628	-2.95690084978532	1.2613896864134	-2.34416127041033	0.019069923699501	0.0559704259524137
4892	3.66471283631628	-2.95690084978532	1.2613896864134	-2.34416127041033	0.019069923699501	0.0559704259524137
4893	3.07710100671138	-2.30699834074477	1.31472643764733	-1.75473640347043	0.0793044061724932	0.155716926565905
4894	3.07710100671138	-2.30699834074477	1.31472643764733	-1.75473640347043	0.0793044061724932	0.155716926565905
4895	0	NA	NA	NA	NA	NA
4896	0	NA	NA	NA	NA	NA
4897	3.24629030698899	-1.38535663526019	1.10551040792083	-1.25313757820305	0.210155642282648	0.313999892418044
4898	3.24629030698899	-1.38535663526019	1.10551040792083	-1.25313757820305	0.210155642282648	0.313999892418044
4899	1.53280305593447	-0.731862459738575	1.44334620843763	-0.507059536693411	0.612113045082671	0.695394857816397
4900	1.53280305593447	-0.731862459738575	1.44334620843763	-0.507059536693411	0.612113045082671	0.695394857816397
4901	0.334713287391491	-0.530109587478167	2.10015201911518	-0.252414864568474	0.800720411785564	NA
4902	0.334713287391491	-0.530109587478167	2.10015201911518	-0.252414864568474	0.800720411785564	NA
4903	1.38386108309474	-2.63355658605488	1.72503259363098	-1.52667062395127	0.126842935677298	NA
4904	1.38386108309474	-2.63355658605488	1.72503259363098	-1.52667062395127	0.126842935677298	NA
4905	3.29825732664446	-0.887090632615905	1.03208010070874	-0.85951723321352	0.390055216415369	0.496734963294285
4906	3.29825732664446	-0.887090632615905	1.03208010070874	-0.85951723321352	0.390055216415369	0.496734963294285
4907	2.91853610572419	-0.607844258749524	1.14659474059822	-0.530129990333279	0.596021806989309	0.686021263183091
4908	2.91853610572419	-0.607844258749524	1.14659474059822	-0.530129990333279	0.596021806989309	0.686021263183091
4909	5.04787639828062	0.867931156371891	0.893761297756531	0.971099507833381	0.331498728877919	0.438518003555042
4910	5.04787639828062	0.867931156371891	0.893761297756531	0.971099507833381	0.331498728877919	0.438518003555042
4911	6.69802541518892	-1.59171817783038	0.87735670274673	-1.81422011463207	0.069643844593162	0.141169955256409
4912	6.69802541518892	-1.59171817783038	0.87735670274673	-1.81422011463207	0.069643844593162	0.141169955256409
4913	5.20769013111417	-3.44057920068397	1.2160790039197	-2.82923986812879	0.00466587138231505	0.0200991382622802
4914	5.20769013111417	-3.44057920068397	1.2160790039197	-2.82923986812879	0.00466587138231505	0.0200991382622802
4915	0.102062072615966	0.0151395672302882	2.09688988419048	0.00722001061878979	0.99423931504784	NA
4916	0.102062072615966	0.0151395672302882	2.09688988419048	0.00722001061878979	0.99423931504784	NA
4917	0.329626167959777	0.605654192809648	2.0991405715485	0.288524837744843	0.772945020734111	NA
4918	0.329626167959777	0.605654192809648	2.0991405715485	0.288524837744843	0.772945020734111	NA
4919	0	NA	NA	NA	NA	NA
4920	0	NA	NA	NA	NA	NA
4921	0	NA	NA	NA	NA	NA
4922	0	NA	NA	NA	NA	NA
4923	0	NA	NA	NA	NA	NA
4924	0	NA	NA	NA	NA	NA
4925	0.557190263303588	0.93792212795813	2.1015277568334	0.446304896477504	0.655377019783103	NA
4926	0.557190263303588	0.93792212795813	2.1015277568334	0.446304896477504	0.655377019783103	NA
4927	0.436775360007456	-0.717854028375714	2.10172648415553	-0.341554447635058	0.732686223085295	NA
4928	0.436775360007456	-0.717854028375714	2.10172648415553	-0.341554447635058	0.732686223085295	NA
4929	4.84632174087407	-1.96371075515719	1.00549734037619	-1.95297458909488	0.0508226062972338	0.11476072389698
4930	4.84632174087407	-1.96371075515719	1.00549734037619	-1.95297458909488	0.0508226062972338	0.11476072389698
4931	9.03339114582858	-2.53141365620151	0.919581044234287	-2.75279016686273	0.00590897560766877	0.0236705735189472
4932	9.03339114582858	-2.53141365620151	0.919581044234287	-2.75279016686273	0.00590897560766877	0.0236705735189472
4933	3.29825732664446	-0.887090632615905	1.03208010070874	-0.85951723321352	0.390055216415369	0.496734963294285
4934	3.29825732664446	-0.887090632615905	1.03208010070874	-0.85951723321352	0.390055216415369	0.496734963294285
4935	0.660572991898574	1.16277842171323	2.09495177282485	0.555038276678481	0.578868479644751	NA
4936	0.660572991898574	1.16277842171323	2.09495177282485	0.555038276678481	0.578868479644751	NA
4937	5.09011933949964	2.84665881885674	1.30732337513539	2.17747106262972	0.0294454385999018	0.0759648907368475
4938	5.09011933949964	2.84665881885674	1.30732337513539	2.17747106262972	0.0294454385999018	0.0759648907368475
4939	2.9667591919897	-2.64900033422743	1.35863392145379	-1.94975283069106	0.0512055861083075	0.115253730790403
4940	2.9667591919897	-2.64900033422743	1.35863392145379	-1.94975283069106	0.0512055861083075	0.115253730790403
4941	1.09602769592701	-0.138916182369174	1.6813768286884	-0.0826204929192103	0.934153305990921	NA
4942	1.09602769592701	-0.138916182369174	1.6813768286884	-0.0826204929192103	0.934153305990921	NA
4943	1.97466553537364	-1.99665695643976	1.38482506126311	-1.44181168603245	0.149355505274293	0.247257832933398
4944	1.97466553537364	-1.99665695643976	1.38482506126311	-1.44181168603245	0.149355505274293	0.247257832933398
4945	10.6265353177196	-1.1306709163999	0.829775372042099	-1.36262289108109	0.173001390684227	0.276696816783607
4946	10.6265353177196	-1.1306709163999	0.829775372042099	-1.36262289108109	0.173001390684227	0.276696816783607
4947	6.01144298535309	0.117442697851061	0.810076802764589	0.14497723851647	0.884728842938208	0.912315526722434
4948	6.01144298535309	0.117442697851061	0.810076802764589	0.14497723851647	0.884728842938208	0.912315526722434
4949	1.17973693786281	-2.34927159821038	1.81186296654521	-1.29660556100988	0.194766938080339	NA
4950	1.17973693786281	-2.34927159821038	1.81186296654521	-1.29660556100988	0.194766938080339	NA
4951	2.6301514078405	-0.525027707339414	1.10392675151803	-0.475600130730993	0.634359282238074	0.71486691317411
4952	2.6301514078405	-0.525027707339414	1.10392675151803	-0.475600130730993	0.634359282238074	0.71486691317411
4953	2.18452246494863	1.47236143347245	1.35949859894395	1.08301798517201	0.278800440138256	0.38683906461205
4954	2.18452246494863	1.47236143347245	1.35949859894395	1.08301798517201	0.278800440138256	0.38683906461205
4955	0	NA	NA	NA	NA	NA
4956	0	NA	NA	NA	NA	NA
4957	0.46530242955105	-0.73806087475055	2.10187461749905	-0.351144101844069	0.725480243379624	NA
4958	0.46530242955105	-0.73806087475055	2.10187461749905	-0.351144101844069	0.725480243379624	NA
4959	0.204124145231932	-0.289902072294537	2.0984847144607	-0.138148288761322	0.890123222704436	NA
4960	0.204124145231932	-0.289902072294537	2.0984847144607	-0.138148288761322	0.890123222704436	NA
4961	14.478268300434	-4.68164221501986	1.19052877563341	-3.93240576022956	8.40999535779897e-05	0.000965081434501521
4962	14.478268300434	-4.68164221501986	1.19052877563341	-3.93240576022956	8.40999535779897e-05	0.000965081434501521
4963	10.7767486524684	-5.50322919081275	1.37691909675331	-3.99677018336737	6.42125847684701e-05	0.000766172886441973
4964	10.7767486524684	-5.50322919081275	1.37691909675331	-3.99677018336737	6.42125847684701e-05	0.000766172886441973
4965	4.05139314336324	-2.26954072651714	1.11492514783005	-2.03559918881934	0.0417906193246386	0.0988415011040072
4966	4.05139314336324	-2.26954072651714	1.11492514783005	-2.03559918881934	0.0417906193246386	0.0988415011040072
4967	6.51866187604789	-1.32693406667429	0.856863465183089	-1.54859452012084	0.121479224078507	0.212234917275261
4968	6.51866187604789	-1.32693406667429	0.856863465183089	-1.54859452012084	0.121479224078507	0.212234917275261
4969	14.1758485460388	-4.79303081665892	1.1821714966356	-4.05442935335494	5.02568355892117e-05	0.000656765932516438
4970	14.1758485460388	-4.79303081665892	1.1821714966356	-4.05442935335494	5.02568355892117e-05	0.000656765932516438
4971	5.79662261669809	-4.71429833997581	1.39268875181371	-3.38503368669872	0.000711695197416854	0.0049001964412308
4972	5.79662261669809	-4.71429833997581	1.39268875181371	-3.38503368669872	0.000711695197416854	0.0049001964412308
4973	11.2705781515631	-5.56229525679142	1.36930590572347	-4.0621275593291	4.86274916846014e-05	0.000641413218227113
4974	11.2705781515631	-5.56229525679142	1.36930590572347	-4.0621275593291	4.86274916846014e-05	0.000641413218227113
4975	14.7933081011663	-5.89748473581432	1.36579617451846	-4.31798305328656	1.57461517096316e-05	0.000259999878920477
4976	14.7933081011663	-5.89748473581432	1.36579617451846	-4.31798305328656	1.57461517096316e-05	0.000259999878920477
4977	3.98294525972258	-3.00164948228934	1.26093870634747	-2.38048801831467	0.0172897232999039	0.0522047720054612
4978	3.98294525972258	-3.00164948228934	1.26093870634747	-2.38048801831467	0.0172897232999039	0.0522047720054612
4979	0.334713287391491	-0.530109587478167	2.10015201911518	-0.252414864568474	0.800720411785564	NA
4980	0.334713287391491	-0.530109587478167	2.10015201911518	-0.252414864568474	0.800720411785564	NA
4981	1.5144502252543	-2.80093626769599	1.64135414778898	-1.70647892867548	0.0879189462214691	NA
4982	1.5144502252543	-2.80093626769599	1.64135414778898	-1.70647892867548	0.0879189462214691	NA
4983	0	NA	NA	NA	NA	NA
4984	0	NA	NA	NA	NA	NA
4985	0	NA	NA	NA	NA	NA
4986	0	NA	NA	NA	NA	NA
4987	0	NA	NA	NA	NA	NA
4988	0	NA	NA	NA	NA	NA
4989	0	NA	NA	NA	NA	NA
4990	0	NA	NA	NA	NA	NA
4991	0.687779405463147	0.672071389472816	2.12285694374022	0.316588167400817	0.751556115341702	NA
4992	0.687779405463147	0.672071389472816	2.12285694374022	0.316588167400817	0.751556115341702	NA
4993	12.5320061542523	-1.92198336344994	0.756777117795726	-2.5396953980957	0.0110949050272313	0.0371952316161027
4994	12.5320061542523	-1.92198336344994	0.756777117795726	-2.5396953980957	0.0110949050272313	0.0371952316161027
4995	1.07767486524684	-2.17633120654209	1.87040749752695	-1.16355992446546	0.244602400160686	NA
4996	1.07767486524684	-2.17633120654209	1.87040749752695	-1.16355992446546	0.244602400160686	NA
4997	5.83771787635973	0.84873270178298	0.869134801058345	0.976525966684889	0.328803886444715	0.436273292557521
4998	5.83771787635973	0.84873270178298	0.869134801058345	0.976525966684889	0.328803886444715	0.436273292557521
4999	1.84916351264579	-3.1177062539302	1.54693490948058	-2.01540881573165	0.0438618314944315	0.101722635161023
5000	1.84916351264579	-3.1177062539302	1.54693490948058	-2.01540881573165	0.0438618314944315	0.101722635161023
5001	0.408248290463863	-0.698123216799561	2.10157813569984	-0.332189988533108	0.739745802941649	NA
5002	0.408248290463863	-0.698123216799561	2.10157813569984	-0.332189988533108	0.739745802941649	NA
5003	0.873550720014913	-1.7477027830362	2.0124501450409	-0.86844525681439	0.3851506285872	NA
5004	0.873550720014913	-1.7477027830362	2.0124501450409	-0.86844525681439	0.3851506285872	NA
5005	2.28085175322153	-2.24537145564305	1.34262061346628	-1.67237969767655	0.094449472937642	0.176149105833968
5006	2.28085175322153	-2.24537145564305	1.34262061346628	-1.67237969767655	0.094449472937642	0.176149105833968
5007	2.9451912085728	-1.79659464771675	1.17686049654988	-1.52659950179627	0.126860630997896	0.219589356459916
5008	2.9451912085728	-1.79659464771675	1.17686049654988	-1.52659950179627	0.126860630997896	0.219589356459916
5009	1.24496966876674	1.46477735902759	1.67231068006482	0.875900259735716	0.381084258328908	NA
5010	1.24496966876674	1.46477735902759	1.67231068006482	0.875900259735716	0.381084258328908	NA
5011	16.6544591670579	-0.634164966234146	0.640311316918239	-0.990400996325233	0.321978158661011	0.430534309575373
5012	16.6544591670579	-0.634164966234146	0.640311316918239	-0.990400996325233	0.321978158661011	0.430534309575373
5013	15.0981443368789	-1.81474627984386	0.720033980071145	-2.5203619968943	0.0117234198846811	0.0387703649729613
5014	15.0981443368789	-1.81474627984386	0.720033980071145	-2.5203619968943	0.0117234198846811	0.0387703649729613
5015	0.227564095343811	1.16277842171323	2.09495177282485	0.555038276678481	0.578868479644751	NA
5016	0.227564095343811	1.16277842171323	2.09495177282485	0.555038276678481	0.578868479644751	NA
5017	1.92269851571816	-3.18731772837797	1.55830645712997	-2.04537285576564	0.0408181129434494	0.0973515470542234
5018	1.92269851571816	-3.18731772837797	1.55830645712997	-2.04537285576564	0.0408181129434494	0.0973515470542234
5019	4.69790175259398	2.16368279112332	0.905612681006889	2.38919224134281	0.0168854642784728	0.0516149563097421
5020	4.69790175259398	2.16368279112332	0.905612681006889	2.38919224134281	0.0168854642784728	0.0516149563097421
5021	3.63429127001497	-1.17979457768551	1.02274413925767	-1.15355789625138	0.248681468415613	0.35574324500871
5022	3.63429127001497	-1.17979457768551	1.02274413925767	-1.15355789625138	0.248681468415613	0.35574324500871
5023	1.78004063793746	1.47391084769373	1.31405239745435	1.12165302582231	0.26200999647595	0.370269846971396
5024	1.78004063793746	1.47391084769373	1.31405239745435	1.12165302582231	0.26200999647595	0.370269846971396
5025	34.4105251635327	2.47533222913931	1.95985808730796	1.2630160546672	0.20658341005357	0.311544101337521
5026	34.4105251635327	2.47533222913931	1.95985808730796	1.2630160546672	0.20658341005357	0.311544101337521
5027	34.4105251635327	2.47533222913931	1.95985808730796	1.2630160546672	0.20658341005357	0.311544101337521
5028	3.31661015732462	-0.128140157826409	1.0282923714639	-0.124614517604547	0.900828734604403	0.927096467860449
5029	3.31661015732462	-0.128140157826409	1.0282923714639	-0.124614517604547	0.900828734604403	0.927096467860449
5030	0.873550720014913	-1.7477027830362	2.0124501450409	-0.86844525681439	0.3851506285872	NA
5031	0.873550720014913	-1.7477027830362	2.0124501450409	-0.86844525681439	0.3851506285872	NA
5032	0.538837432623422	-0.864822990680704	2.10272243892331	-0.411287279134916	0.680861896192882	NA
5033	0.538837432623422	-0.864822990680704	2.10272243892331	-0.411287279134916	0.680861896192882	NA
5034	0.431688240575743	0.300911269897379	2.10125340962322	0.143205606957866	0.886127801753767	NA
5035	0.431688240575743	0.300911269897379	2.10125340962322	0.143205606957866	0.886127801753767	NA
5036	3.41346143015717	2.29087973248367	2.11104513912104	1.08518746948136	0.277838632863158	0.38683906461205
5037	3.41346143015717	2.29087973248367	2.11104513912104	1.08518746948136	0.277838632863158	0.38683906461205
5038	2.36067085135293	2.60212902145043	1.27521931302377	2.04053451424	0.041297117037472	0.0980480990609596
5039	2.36067085135293	2.60212902145043	1.27521931302377	2.04053451424	0.041297117037472	0.0980480990609596
5040	0	NA	NA	NA	NA	NA
5041	0	NA	NA	NA	NA	NA
5042	2.58823494669674	2.76992756380409	1.2532290680615	2.21023245821182	0.0270890333998737	0.0716912037047697
5043	2.58823494669674	2.76992756380409	1.2532290680615	2.21023245821182	0.0270890333998737	0.0716912037047697
5044	5.88340080095618	-0.691978924790359	0.827724254623465	-0.836001749284419	0.403153918961629	0.508940925650389
5045	5.88340080095618	-0.691978924790359	0.827724254623465	-0.836001749284419	0.403153918961629	0.508940925650389
5046	2.30429170333341	-1.39055169075375	1.24785671880921	-1.11435204843126	0.265128186129943	0.371954169086525
5047	2.30429170333341	-1.39055169075375	1.24785671880921	-1.11435204843126	0.265128186129943	0.371954169086525
5048	0.538837432623422	-0.864822990680704	2.10272243892331	-0.411287279134916	0.680861896192882	NA
5049	0.538837432623422	-0.864822990680704	2.10272243892331	-0.411287279134916	0.680861896192882	NA
5050	5.93025137502362	4.80543816692333	1.24642414227748	3.85537956457005	0.000115550206441047	0.00123154759446145
5051	5.93025137502362	4.80543816692333	1.24642414227748	3.85537956457005	0.000115550206441047	0.00123154759446145
5052	1.31850467183911	0.93804198418733	1.80739814263705	0.519001299192826	0.603759835262584	NA
5053	1.31850467183911	0.93804198418733	1.80739814263705	0.519001299192826	0.603759835262584	NA
5054	1.22152971865486	0.527708115601999	1.59723635534651	0.330388244567296	0.741106622797517	NA
5055	1.22152971865486	0.527708115601999	1.59723635534651	0.330388244567296	0.741106622797517	NA
5056	6.34358678491919	2.66880000842298	0.860326366265448	3.10207859839035	0.00192166928770204	0.0103740501392655
5057	6.34358678491919	2.66880000842298	0.860326366265448	3.10207859839035	0.00192166928770204	0.0103740501392655
5058	2.4589664605162	4.5934113301717	1.52876385670479	3.00465720066975	0.00265880323177535	0.0133576238916943
5059	2.4589664605162	4.5934113301717	1.52876385670479	3.00465720066975	0.00265880323177535	0.0133576238916943
5060	8.02480982913374	-0.740918119207355	0.722422494137641	-1.02560222753279	0.305079117066873	0.413066502798474
5061	8.02480982913374	-0.740918119207355	0.722422494137641	-1.02560222753279	0.305079117066873	0.413066502798474
5062	1.76545427070999	-0.939535558226187	1.36344605837552	-0.689088910012032	0.49076731846974	0.589575830014281
5063	1.76545427070999	-0.939535558226187	1.36344605837552	-0.689088910012032	0.49076731846974	0.589575830014281
5064	314.79686948679	2.75568247387741	1.8446498102954	1.49387838195485	0.135207409755904	0.228703633094964
5065	314.79686948679	2.75568247387741	1.8446498102954	1.49387838195485	0.135207409755904	0.228703633094964
5066	314.79686948679	2.75568247387741	1.8446498102954	1.49387838195485	0.135207409755904	0.228703633094964
5067	340.451612859583	2.36909494901866	1.98748631820714	1.19200566429849	0.2332590242725	0.339871370793662
5068	340.451612859583	2.36909494901866	1.98748631820714	1.19200566429849	0.2332590242725	0.339871370793662
5069	340.451612859583	2.36909494901866	1.98748631820714	1.19200566429849	0.2332590242725	0.339871370793662
5070	3.03827601795265	3.94062416364552	1.38651201929672	2.84211323724716	0.00448155706298878	0.0195052224503139
5071	3.03827601795265	3.94062416364552	1.38651201929672	2.84211323724716	0.00448155706298878	0.0195052224503139
5072	0.102062072615966	0.0151395672302882	2.09688988419048	0.00722001061878979	0.99423931504784	NA
5073	0.102062072615966	0.0151395672302882	2.09688988419048	0.00722001061878979	0.99423931504784	NA
5074	5.0466794226533	-1.80983017890252	0.969001520903766	-1.86772687127935	0.0618001511467368	0.129676949353378
5075	5.0466794226533	-1.80983017890252	0.969001520903766	-1.86772687127935	0.0618001511467368	0.129676949353378
5076	232.010227411326	3.00207005329679	1.69315196150993	1.77306592765576	0.0762177830730216	0.151282934265922
5077	232.010227411326	3.00207005329679	1.69315196150993	1.77306592765576	0.0762177830730216	0.151282934265922
5078	232.010227411326	3.00207005329679	1.69315196150993	1.77306592765576	0.0762177830730216	0.151282934265922
5079	98.6854818534426	2.7187893883086	1.71193282558995	1.58814022820766	0.112254633423788	0.199859881466685
5080	98.6854818534426	2.7187893883086	1.71193282558995	1.58814022820766	0.112254633423788	0.199859881466685
5081	98.6854818534426	2.7187893883086	1.71193282558995	1.58814022820766	0.112254633423788	0.199859881466685
5082	97.1177439525538	2.53513380211256	1.9316516700724	1.31241767933115	0.189379244950271	0.295027013646565
5083	97.1177439525538	2.53513380211256	1.9316516700724	1.31241767933115	0.189379244950271	0.295027013646565
5084	97.1177439525538	2.53513380211256	1.9316516700724	1.31241767933115	0.189379244950271	0.295027013646565
5085	55.1556871815316	2.82910607949165	1.86691212037579	1.5153932788878	0.129672838466315	0.22220559835109
5086	55.1556871815316	2.82910607949165	1.86691212037579	1.5153932788878	0.129672838466315	0.22220559835109
5087	55.1556871815316	2.82910607949165	1.86691212037579	1.5153932788878	0.129672838466315	0.22220559835109
5088	0.227564095343811	1.16277842171323	2.09495177282485	0.555038276678481	0.578868479644751	NA
5089	0.227564095343811	1.16277842171323	2.09495177282485	0.555038276678481	0.578868479644751	NA
5090	0	NA	NA	NA	NA	NA
5091	0	NA	NA	NA	NA	NA
5092	0	NA	NA	NA	NA	NA
5093	0	NA	NA	NA	NA	NA
5094	0	NA	NA	NA	NA	NA
5095	0	NA	NA	NA	NA	NA
5096	0.460215310119336	0.276912429550551	2.10151614532912	0.131767928676648	0.895167854523936	NA
5097	0.460215310119336	0.276912429550551	2.10151614532912	0.131767928676648	0.895167854523936	NA
5098	0.659252335919554	0.693501941428492	2.12273943425933	0.326701398313859	0.743893742536631	NA
5099	0.659252335919554	0.693501941428492	2.12273943425933	0.326701398313859	0.743893742536631	NA
5100	1.02249269285464	0.0957971624594194	1.79692756663029	0.0533116438516574	0.957483602943988	NA
5101	1.02249269285464	0.0957971624594194	1.79692756663029	0.0533116438516574	0.957483602943988	NA
5102	0.436775360007456	-0.717854028375714	2.10172648415553	-0.341554447635058	0.732686223085295	NA
5103	0.436775360007456	-0.717854028375714	2.10172648415553	-0.341554447635058	0.732686223085295	NA
5104	2.61179857716033	-2.03856871035427	1.34982066462447	-1.51025151990944	0.13097925706011	0.223260097261551
5105	2.61179857716033	-2.03856871035427	1.34982066462447	-1.51025151990944	0.13097925706011	0.223260097261551
5106	18.4617780426926	0.401358369599424	0.639260017802165	0.627848384729788	0.53010326629328	0.62628233992455
5107	18.4617780426926	0.401358369599424	0.639260017802165	0.627848384729788	0.53010326629328	0.62628233992455
5108	0.538837432623422	-0.864822990680704	2.10272243892331	-0.411287279134916	0.680861896192882	NA
5109	0.538837432623422	-0.864822990680704	2.10272243892331	-0.411287279134916	0.680861896192882	NA
5110	16.8459207679764	-3.07322253632645	0.821709301165509	-3.74003620497834	0.000183993751022657	0.00173892246081474
5111	16.8459207679764	-3.07322253632645	0.821709301165509	-3.74003620497834	0.000183993751022657	0.00173892246081474
5112	4.7442596682581	-1.92564502482944	1.01263565019572	-1.90161685938792	0.0572212622152381	0.123887626286657
5113	4.7442596682581	-1.92564502482944	1.01263565019572	-1.90161685938792	0.0572212622152381	0.123887626286657
5114	21.932498474664	-1.96825448472198	0.678807438797413	-2.89957707035293	0.00373666469445807	0.0171519035155453
5115	21.932498474664	-1.96825448472198	0.678807438797413	-2.89957707035293	0.00373666469445807	0.0171519035155453
5116	16.0553524426106	-0.260868856820931	0.612179971276284	-0.426130989351166	0.670012400187803	0.746829108489589
5117	16.0553524426106	-0.260868856820931	0.612179971276284	-0.426130989351166	0.670012400187803	0.746829108489589
5118	0.102062072615966	0.0151395672302882	2.09688988419048	0.00722001061878979	0.99423931504784	NA
5119	0.102062072615966	0.0151395672302882	2.09688988419048	0.00722001061878979	0.99423931504784	NA
5120	0.669426574782981	-1.18312895308249	2.12141177000729	-0.557708300580618	0.577043588664145	NA
5121	0.669426574782981	-1.18312895308249	2.12141177000729	-0.557708300580618	0.577043588664145	NA
5122	0.436775360007456	-0.717854028375714	2.10172648415553	-0.341554447635058	0.732686223085295	NA
5123	0.436775360007456	-0.717854028375714	2.10172648415553	-0.341554447635058	0.732686223085295	NA
5124	0	NA	NA	NA	NA	NA
5125	0	NA	NA	NA	NA	NA
5126	0	NA	NA	NA	NA	NA
5127	0	NA	NA	NA	NA	NA
5128	0.664339455351268	-0.218000059103391	2.01088723535044	-0.108409887571543	0.913670558214857	NA
5129	0.664339455351268	-0.218000059103391	2.01088723535044	-0.108409887571543	0.913670558214857	NA
5130	2.51859008742877	-3.5578691160862	1.46284612277793	-2.43215541312701	0.015009265600977	0.046284078945744
5131	2.51859008742877	-3.5578691160862	1.46284612277793	-2.43215541312701	0.015009265600977	0.046284078945744
5132	7.36303986160786	-3.92112087340134	1.19750992186986	-3.2743953112962	0.0010588836616559	0.00666843262713164
5133	7.36303986160786	-3.92112087340134	1.19750992186986	-3.2743953112962	0.0010588836616559	0.00666843262713164
5134	5.79153549726637	-3.59741063225807	1.23159734384989	-2.92093081413508	0.00348987318022286	0.0164765176978431
5135	5.79153549726637	-3.59741063225807	1.23159734384989	-2.92093081413508	0.00348987318022286	0.0164765176978431
5136	4.51482360621931	-4.39016017291683	1.40090365622119	-3.13380592121438	0.00172554943885619	0.00951090241889241
5137	4.51482360621931	-4.39016017291683	1.40090365622119	-3.13380592121438	0.00172554943885619	0.00951090241889241
5138	7.10694869672045	-4.97772763955748	1.38177066165197	-3.60242678304256	0.000315260212231914	0.0027077296059177
5139	7.10694869672045	-4.97772763955748	1.38177066165197	-3.60242678304256	0.000315260212231914	0.0027077296059177
5140	5.99560778627925	2.02631036872498	0.817459908316972	2.47878868200014	0.0131829383432038	0.0420732074783099
5141	5.99560778627925	2.02631036872498	0.817459908316972	2.47878868200014	0.0131829383432038	0.0420732074783099
5142	1.10111481535872	-1.0550769181078	1.67162404110264	-0.631168786859426	0.527930168423654	NA
5143	1.10111481535872	-1.0550769181078	1.67162404110264	-0.631168786859426	0.527930168423654	NA
5144	0.102062072615966	0.0151395672302882	2.09688988419048	0.00722001061878979	0.99423931504784	NA
5145	0.102062072615966	0.0151395672302882	2.09688988419048	0.00722001061878979	0.99423931504784	NA
5146	0.664339455351268	-0.218000059103391	2.01088723535044	-0.108409887571543	0.913670558214857	NA
5147	0.664339455351268	-0.218000059103391	2.01088723535044	-0.108409887571543	0.913670558214857	NA
5148	1.35720598024613	-0.423986014686419	1.59323924764633	-0.266115723242927	0.790150086083277	NA
5149	1.35720598024613	-0.423986014686419	1.59323924764633	-0.266115723242927	0.790150086083277	NA
5150	0.664339455351268	-0.218000059103391	2.01088723535044	-0.108409887571543	0.913670558214857	NA
5151	0.664339455351268	-0.218000059103391	2.01088723535044	-0.108409887571543	0.913670558214857	NA
5152	0.204124145231932	-0.289902072294537	2.0984847144607	-0.138148288761322	0.890123222704436	NA
5153	0.204124145231932	-0.289902072294537	2.0984847144607	-0.138148288761322	0.890123222704436	NA
5154	0.557190263303588	0.93792212795813	2.1015277568334	0.446304896477504	0.655377019783103	NA
5155	0.557190263303588	0.93792212795813	2.1015277568334	0.446304896477504	0.655377019783103	NA
5156	0.557190263303588	0.93792212795813	2.1015277568334	0.446304896477504	0.655377019783103	NA
5157	0.557190263303588	0.93792212795813	2.1015277568334	0.446304896477504	0.655377019783103	NA
5158	0.669426574782981	-1.18312895308249	2.12141177000729	-0.557708300580618	0.577043588664145	NA
5159	0.669426574782981	-1.18312895308249	2.12141177000729	-0.557708300580618	0.577043588664145	NA
5160	0.102062072615966	0.0151395672302882	2.09688988419048	0.00722001061878979	0.99423931504784	NA
5161	0.102062072615966	0.0151395672302882	2.09688988419048	0.00722001061878979	0.99423931504784	NA
5162	0.687779405463147	0.672071389472816	2.12285694374022	0.316588167400817	0.751556115341702	NA
5163	0.687779405463147	0.672071389472816	2.12285694374022	0.316588167400817	0.751556115341702	NA
5164	0.102062072615966	0.0151395672302882	2.09688988419048	0.00722001061878979	0.99423931504784	NA
5165	0.102062072615966	0.0151395672302882	2.09688988419048	0.00722001061878979	0.99423931504784	NA
5166	0.102062072615966	0.0151395672302882	2.09688988419048	0.00722001061878979	0.99423931504784	NA
5167	0.102062072615966	0.0151395672302882	2.09688988419048	0.00722001061878979	0.99423931504784	NA
5168	0.102062072615966	0.0151395672302882	2.09688988419048	0.00722001061878979	0.99423931504784	NA
5169	0.102062072615966	0.0151395672302882	2.09688988419048	0.00722001061878979	0.99423931504784	NA
5170	1.11946764603889	0.777740889818454	1.67246886398355	0.465025631607875	0.641913101329133	NA
5171	1.11946764603889	0.777740889818454	1.67246886398355	0.465025631607875	0.641913101329133	NA
5172	0	NA	NA	NA	NA	NA
5173	0	NA	NA	NA	NA	NA
5174	0	NA	NA	NA	NA	NA
5175	0	NA	NA	NA	NA	NA
5176	0	NA	NA	NA	NA	NA
5177	0	NA	NA	NA	NA	NA
5178	0	NA	NA	NA	NA	NA
5179	0	NA	NA	NA	NA	NA
5180	0	NA	NA	NA	NA	NA
5181	0	NA	NA	NA	NA	NA
5182	0	NA	NA	NA	NA	NA
5183	0	NA	NA	NA	NA	NA
5184	0	NA	NA	NA	NA	NA
5185	0	NA	NA	NA	NA	NA
5186	0	NA	NA	NA	NA	NA
5187	0	NA	NA	NA	NA	NA
5188	0	NA	NA	NA	NA	NA
5189	0	NA	NA	NA	NA	NA
5190	0	NA	NA	NA	NA	NA
5191	0	NA	NA	NA	NA	NA
5192	1.32491244724984	0.684024810549991	1.5433774199666	0.443199959841833	0.657621107938731	NA
5193	1.32491244724984	0.684024810549991	1.5433774199666	0.443199959841833	0.657621107938731	NA
5194	4.52751547668907	-0.82819145652544	0.959785353390064	-0.862892368173967	0.38819664714514	0.495570187844859
5195	4.52751547668907	-0.82819145652544	0.959785353390064	-0.862892368173967	0.38819664714514	0.495570187844859
5196	4.41659982118869	0.0241813403839465	0.98721369164672	0.0244945350622223	0.980458142797248	0.987027124871367
5197	4.41659982118869	0.0241813403839465	0.98721369164672	0.0244945350622223	0.980458142797248	0.987027124871367
5198	5.75722378716066	0.565161916013215	0.766146720397653	0.737667996176866	0.460716224616421	0.564165406547234
5199	5.75722378716066	0.565161916013215	0.766146720397653	0.737667996176866	0.460716224616421	0.564165406547234
5200	1.64503936741386	-2.91315552298985	1.60081229262054	-1.81979832140157	0.0687897234663693	0.140187326443975
5201	1.64503936741386	-2.91315552298985	1.60081229262054	-1.81979832140157	0.0687897234663693	0.140187326443975
5202	0.329626167959777	0.605654192809648	2.0991405715485	0.288524837744843	0.772945020734111	NA
5203	0.329626167959777	0.605654192809648	2.0991405715485	0.288524837744843	0.772945020734111	NA
5204	0.975612792630879	-1.97724141485751	1.93871554125265	-1.01987185473325	0.307789239391845	NA
5205	0.975612792630879	-1.97724141485751	1.93871554125265	-1.01987185473325	0.307789239391845	NA
5206	2.68211842749597	0.115844887195963	1.10239743906162	0.105084503184779	0.916308755882749	0.939345075593738
5207	2.68211842749597	0.115844887195963	1.10239743906162	0.105084503184779	0.916308755882749	0.939345075593738
5208	0.227564095343811	1.16277842171323	2.09495177282485	0.555038276678481	0.578868479644751	NA
5209	0.227564095343811	1.16277842171323	2.09495177282485	0.555038276678481	0.578868479644751	NA
5210	0.227564095343811	1.16277842171323	2.09495177282485	0.555038276678481	0.578868479644751	NA
5211	0.227564095343811	1.16277842171323	2.09495177282485	0.555038276678481	0.578868479644751	NA
5212	0.436775360007456	-0.717854028375714	2.10172648415553	-0.341554447635058	0.732686223085295	NA
5213	0.436775360007456	-0.717854028375714	2.10172648415553	-0.341554447635058	0.732686223085295	NA
5214	24.7925047158105	5.42415232787693	1.07970763338137	5.02372323782675	5.06792544310297e-07	4.32172201811287e-05
5215	24.7925047158105	5.42415232787693	1.07970763338137	5.02372323782675	5.06792544310297e-07	4.32172201811287e-05
5216	0	NA	NA	NA	NA	NA
5217	0	NA	NA	NA	NA	NA
5218	3.10871954864	0.568225768415594	0.973664482616867	0.583595045891376	0.559492794055244	0.652198094652241
5219	3.10871954864	0.568225768415594	0.973664482616867	0.583595045891376	0.559492794055244	0.652198094652241
5220	1.02249269285464	0.0957971624594194	1.79692756663029	0.0533116438516574	0.957483602943988	NA
5221	1.02249269285464	0.0957971624594194	1.79692756663029	0.0533116438516574	0.957483602943988	NA
5222	1.53280305593447	-0.731862459738575	1.44334620843763	-0.507059536693411	0.612113045082671	0.695394857816397
5223	1.53280305593447	-0.731862459738575	1.44334620843763	-0.507059536693411	0.612113045082671	0.695394857816397
5224	3.58220057000779	1.73860044930726	0.989080214409673	1.75779519595884	0.0787823630546102	0.154981697812348
5225	3.58220057000779	1.73860044930726	0.989080214409673	1.75779519595884	0.0787823630546102	0.154981697812348
5226	5.91073089487246	-4.71339753160374	1.381337383931	-3.41219863187254	0.000644411379737487	0.00458733524558889
5227	5.91073089487246	-4.71339753160374	1.381337383931	-3.41219863187254	0.000644411379737487	0.00458733524558889
5228	6.91100314330526	-2.16141857676929	0.95350745547238	-2.26680826076865	0.0234019412768746	0.0647058284153213
5229	6.91100314330526	-2.16141857676929	0.95350745547238	-2.26680826076865	0.0234019412768746	0.0647058284153213
5230	7.12021440796891	-2.60645573890732	0.99315871121184	-2.62441008620562	0.00867992069513047	0.0310056495884957
5231	7.12021440796891	-2.60645573890732	0.99315871121184	-2.62441008620562	0.00867992069513047	0.0310056495884957
5232	1.10111481535872	-1.0550769181078	1.67162404110264	-0.631168786859426	0.527930168423654	NA
5233	1.10111481535872	-1.0550769181078	1.67162404110264	-0.631168786859426	0.527930168423654	NA
5234	4.02795319325136	-3.07044941613921	1.23861681956056	-2.47893405583541	0.0131775666648213	0.0420732074783099
5235	4.02795319325136	-3.07044941613921	1.23861681956056	-2.47893405583541	0.0131775666648213	0.0420732074783099
5236	0	NA	NA	NA	NA	NA
5237	0	NA	NA	NA	NA	NA
5238	1.77562850957342	-2.99229013863443	1.59194349637921	-1.87964594562573	0.0601563470394205	0.127154835211659
5239	1.77562850957342	-2.99229013863443	1.59194349637921	-1.87964594562573	0.0601563470394205	0.127154835211659
5240	1.86374987987326	-0.379255267672544	1.32695402873401	-0.28580889726404	0.775024493233795	0.830807266866243
5241	1.86374987987326	-0.379255267672544	1.32695402873401	-0.28580889726404	0.775024493233795	0.830807266866243
5242	0.896990670126792	-0.671851961788102	1.83207637872	-0.366716131266044	0.713830772624265	NA
5243	0.896990670126792	-0.671851961788102	1.83207637872	-0.366716131266044	0.713830772624265	NA
5244	2.20222963071745	-1.30547462405518	1.26612680255388	-1.03107731502242	0.302504564825957	0.410109481042291
5245	2.20222963071745	-1.30547462405518	1.26612680255388	-1.03107731502242	0.302504564825957	0.410109481042291
5246	1.54297729479789	-2.79400755251868	1.6395409094695	-1.70414018728128	0.0883549003098271	0.167914290181572
5247	1.54297729479789	-2.79400755251868	1.6395409094695	-1.70414018728128	0.0883549003098271	0.167914290181572
5248	2.62065216004474	-3.62278828169355	1.45290416464525	-2.4934805542237	0.0126497513030487	0.0406184674868537
5249	2.62065216004474	-3.62278828169355	1.45290416464525	-2.4934805542237	0.0126497513030487	0.0406184674868537
5250	6.88125656807162	-3.81085694149824	1.19817435289438	-3.18055292394844	0.00146994286690776	0.00848252279824141
5251	6.88125656807162	-3.81085694149824	1.19817435289438	-3.18055292394844	0.00146994286690776	0.00848252279824141
5252	3.05742752005219	-3.83789486707707	1.42835115891062	-2.68694070301603	0.00721097527744069	0.0273587137897479
5253	3.05742752005219	-3.83789486707707	1.42835115891062	-2.68694070301603	0.00721097527744069	0.0273587137897479
5254	3.41999288591961	-0.143847525452806	0.945506557893217	-0.152138051557599	0.879078052710078	0.909030165797251
5255	3.41999288591961	-0.143847525452806	0.945506557893217	-0.152138051557599	0.879078052710078	0.909030165797251
5256	1.83898927378236	-1.07631361624763	1.37592687993467	-0.782246231208694	0.434069879567169	0.539696120243372
5257	1.83898927378236	-1.07631361624763	1.37592687993467	-0.782246231208694	0.434069879567169	0.539696120243372
5258	1.1245547654706	-0.0958364160127469	1.67572833733718	-0.057190902533185	0.954393125027233	NA
5259	1.1245547654706	-0.0958364160127469	1.67572833733718	-0.057190902533185	0.954393125027233	NA
5260	2.23140236517239	4.39728319342382	1.56405943254948	2.81145530784343	0.00493179417024714	0.0206928426723656
5261	2.23140236517239	4.39728319342382	1.56405943254948	2.81145530784343	0.00493179417024714	0.0206928426723656
5262	1.02249269285464	0.0957971624594194	1.79692756663029	0.0533116438516574	0.957483602943988	NA
5263	1.02249269285464	0.0957971624594194	1.79692756663029	0.0533116438516574	0.957483602943988	NA
5264	0.455128190687622	1.46332915655147	2.09860405196263	0.697286920409284	0.485623251838368	NA
5265	0.455128190687622	1.46332915655147	2.09860405196263	0.697286920409284	0.485623251838368	NA
5266	0.227564095343811	1.16277842171323	2.09495177282485	0.555038276678481	0.578868479644751	NA
5267	0.227564095343811	1.16277842171323	2.09495177282485	0.555038276678481	0.578868479644751	NA
5268	0.784754358647399	1.5234629717844	2.0917513508276	0.728319344066225	0.466418123607769	NA
5269	0.784754358647399	1.5234629717844	2.0917513508276	0.728319344066225	0.466418123607769	NA
5270	0	NA	NA	NA	NA	NA
5271	0	NA	NA	NA	NA	NA
5272	5.30598574027744	-3.26343808077129	1.2289926242707	-2.65537645737122	0.00792199453577257	0.0292633043537773
5273	5.30598574027744	-3.26343808077129	1.2289926242707	-2.65537645737122	0.00792199453577257	0.0292633043537773
5274	6.43939408863245	-2.96388146627662	1.06616925034812	-2.77993523571315	0.00543697405690062	0.0224852167324062
5275	6.43939408863245	-2.96388146627662	1.06616925034812	-2.77993523571315	0.00543697405690062	0.0224852167324062
5276	2.42094014317685	0.264988746620996	1.09851011343194	0.241225586711372	0.809380281017182	0.854119894540745
5277	2.42094014317685	0.264988746620996	1.09851011343194	0.241225586711372	0.809380281017182	0.854119894540745
5278	0.863376481151485	0.223848322028114	2.05804537432383	0.108767437696391	0.913386951504722	NA
5279	0.863376481151485	0.223848322028114	2.05804537432383	0.108767437696391	0.913386951504722	NA
5280	0	NA	NA	NA	NA	NA
5281	0	NA	NA	NA	NA	NA
5282	1.94105134639833	-1.17296478846655	1.36223600684533	-0.861058423483396	0.389205866418636	0.49625520308387
5283	1.94105134639833	-1.17296478846655	1.36223600684533	-0.861058423483396	0.389205866418636	0.49625520308387
5284	6.47993803757814	0.562839672040054	0.81461639099356	0.690926033729296	0.489612024801955	0.589575830014281
5285	6.47993803757814	0.562839672040054	0.81461639099356	0.690926033729296	0.489612024801955	0.589575830014281
5286	0	NA	NA	NA	NA	NA
5287	0	NA	NA	NA	NA	NA
5288	0	NA	NA	NA	NA	NA
5289	0	NA	NA	NA	NA	NA
5290	0.669426574782981	-1.18312895308249	2.12141177000729	-0.557708300580618	0.577043588664145	NA
5291	0.669426574782981	-1.18312895308249	2.12141177000729	-0.557708300580618	0.577043588664145	NA
5292	3.85808890190609	-0.453920821869236	0.986037971921131	-0.460348216595398	0.645266297412045	0.725212322486109
5293	3.85808890190609	-0.453920821869236	0.986037971921131	-0.460348216595398	0.645266297412045	0.725212322486109
5294	18.8206062712636	-0.0680556129144501	0.680096641647207	-0.10006756208885	0.920290687740613	0.942506922338594
5295	18.8206062712636	-0.0680556129144501	0.680096641647207	-0.10006756208885	0.920290687740613	0.942506922338594
5296	3.52272994960324	-4.00388780048986	1.42164135240563	-2.8163838887457	0.00485675950030163	0.0206928426723656
5297	3.52272994960324	-4.00388780048986	1.42164135240563	-2.8163838887457	0.00485675950030163	0.0206928426723656
5298	6.88698935241469	-1.7435876819735	0.889634319912866	-1.95989255691515	0.0500083497694915	0.113165446676651
5299	6.88698935241469	-1.7435876819735	0.889634319912866	-1.95989255691515	0.0500083497694915	0.113165446676651
5300	8.14213326004485	-1.43624001605839	0.790365884399425	-1.81718371757625	0.0691889872756926	0.14065525002803
5301	8.14213326004485	-1.43624001605839	0.790365884399425	-1.81718371757625	0.0691889872756926	0.14065525002803
5302	5.66723045016584	-0.699430793769078	0.836376475338555	-0.836263111639956	0.403006900567993	0.508940925650389
5303	5.66723045016584	-0.699430793769078	0.836376475338555	-0.836263111639956	0.403006900567993	0.508940925650389
5304	3.0289004505086	-3.84678634332646	1.43053328042223	-2.68905756753248	0.0071654061068069	0.0272844112861188
5305	3.0289004505086	-3.84678634332646	1.43053328042223	-2.68905756753248	0.0071654061068069	0.0272844112861188
5306	4.86467457155423	-1.18104713295928	0.938611644292113	-1.25829158432187	0.208286323587342	0.313100414841388
5307	4.86467457155423	-1.18104713295928	0.938611644292113	-1.25829158432187	0.208286323587342	0.313100414841388
5308	0	NA	NA	NA	NA	NA
5309	0	NA	NA	NA	NA	NA
5310	0	NA	NA	NA	NA	NA
5311	0	NA	NA	NA	NA	NA
5312	0	NA	NA	NA	NA	NA
5313	0	NA	NA	NA	NA	NA
5314	1.7864484133482	1.04322007264909	1.8919075293026	0.551411766426893	0.581351436493062	0.67171280145003
5315	1.7864484133482	1.04322007264909	1.8919075293026	0.551411766426893	0.581351436493062	0.67171280145003
5316	0.204124145231932	-0.289902072294537	2.0984847144607	-0.138148288761322	0.890123222704436	NA
5317	0.204124145231932	-0.289902072294537	2.0984847144607	-0.138148288761322	0.890123222704436	NA
5318	7.73256431360197	-1.25263809730277	0.789205801006915	-1.58721349450876	0.112464299477816	0.200063556885569
5319	7.73256431360197	-1.25263809730277	0.789205801006915	-1.58721349450876	0.112464299477816	0.200063556885569
5320	1.85866276044155	0.356258708058316	1.28116234530892	0.278074601054883	0.7809550925327	0.836038819982277
5321	1.85866276044155	0.356258708058316	1.28116234530892	0.278074601054883	0.7809550925327	0.836038819982277
5322	0	NA	NA	NA	NA	NA
5323	0	NA	NA	NA	NA	NA
5324	1.76545427070999	-0.939535558226187	1.36344605837552	-0.689088910012032	0.49076731846974	0.589575830014281
5325	1.76545427070999	-0.939535558226187	1.36344605837552	-0.689088910012032	0.49076731846974	0.589575830014281
5326	0.873550720014913	-1.7477027830362	2.0124501450409	-0.86844525681439	0.3851506285872	NA
5327	0.873550720014913	-1.7477027830362	2.0124501450409	-0.86844525681439	0.3851506285872	NA
5328	1.84916351264579	-3.1177062539302	1.54693490948058	-2.01540881573165	0.0438618314944315	0.101722635161023
5329	1.84916351264579	-3.1177062539302	1.54693490948058	-2.01540881573165	0.0438618314944315	0.101722635161023
5330	1.28179901047878	-2.50042464510809	1.76371586956303	-1.41770264035079	0.1562775989076	NA
5331	1.28179901047878	-2.50042464510809	1.76371586956303	-1.41770264035079	0.1562775989076	NA
5332	2.62065216004474	-3.62278828169355	1.45290416464525	-2.4934805542237	0.0126497513030487	0.0406184674868537
5333	2.62065216004474	-3.62278828169355	1.45290416464525	-2.4934805542237	0.0126497513030487	0.0406184674868537
5334	4.04952117666826	-4.23684380750621	1.4298258977572	-2.96318860509664	0.00304469949856956	0.0149389461378413
5335	4.04952117666826	-4.23684380750621	1.4298258977572	-2.96318860509664	0.00304469949856956	0.0149389461378413
5336	1.81554932367048	-1.91524733072931	1.46121086303985	-1.31072617866042	0.189950290886698	0.295076872770053
5337	1.81554932367048	-1.91524733072931	1.46121086303985	-1.31072617866042	0.189950290886698	0.295076872770053
5338	6.61686313101577	-2.04043902620054	0.931256359220897	-2.19106050229563	0.0284474144897762	0.0743954799857161
5339	6.61686313101577	-2.04043902620054	0.931256359220897	-2.19106050229563	0.0284474144897762	0.0743954799857161
5340	3.8973640510918	-3.03715387337077	1.24641890037586	-2.43670396241176	0.0148218080238563	0.046112291629775
5341	3.8973640510918	-3.03715387337077	1.24641890037586	-2.43670396241176	0.0148218080238563	0.046112291629775
5342	9.7167516268341	-1.72488299414346	0.826842238883006	-2.08610894923997	0.0369687552405462	0.0906968610039127
5343	9.7167516268341	-1.72488299414346	0.826842238883006	-2.08610894923997	0.0369687552405462	0.0906968610039127
5344	3.67797854756473	-1.14395358930877	1.06109738850624	-1.07808538754314	0.280995652073498	0.387736342314234
5345	3.67797854756473	-1.14395358930877	1.06109738850624	-1.07808538754314	0.280995652073498	0.387736342314234
5346	4.15410088089056	0.0462990464026052	0.904461499428628	0.0511896265699021	0.959174417806761	0.969957912862634
5347	4.15410088089056	0.0462990464026052	0.904461499428628	0.0511896265699021	0.959174417806761	0.969957912862634
5348	2.81968918584496	-2.56525162154579	1.29461599035925	-1.98147685541404	0.0475378223837802	0.108805914992848
5349	2.81968918584496	-2.56525162154579	1.29461599035925	-1.98147685541404	0.0475378223837802	0.108805914992848
5350	0.204124145231932	-0.289902072294537	2.0984847144607	-0.138148288761322	0.890123222704436	NA
5351	0.204124145231932	-0.289902072294537	2.0984847144607	-0.138148288761322	0.890123222704436	NA
5352	0.455128190687622	1.46332915655147	2.09860405196263	0.697286920409284	0.485623251838368	NA
5353	0.455128190687622	1.46332915655147	2.09860405196263	0.697286920409284	0.485623251838368	NA
5354	0	NA	NA	NA	NA	NA
5355	0	NA	NA	NA	NA	NA
5356	0	NA	NA	NA	NA	NA
5357	0	NA	NA	NA	NA	NA
5358	0.204124145231932	-0.289902072294537	2.0984847144607	-0.138148288761322	0.890123222704436	NA
5359	0.204124145231932	-0.289902072294537	2.0984847144607	-0.138148288761322	0.890123222704436	NA
5360	0.669426574782981	-1.18312895308249	2.12141177000729	-0.557708300580618	0.577043588664145	NA
5361	0.669426574782981	-1.18312895308249	2.12141177000729	-0.557708300580618	0.577043588664145	NA
5362	2.00251761384956	2.53017038363782	1.37424029062274	1.84114117516615	0.0656008730656505	0.135592355745931
5363	2.00251761384956	2.53017038363782	1.37424029062274	1.84114117516615	0.0656008730656505	0.135592355745931
5364	2.13378174707679	-2.0342038797762	1.42779377284465	-1.42471827407075	0.154238654545624	0.252456098632744
5365	2.13378174707679	-2.0342038797762	1.42779377284465	-1.42471827407075	0.154238654545624	0.252456098632744
5366	27.4128324587834	-1.41579196867792	0.667368800235891	-2.12145363729544	0.0338836455841798	0.0849112836835055
5367	27.4128324587834	-1.41579196867792	0.667368800235891	-2.12145363729544	0.0338836455841798	0.0849112836835055
5368	3.5035784475037	2.5550905477134	1.16302362207504	2.1969377914738	0.028024889362279	0.0734734927100946
5369	3.5035784475037	2.5550905477134	1.16302362207504	2.1969377914738	0.028024889362279	0.0734734927100946
5370	2.77400626124851	0.925330092188311	1.02718602262346	0.900839839920128	0.367673481583815	0.47509558417852
5371	2.77400626124851	0.925330092188311	1.02718602262346	0.900839839920128	0.367673481583815	0.47509558417852
5372	0	NA	NA	NA	NA	NA
5373	0	NA	NA	NA	NA	NA
5374	1.84407639321408	-1.92198133538872	1.41277002824625	-1.36043467582235	0.1736924115666	0.276732865881382
5375	1.84407639321408	-1.92198133538872	1.41277002824625	-1.36043467582235	0.1736924115666	0.276732865881382
5376	0.538837432623422	-0.864822990680704	2.10272243892331	-0.411287279134916	0.680861896192882	NA
5377	0.538837432623422	-0.864822990680704	2.10272243892331	-0.411287279134916	0.680861896192882	NA
5378	3.94933107074727	-2.22488040692642	1.12022408453607	-1.98610299282026	0.0470218890398151	0.108037163001763
5379	3.94933107074727	-2.22488040692642	1.12022408453607	-1.98610299282026	0.0470218890398151	0.108037163001763
5380	3.07578035073236	-1.83873567418956	1.16708988448179	-1.57548762836377	0.115143931898787	0.202429683539097
5381	3.07578035073236	-1.83873567418956	1.16708988448179	-1.57548762836377	0.115143931898787	0.202429683539097
5382	1.33376603013425	-1.33979669262574	1.57164661062102	-0.852479611874284	0.393947950192337	NA
5383	1.33376603013425	-1.33979669262574	1.57164661062102	-0.852479611874284	0.393947950192337	NA
5384	2.23075670026104	-1.28515574844577	1.29625902819096	-0.991434366508766	0.321473526139843	0.430407653741581
5385	2.23075670026104	-1.28515574844577	1.29625902819096	-0.991434366508766	0.321473526139843	0.430407653741581
5386	9.85818999892475	-5.39404445055091	1.37146234242285	-3.93306056148921	8.38710957672893e-05	0.000965081434501521
5387	9.85818999892475	-5.39404445055091	1.37146234242285	-3.93306056148921	8.38710957672893e-05	0.000965081434501521
5388	0.306186217847897	-0.511379433977429	2.09997323508663	-0.243517119853355	0.807604824481893	NA
5389	0.306186217847897	-0.511379433977429	2.09997323508663	-0.243517119853355	0.807604824481893	NA
5390	1.99810548548552	-1.12091317472536	1.31909237343075	-0.84976093964522	0.395458010079813	0.501183959666631
5391	1.99810548548552	-1.12091317472536	1.31909237343075	-0.84976093964522	0.395458010079813	0.501183959666631
5392	0.669426574782981	-1.18312895308249	2.12141177000729	-0.557708300580618	0.577043588664145	NA
5393	0.669426574782981	-1.18312895308249	2.12141177000729	-0.557708300580618	0.577043588664145	NA
5394	0.659252335919554	0.693501941428492	2.12273943425933	0.326701398313859	0.743893742536631	NA
5395	0.659252335919554	0.693501941428492	2.12273943425933	0.326701398313859	0.743893742536631	NA
5396	0.204124145231932	-0.289902072294537	2.0984847144607	-0.138148288761322	0.890123222704436	NA
5397	0.204124145231932	-0.289902072294537	2.0984847144607	-0.138148288761322	0.890123222704436	NA
5398	0.102062072615966	0.0151395672302882	2.09688988419048	0.00722001061878979	0.99423931504784	NA
5399	0.102062072615966	0.0151395672302882	2.09688988419048	0.00722001061878979	0.99423931504784	NA
5400	0.102062072615966	0.0151395672302882	2.09688988419048	0.00722001061878979	0.99423931504784	NA
5401	0.102062072615966	0.0151395672302882	2.09688988419048	0.00722001061878979	0.99423931504784	NA
5402	0.915343500806958	1.1663251860491	2.05615369675472	0.56723638310207	0.570553592194738	NA
5403	0.915343500806958	1.1663251860491	2.05615369675472	0.56723638310207	0.570553592194738	NA
5404	0	NA	NA	NA	NA	NA
5405	0	NA	NA	NA	NA	NA
5406	0.227564095343811	1.16277842171323	2.09495177282485	0.555038276678481	0.578868479644751	NA
5407	0.227564095343811	1.16277842171323	2.09495177282485	0.555038276678481	0.578868479644751	NA
5408	0.306186217847897	-0.511379433977429	2.09997323508663	-0.243517119853355	0.807604824481893	NA
5409	0.306186217847897	-0.511379433977429	2.09997323508663	-0.243517119853355	0.807604824481893	NA
5410	0.975612792630879	-1.97724141485751	1.93871554125265	-1.01987185473325	0.307789239391845	NA
5411	0.975612792630879	-1.97724141485751	1.93871554125265	-1.01987185473325	0.307789239391845	NA
5412	0.873550720014913	-1.7477027830362	2.0124501450409	-0.86844525681439	0.3851506285872	NA
5413	0.873550720014913	-1.7477027830362	2.0124501450409	-0.86844525681439	0.3851506285872	NA
5414	2.31446594219684	-3.41453189177978	1.49113168737204	-2.28989291871165	0.0220275248395564	0.0621744652729414
5415	2.31446594219684	-3.41453189177978	1.49113168737204	-2.28989291871165	0.0220275248395564	0.0621744652729414
5416	2.32585968675031	-2.28622313528906	1.42835205319418	-1.60060198756773	0.109465101773964	0.19613510757539
5417	2.32585968675031	-2.28622313528906	1.42835205319418	-1.60060198756773	0.109465101773964	0.19613510757539
5418	6.30932693103254	0.89723474206167	0.776148433349204	1.15600921616238	0.247677387291725	0.355176466768759
5419	6.30932693103254	0.89723474206167	0.776148433349204	1.15600921616238	0.247677387291725	0.355176466768759
5420	6.0362329176003	-3.61539387676244	1.21062113030722	-2.98639581472113	0.00282287007945609	0.013948299216136
5421	6.0362329176003	-3.61539387676244	1.21062113030722	-2.98639581472113	0.00282287007945609	0.013948299216136
5422	8.33167103804931	-2.254584481361	0.864567291232103	-2.60776055747838	0.00911366800487237	0.0319373246748148
5423	8.33167103804931	-2.254584481361	0.864567291232103	-2.60776055747838	0.00911366800487237	0.0319373246748148
5424	3.35852661846838	-2.82239050145581	1.26557177202192	-2.2301307313031	0.0257387651731997	0.0685931559184257
5425	3.35852661846838	-2.82239050145581	1.26557177202192	-2.2301307313031	0.0257387651731997	0.0685931559184257
5426	0.204124145231932	-0.289902072294537	2.0984847144607	-0.138148288761322	0.890123222704436	NA
5427	0.204124145231932	-0.289902072294537	2.0984847144607	-0.138148288761322	0.890123222704436	NA
5428	0.873550720014913	-1.7477027830362	2.0124501450409	-0.86844525681439	0.3851506285872	NA
5429	0.873550720014913	-1.7477027830362	2.0124501450409	-0.86844525681439	0.3851506285872	NA
5430	0	NA	NA	NA	NA	NA
5431	0	NA	NA	NA	NA	NA
5432	0.334713287391491	-0.530109587478167	2.10015201911518	-0.252414864568474	0.800720411785564	NA
5433	0.334713287391491	-0.530109587478167	2.10015201911518	-0.252414864568474	0.800720411785564	NA
5434	0.102062072615966	0.0151395672302882	2.09688988419048	0.00722001061878979	0.99423931504784	NA
5435	0.102062072615966	0.0151395672302882	2.09688988419048	0.00722001061878979	0.99423931504784	NA
5436	0.669426574782981	-1.18312895308249	2.12141177000729	-0.557708300580618	0.577043588664145	NA
5437	0.669426574782981	-1.18312895308249	2.12141177000729	-0.557708300580618	0.577043588664145	NA
5438	5.79340746396135	-2.26298436581872	0.977677608835248	-2.31465295447925	0.0206319323513225	0.0595970535595286
5439	5.79340746396135	-2.26298436581872	0.977677608835248	-2.31465295447925	0.0206319323513225	0.0595970535595286
5440	0	NA	NA	NA	NA	NA
5441	0	NA	NA	NA	NA	NA
5442	0	NA	NA	NA	NA	NA
5443	0	NA	NA	NA	NA	NA
5444	0.102062072615966	0.0151395672302882	2.09688988419048	0.00722001061878979	0.99423931504784	NA
5445	0.102062072615966	0.0151395672302882	2.09688988419048	0.00722001061878979	0.99423931504784	NA
5446	0	NA	NA	NA	NA	NA
5447	0	NA	NA	NA	NA	NA
5448	0.533750313191708	0.0508251107301774	2.10370273380308	0.0241598349013387	0.980725115876254	NA
5449	0.533750313191708	0.0508251107301774	2.10370273380308	0.0241598349013387	0.980725115876254	NA
5450	0	NA	NA	NA	NA	NA
5451	0	NA	NA	NA	NA	NA
5452	0	NA	NA	NA	NA	NA
5453	0	NA	NA	NA	NA	NA
5454	0	NA	NA	NA	NA	NA
5455	0	NA	NA	NA	NA	NA
5456	0.102062072615966	0.0151395672302882	2.09688988419048	0.00722001061878979	0.99423931504784	NA
5457	0.102062072615966	0.0151395672302882	2.09688988419048	0.00722001061878979	0.99423931504784	NA
5458	0.669426574782981	-1.18312895308249	2.12141177000729	-0.557708300580618	0.577043588664145	NA
5459	0.669426574782981	-1.18312895308249	2.12141177000729	-0.557708300580618	0.577043588664145	NA
5460	0	NA	NA	NA	NA	NA
5461	0	NA	NA	NA	NA	NA
5462	0	NA	NA	NA	NA	NA
5463	0	NA	NA	NA	NA	NA
5464	0	NA	NA	NA	NA	NA
5465	0	NA	NA	NA	NA	NA
5466	0.334713287391491	-0.530109587478167	2.10015201911518	-0.252414864568474	0.800720411785564	NA
5467	0.334713287391491	-0.530109587478167	2.10015201911518	-0.252414864568474	0.800720411785564	NA
5468	25.3111487402186	-1.54203189829667	0.801613170168446	-1.92366088243365	0.0543971042833411	0.119853737674905
5469	25.3111487402186	-1.54203189829667	0.801613170168446	-1.92366088243365	0.0543971042833411	0.119853737674905
5470	0	NA	NA	NA	NA	NA
5471	0	NA	NA	NA	NA	NA
5472	0.204124145231932	-0.289902072294537	2.0984847144607	-0.138148288761322	0.890123222704436	NA
5473	0.204124145231932	-0.289902072294537	2.0984847144607	-0.138148288761322	0.890123222704436	NA
5474	0	NA	NA	NA	NA	NA
5475	0	NA	NA	NA	NA	NA
5476	0	NA	NA	NA	NA	NA
5477	0	NA	NA	NA	NA	NA
5478	0	NA	NA	NA	NA	NA
5479	0	NA	NA	NA	NA	NA
5480	0.102062072615966	0.0151395672302882	2.09688988419048	0.00722001061878979	0.99423931504784	NA
5481	0.102062072615966	0.0151395672302882	2.09688988419048	0.00722001061878979	0.99423931504784	NA
5482	0.232651214775525	-0.19316414502161	2.0980365678857	-0.0920690077467387	0.926643212073756	NA
5483	0.232651214775525	-0.19316414502161	2.0980365678857	-0.0920690077467387	0.926643212073756	NA
5484	0	NA	NA	NA	NA	NA
5485	0	NA	NA	NA	NA	NA
5486	0.102062072615966	0.0151395672302882	2.09688988419048	0.00722001061878979	0.99423931504784	NA
5487	0.102062072615966	0.0151395672302882	2.09688988419048	0.00722001061878979	0.99423931504784	NA
5488	0	NA	NA	NA	NA	NA
5489	0	NA	NA	NA	NA	NA
5490	1.44532735054597	2.68039035521783	1.60482140827418	1.67021099132789	0.094877626126986	NA
5491	1.44532735054597	2.68039035521783	1.60482140827418	1.67021099132789	0.094877626126986	NA
5492	0	NA	NA	NA	NA	NA
5493	0	NA	NA	NA	NA	NA
5494	0	NA	NA	NA	NA	NA
5495	0	NA	NA	NA	NA	NA
5496	0	NA	NA	NA	NA	NA
5497	0	NA	NA	NA	NA	NA
5498	0.329626167959777	0.605654192809648	2.0991405715485	0.288524837744843	0.772945020734111	NA
5499	0.329626167959777	0.605654192809648	2.0991405715485	0.288524837744843	0.772945020734111	NA
5500	1.3470317413827	1.1519470843691	1.56332394750375	0.736857569544993	0.461208969343215	NA
5501	1.3470317413827	1.1519470843691	1.56332394750375	0.736857569544993	0.461208969343215	NA
5502	23.4660761080972	3.72162909992769	1.21822936448892	3.05494942776151	0.0022509847504601	0.0116144176313666
5503	23.4660761080972	3.72162909992769	1.21822936448892	3.05494942776151	0.0022509847504601	0.0116144176313666
5504	23.4660761080972	3.72162909992769	1.21822936448892	3.05494942776151	0.0022509847504601	0.0116144176313666
5505	0.334713287391491	-0.530109587478167	2.10015201911518	-0.252414864568474	0.800720411785564	NA
5506	0.334713287391491	-0.530109587478167	2.10015201911518	-0.252414864568474	0.800720411785564	NA
5507	0	NA	NA	NA	NA	NA
5508	0	NA	NA	NA	NA	NA
5509	0	NA	NA	NA	NA	NA
5510	0	NA	NA	NA	NA	NA
5511	0	NA	NA	NA	NA	NA
5512	0	NA	NA	NA	NA	NA
5513	0	NA	NA	NA	NA	NA
5514	0	NA	NA	NA	NA	NA
5515	1.3470317413827	1.1519470843691	1.56332394750375	0.736857569544993	0.461208969343215	NA
5516	1.3470317413827	1.1519470843691	1.56332394750375	0.736857569544993	0.461208969343215	NA
5517	0.659252335919554	0.693501941428492	2.12273943425933	0.326701398313859	0.743893742536631	NA
5518	0.659252335919554	0.693501941428492	2.12273943425933	0.326701398313859	0.743893742536631	NA
5519	1.47762088354226	0.920863931502366	1.58145146605739	0.582290352417903	0.560371122767603	NA
5520	1.47762088354226	0.920863931502366	1.58145146605739	0.582290352417903	0.560371122767603	NA
5521	0	NA	NA	NA	NA	NA
5522	0	NA	NA	NA	NA	NA
5523	0	NA	NA	NA	NA	NA
5524	0	NA	NA	NA	NA	NA
5525	0	NA	NA	NA	NA	NA
5526	0	NA	NA	NA	NA	NA
5527	0	NA	NA	NA	NA	NA
5528	0	NA	NA	NA	NA	NA
5529	0	NA	NA	NA	NA	NA
5530	0	NA	NA	NA	NA	NA
5531	0.102062072615966	0.0151395672302882	2.09688988419048	0.00722001061878979	0.99423931504784	NA
5532	0.102062072615966	0.0151395672302882	2.09688988419048	0.00722001061878979	0.99423931504784	NA
5533	0	NA	NA	NA	NA	NA
5534	0	NA	NA	NA	NA	NA
5535	0	NA	NA	NA	NA	NA
5536	0	NA	NA	NA	NA	NA
5537	5.45348337678644	0.264933283057015	0.999505878489894	0.265064257007963	0.790959961530057	0.84187324846078
5538	5.45348337678644	0.264933283057015	0.999505878489894	0.265064257007963	0.790959961530057	0.84187324846078
5539	12.6815937920033	-0.788808077206811	0.657105229383588	-1.20042885360503	0.229972828518287	0.337368452594064
5540	12.6815937920033	-0.788808077206811	0.657105229383588	-1.20042885360503	0.229972828518287	0.337368452594064
5541	2.68653055586001	4.76064976333874	1.50475968689845	3.16372760699829	0.00155762503937159	0.0088657621658949
5542	2.68653055586001	4.76064976333874	1.50475968689845	3.16372760699829	0.00155762503937159	0.0088657621658949
5543	0	NA	NA	NA	NA	NA
5544	0	NA	NA	NA	NA	NA
5545	0	NA	NA	NA	NA	NA
5546	0	NA	NA	NA	NA	NA
5547	0.227564095343811	1.16277842171323	2.09495177282485	0.555038276678481	0.578868479644751	NA
5548	0.227564095343811	1.16277842171323	2.09495177282485	0.555038276678481	0.578868479644751	NA
5549	0	NA	NA	NA	NA	NA
5550	0	NA	NA	NA	NA	NA
5551	0	NA	NA	NA	NA	NA
5552	0	NA	NA	NA	NA	NA
5553	0	NA	NA	NA	NA	NA
5554	0	NA	NA	NA	NA	NA
5555	0.436775360007456	-0.717854028375714	2.10172648415553	-0.341554447635058	0.732686223085295	NA
5556	0.436775360007456	-0.717854028375714	2.10172648415553	-0.341554447635058	0.732686223085295	NA
5557	0.868463600583199	-0.685073820305404	1.84775621910483	-0.37075985090571	0.710816407676975	NA
5558	0.868463600583199	-0.685073820305404	1.84775621910483	-0.37075985090571	0.710816407676975	NA
5559	4.74867179662215	-0.242451779870428	0.837700241130175	-0.289425462673052	0.772255811994966	0.828685337347689
5560	4.74867179662215	-0.242451779870428	0.837700241130175	-0.289425462673052	0.772255811994966	0.828685337347689
5561	5.02256448147376	-0.156267035694061	0.845096382611085	-0.184910311899862	0.853299382742141	0.889957141176308
5562	5.02256448147376	-0.156267035694061	0.845096382611085	-0.184910311899862	0.853299382742141	0.889957141176308
5563	6.49133178213161	0.632151340071966	0.755191669286284	0.837074037998061	0.402550952583794	0.508791453762244
5564	6.49133178213161	0.632151340071966	0.755191669286284	0.837074037998061	0.402550952583794	0.508791453762244
5565	3.18225455171237	0.385362124013523	0.984318286356965	0.391501539039548	0.69542655128038	0.768831670275756
5566	3.18225455171237	0.385362124013523	0.984318286356965	0.391501539039548	0.69542655128038	0.768831670275756
5567	1.31032608002237	-2.53605447061539	1.72610010556136	-1.46923950844127	0.141767837720336	NA
5568	1.31032608002237	-2.53605447061539	1.72610010556136	-1.46923950844127	0.141767837720336	NA
5569	0.436775360007456	-0.717854028375714	2.10172648415553	-0.341554447635058	0.732686223085295	NA
5570	0.436775360007456	-0.717854028375714	2.10172648415553	-0.341554447635058	0.732686223085295	NA
5571	1.86242922389424	-0.381420606950684	1.30404991148991	-0.292489270226553	0.769912562507785	0.827222297953502
5572	1.86242922389424	-0.381420606950684	1.30404991148991	-0.292489270226553	0.769912562507785	0.827222297953502
5573	0.687779405463147	0.672071389472816	2.12285694374022	0.316588167400817	0.751556115341702	NA
5574	0.687779405463147	0.672071389472816	2.12285694374022	0.316588167400817	0.751556115341702	NA
5575	0.102062072615966	0.0151395672302882	2.09688988419048	0.00722001061878979	0.99423931504784	NA
5576	0.102062072615966	0.0151395672302882	2.09688988419048	0.00722001061878979	0.99423931504784	NA
5577	0.975612792630879	-1.97724141485751	1.93871554125265	-1.01987185473325	0.307789239391845	NA
5578	0.975612792630879	-1.97724141485751	1.93871554125265	-1.01987185473325	0.307789239391845	NA
5579	2.43111438204028	-0.949436795933361	1.23230259957409	-0.770457512839387	0.44102854867576	0.547459741918361
5580	2.43111438204028	-0.949436795933361	1.23230259957409	-0.770457512839387	0.44102854867576	0.547459741918361
5581	2.39750019306497	-0.3400069996943	1.15174000907934	-0.295211590301607	0.767832248571876	0.826896267692789
5582	2.39750019306497	-0.3400069996943	1.15174000907934	-0.295211590301607	0.767832248571876	0.826896267692789
5583	8.04700094739926	1.39386955419094	0.809845121678896	1.72115570851535	0.0852225725781005	0.164795029847156
5584	8.04700094739926	1.39386955419094	0.809845121678896	1.72115570851535	0.0852225725781005	0.164795029847156
5585	0.436775360007456	-0.717854028375714	2.10172648415553	-0.341554447635058	0.732686223085295	NA
5586	0.436775360007456	-0.717854028375714	2.10172648415553	-0.341554447635058	0.732686223085295	NA
5587	2.56856146003756	0.930974298304068	1.18072558712837	0.788476432164293	0.430418078805367	0.537382857010268
5588	2.56856146003756	0.930974298304068	1.18072558712837	0.788476432164293	0.430418078805367	0.537382857010268
5589	3.63937838944668	-1.7647922185954	1.13217251765099	-1.55876616953833	0.119051734040907	0.208340534571588
5590	3.63937838944668	-1.7647922185954	1.13217251765099	-1.55876616953833	0.119051734040907	0.208340534571588
5591	0	NA	NA	NA	NA	NA
5592	0	NA	NA	NA	NA	NA
5593	0.76131440853552	0.44849010424205	2.0995768011383	0.213609763643273	0.830851384848037	NA
5594	0.76131440853552	0.44849010424205	2.0995768011383	0.213609763643273	0.830851384848037	NA
5595	0.455128190687622	1.46332915655147	2.09860405196263	0.697286920409284	0.485623251838368	NA
5596	0.455128190687622	1.46332915655147	2.09860405196263	0.697286920409284	0.485623251838368	NA
5597	3571.97368387442	2.72949239409735	0.610534204562205	4.47066253405832	7.79776570237125e-06	0.000181947866388662
5598	3571.97368387442	2.72949239409735	0.610534204562205	4.47066253405832	7.79776570237125e-06	0.000181947866388662
5599	3571.97368387442	2.72949239409735	0.610534204562205	4.47066253405832	7.79776570237125e-06	0.000181947866388662
5600	6835.60365293837	0.027304151426536	0.414031645189324	0.0659470157505731	0.947420008869037	0.963011625665527
5601	6835.60365293837	0.027304151426536	0.414031645189324	0.0659470157505731	0.947420008869037	0.963011625665527
5602	6835.60365293837	0.027304151426536	0.414031645189324	0.0659470157505731	0.947420008869037	0.963011625665527
5603	61.9136779385319	1.60570892742755	1.49731977500469	1.07238878042769	0.283545445176474	0.390200153912579
5604	61.9136779385319	1.60570892742755	1.49731977500469	1.07238878042769	0.283545445176474	0.390200153912579
5605	61.9136779385319	1.60570892742755	1.49731977500469	1.07238878042769	0.283545445176474	0.390200153912579
5606	2998.67400540217	0.897588446103461	0.509475707468576	1.76178850717592	0.078105037249906	0.154421203478392
5607	2998.67400540217	0.897588446103461	0.509475707468576	1.76178850717592	0.078105037249906	0.154421203478392
5608	2998.67400540217	0.897588446103461	0.509475707468576	1.76178850717592	0.078105037249906	0.154421203478392
5609	193.40454976394	1.41062976528525	0.892329986828834	1.58083868760071	0.113914926186279	0.201789409524408
5610	193.40454976394	1.41062976528525	0.892329986828834	1.58083868760071	0.113914926186279	0.201789409524408
5611	4.67835194628651	-1.27098048995281	0.924352795465516	-1.37499501942084	0.169132988809677	0.272376745782456
5612	4.67835194628651	-1.27098048995281	0.924352795465516	-1.37499501942084	0.169132988809677	0.272376745782456
5613	14.7990183554467	-2.12020428757578	0.808491176804091	-2.62242105839274	0.00873074914560984	0.0310056495884957
5614	14.7990183554467	-2.12020428757578	0.808491176804091	-2.62242105839274	0.00873074914560984	0.0310056495884957
5615	4.26379703070088	-1.94951102018902	1.20383330435819	-1.61941941058723	0.105357053231942	0.191062013633055
5616	4.26379703070088	-1.94951102018902	1.20383330435819	-1.61941941058723	0.105357053231942	0.191062013633055
5617	90.4205995126197	4.31399524439728	0.8540238091924	5.05137584920117	4.38638997857369e-07	4.28438090930454e-05
5618	90.4205995126197	4.31399524439728	0.8540238091924	5.05137584920117	4.38638997857369e-07	4.28438090930454e-05
5619	2.824101314209	0.235099862177652	1.10969790722839	0.21185933635294	0.832216775330029	0.874483476704059
5620	2.59145009943348	0.456933476960913	1.32849475469616	0.343948273296282	0.73088518723754	0.800865584763284
5621	2.59145009943348	0.456933476960913	1.32849475469616	0.343948273296282	0.73088518723754	0.800865584763284
5622	0.692866524894861	-0.194684101951732	2.12234531325044	-0.0917306438006391	0.926912049795705	NA
5623	0.692866524894861	-0.194684101951732	2.12234531325044	-0.0917306438006391	0.926912049795705	NA
5624	1.79398134025358	-0.917130821614312	1.40451198084186	-0.652988962802999	0.513763394040941	0.61041195331597
5625	1.79398134025358	-0.917130821614312	1.40451198084186	-0.652988962802999	0.513763394040941	0.61041195331597
5626	8.82739503390167	-3.42100210265254	1.05047656696576	-3.25661914813949	0.00112747599927649	0.00698436459728796
5627	8.82739503390167	-3.42100210265254	1.05047656696576	-3.25661914813949	0.00112747599927649	0.00698436459728796
5628	13.3092569121506	-3.98373490692016	1.06551272739	-3.73879617250413	0.000184903565664972	0.00173892246081474
5629	13.3092569121506	-3.98373490692016	1.06551272739	-3.73879617250413	0.000184903565664972	0.00173892246081474
5630	2.35558373192122	3.55688989305433	1.42437093765649	2.49716544968718	0.0125190531357311	0.0405710055324621
5631	2.35558373192122	3.55688989305433	1.42437093765649	2.49716544968718	0.0125190531357311	0.0405710055324621
5632	0.562277382735302	0.0498330857396452	2.0951784918673	0.0237846493428024	0.981024384636588	NA
5633	0.562277382735302	0.0498330857396452	2.0951784918673	0.0237846493428024	0.981024384636588	NA
5634	3.07578035073236	-1.83873567418956	1.16708988448179	-1.57548762836377	0.115143931898787	0.202429683539097
5635	3.07578035073236	-1.83873567418956	1.16708988448179	-1.57548762836377	0.115143931898787	0.202429683539097
5636	1.48592315571071	-2.7519322975545	1.69421975145522	-1.62430658430866	0.104310392706295	NA
5637	1.48592315571071	-2.7519322975545	1.69421975145522	-1.62430658430866	0.104310392706295	NA
5638	2.67770629913193	-3.56916497313583	1.4976712621822	-2.38314312577203	0.017165519009054	0.0520435552159977
5639	2.67770629913193	-3.56916497313583	1.4976712621822	-2.38314312577203	0.017165519009054	0.0520435552159977
5640	0	NA	NA	NA	NA	NA
5641	0	NA	NA	NA	NA	NA
5642	0	NA	NA	NA	NA	NA
5643	0	NA	NA	NA	NA	NA
5644	0	NA	NA	NA	NA	NA
5645	0	NA	NA	NA	NA	NA
5646	0	NA	NA	NA	NA	NA
5647	0	NA	NA	NA	NA	NA
5648	0	NA	NA	NA	NA	NA
5649	0	NA	NA	NA	NA	NA
5650	0	NA	NA	NA	NA	NA
5651	0	NA	NA	NA	NA	NA
5652	0.970525673199165	-0.879241494083832	1.78417221075644	-0.492800800720383	0.622153344900128	NA
5653	0.970525673199165	-0.879241494083832	1.78417221075644	-0.492800800720383	0.622153344900128	NA
5654	0	NA	NA	NA	NA	NA
5655	0	NA	NA	NA	NA	NA
5656	0.436775360007456	-0.717854028375714	2.10172648415553	-0.341554447635058	0.732686223085295	NA
5657	0.436775360007456	-0.717854028375714	2.10172648415553	-0.341554447635058	0.732686223085295	NA
5658	0.204124145231932	-0.289902072294537	2.0984847144607	-0.138148288761322	0.890123222704436	NA
5659	0.204124145231932	-0.289902072294537	2.0984847144607	-0.138148288761322	0.890123222704436	NA
5660	1.6494514957779	1.60624090122668	1.44447036885838	1.11199297393422	0.266141171277011	0.372597639787815
5661	1.6494514957779	1.60624090122668	1.44447036885838	1.11199297393422	0.266141171277011	0.372597639787815
5662	0	NA	NA	NA	NA	NA
5663	0	NA	NA	NA	NA	NA
5664	28.600914166791	-0.343686072734301	0.769325259820452	-0.446737018377002	0.655064950294897	0.734652280704558
5665	28.600914166791	-0.343686072734301	0.769325259820452	-0.446737018377002	0.655064950294897	0.734652280704558
5666	11.7403152395409	-5.57806079794838	1.40147393392779	-3.98013881165469	6.88750385227083e-05	0.000812570679200492
5667	11.7403152395409	-5.57806079794838	1.40147393392779	-3.98013881165469	6.88750385227083e-05	0.000812570679200492
5668	16.5587623718763	-4.30191619836526	1.05083914189356	-4.09379135860262	4.24376215111481e-05	0.000576822039957353
5669	16.5587623718763	-4.30191619836526	1.05083914189356	-4.09379135860262	4.24376215111481e-05	0.000576822039957353
5670	22.7040793344764	-3.93256394082283	1.20850558884115	-3.25407178678736	0.00113763527877884	0.00702657083951634
5671	22.7040793344764	-3.93256394082283	1.20850558884115	-3.25407178678736	0.00113763527877884	0.00702657083951634
5672	3.94047748786287	-1.36815452467548	1.00249451700822	-1.36475013225859	0.172331597117377	0.276467802862103
5673	3.94047748786287	-1.36815452467548	1.00249451700822	-1.36475013225859	0.172331597117377	0.276467802862103
5674	1.31032608002237	-2.53605447061539	1.72610010556136	-1.46923950844127	0.141767837720336	NA
5675	1.31032608002237	-2.53605447061539	1.72610010556136	-1.46923950844127	0.141767837720336	NA
5676	2.10016755810148	-1.21559973985455	1.28940194625814	-0.942762451524315	0.345802421585964	0.452277720387934
5677	2.10016755810148	-1.21559973985455	1.28940194625814	-0.942762451524315	0.345802421585964	0.452277720387934
5678	0.102062072615966	0.0151395672302882	2.09688988419048	0.00722001061878979	0.99423931504784	NA
5679	0.102062072615966	0.0151395672302882	2.09688988419048	0.00722001061878979	0.99423931504784	NA
5680	13.739043859875	-1.52644239456273	0.695043977909752	-2.19618102318258	0.0280789890948188	0.0735235375300741
5681	13.739043859875	-1.52644239456273	0.695043977909752	-2.19618102318258	0.0280789890948188	0.0735235375300741
5682	0.436775360007456	-0.717854028375714	2.10172648415553	-0.341554447635058	0.732686223085295	NA
5683	0.436775360007456	-0.717854028375714	2.10172648415553	-0.341554447635058	0.732686223085295	NA
5684	1.45926805286209	-0.563997922762868	1.50923510714158	-0.3736978553534	0.708629121100224	NA
5685	1.45926805286209	-0.563997922762868	1.50923510714158	-0.3736978553534	0.708629121100224	NA
5686	2.22566958082933	-0.634070719095066	1.21679084061856	-0.521100831735989	0.602296531574542	0.690593893697264
5687	2.22566958082933	-0.634070719095066	1.21679084061856	-0.521100831735989	0.602296531574542	0.690593893697264
5688	1.4307409833185	-0.594786917761967	1.4800426518347	-0.401871471085412	0.687778619548742	NA
5689	1.4307409833185	-0.594786917761967	1.4800426518347	-0.401871471085412	0.687778619548742	NA
5690	3.35531146573164	-0.869946215955851	1.08692901918158	-0.800370769943094	0.423496011186699	0.529685302854121
5691	3.35531146573164	-0.869946215955851	1.08692901918158	-0.800370769943094	0.423496011186699	0.529685302854121
5692	1.97975265480535	-3.19207947628528	1.53156045097016	-2.08420077331148	0.0371419084508014	0.0908009403337402
5693	1.97975265480535	-3.19207947628528	1.53156045097016	-2.08420077331148	0.0371419084508014	0.0908009403337402
5694	17.8400798327683	4.72905548712777	0.9191469466713	5.14504835625478	2.67451909403428e-07	3.31476809088074e-05
5695	17.8400798327683	4.72905548712777	0.9191469466713	5.14504835625478	2.67451909403428e-07	3.31476809088074e-05
5696	0.102062072615966	0.0151395672302882	2.09688988419048	0.00722001061878979	0.99423931504784	NA
5697	0.102062072615966	0.0151395672302882	2.09688988419048	0.00722001061878979	0.99423931504784	NA
5698	0.227564095343811	1.16277842171323	2.09495177282485	0.555038276678481	0.578868479644751	NA
5699	0.227564095343811	1.16277842171323	2.09495177282485	0.555038276678481	0.578868479644751	NA
5700	0	NA	NA	NA	NA	NA
5701	0	NA	NA	NA	NA	NA
5702	707.065857953029	-0.642846117893638	0.644128507969305	-0.998009108338163	0.318274941945155	0.427078196859314
5703	707.065857953029	-0.642846117893638	0.644128507969305	-0.998009108338163	0.318274941945155	0.427078196859314
5704	707.065857953029	-0.642846117893638	0.644128507969305	-0.998009108338163	0.318274941945155	0.427078196859314
5705	0	NA	NA	NA	NA	NA
5706	0	NA	NA	NA	NA	NA
5707	0.232651214775525	-0.19316414502161	2.0980365678857	-0.0920690077467387	0.926643212073756	NA
5708	0.232651214775525	-0.19316414502161	2.0980365678857	-0.0920690077467387	0.926643212073756	NA
5709	0	NA	NA	NA	NA	NA
5710	0	NA	NA	NA	NA	NA
5711	0.329626167959777	0.605654192809648	2.0991405715485	0.288524837744843	0.772945020734111	NA
5712	0.329626167959777	0.605654192809648	2.0991405715485	0.288524837744843	0.772945020734111	NA
5713	0	NA	NA	NA	NA	NA
5714	0	NA	NA	NA	NA	NA
5715	0	NA	NA	NA	NA	NA
5716	0	NA	NA	NA	NA	NA
5717	0	NA	NA	NA	NA	NA
5718	0	NA	NA	NA	NA	NA
5719	0	NA	NA	NA	NA	NA
5720	0	NA	NA	NA	NA	NA
5721	0	NA	NA	NA	NA	NA
5722	0	NA	NA	NA	NA	NA
5723	0.682692286031433	1.64314472634155	2.10054577766674	0.782246568397445	0.434069681442436	NA
5724	0.682692286031433	1.64314472634155	2.10054577766674	0.782246568397445	0.434069681442436	NA
5725	0	NA	NA	NA	NA	NA
5726	0	NA	NA	NA	NA	NA
5727	0.329626167959777	0.605654192809648	2.0991405715485	0.288524837744843	0.772945020734111	NA
5728	0.329626167959777	0.605654192809648	2.0991405715485	0.288524837744843	0.772945020734111	NA
5729	0	NA	NA	NA	NA	NA
5730	0	NA	NA	NA	NA	NA
5731	0	NA	NA	NA	NA	NA
5732	0	NA	NA	NA	NA	NA
5733	0	NA	NA	NA	NA	NA
5734	0	NA	NA	NA	NA	NA
5735	0	NA	NA	NA	NA	NA
5736	0	NA	NA	NA	NA	NA
5737	0	NA	NA	NA	NA	NA
5738	0	NA	NA	NA	NA	NA
5739	0	NA	NA	NA	NA	NA
5740	0	NA	NA	NA	NA	NA
5741	0	NA	NA	NA	NA	NA
5742	0	NA	NA	NA	NA	NA
5743	0	NA	NA	NA	NA	NA
5744	0	NA	NA	NA	NA	NA
5745	0	NA	NA	NA	NA	NA
5746	0	NA	NA	NA	NA	NA
5747	0	NA	NA	NA	NA	NA
5748	0	NA	NA	NA	NA	NA
5749	0	NA	NA	NA	NA	NA
5750	0	NA	NA	NA	NA	NA
5751	0	NA	NA	NA	NA	NA
5752	0	NA	NA	NA	NA	NA
5753	0	NA	NA	NA	NA	NA
5754	0	NA	NA	NA	NA	NA
5755	0	NA	NA	NA	NA	NA
5756	0	NA	NA	NA	NA	NA
5757	0	NA	NA	NA	NA	NA
5758	0	NA	NA	NA	NA	NA
5759	0	NA	NA	NA	NA	NA
5760	0	NA	NA	NA	NA	NA
5761	0	NA	NA	NA	NA	NA
5762	0	NA	NA	NA	NA	NA
5763	0	NA	NA	NA	NA	NA
5764	0	NA	NA	NA	NA	NA
5765	3.68426264262375	1.55963815638422	0.964487559143458	1.61706404774086	0.105864456426965	0.19148609689632
5766	3.68426264262375	1.55963815638422	0.964487559143458	1.61706404774086	0.105864456426965	0.19148609689632
5767	6.09766985889522	1.87979255942917	0.806306146361257	2.33136330153552	0.0197342109233549	0.0577431810503796
5768	6.09766985889522	1.87979255942917	0.806306146361257	2.33136330153552	0.0197342109233549	0.0577431810503796
5769	3.35852661846838	-2.82239050145581	1.26557177202192	-2.2301307313031	0.0257387651731997	0.0685931559184257
5770	3.35852661846838	-2.82239050145581	1.26557177202192	-2.2301307313031	0.0257387651731997	0.0685931559184257
5771	4.55661638701135	-1.91536769505198	1.02003456488001	-1.87774783423863	0.060415669598575	0.127446415024618
5772	4.55661638701135	-1.91536769505198	1.02003456488001	-1.87774783423863	0.060415669598575	0.127446415024618
5773	0	NA	NA	NA	NA	NA
5774	0	NA	NA	NA	NA	NA
5775	0.562277382735302	0.0498330857396452	2.0951784918673	0.0237846493428024	0.981024384636588	NA
5776	0.562277382735302	0.0498330857396452	2.0951784918673	0.0237846493428024	0.981024384636588	NA
5777	0	NA	NA	NA	NA	NA
5778	0	NA	NA	NA	NA	NA
5779	0	NA	NA	NA	NA	NA
5780	0	NA	NA	NA	NA	NA
5781	0	NA	NA	NA	NA	NA
5782	0	NA	NA	NA	NA	NA
5783	0	NA	NA	NA	NA	NA
5784	0	NA	NA	NA	NA	NA
5785	0	NA	NA	NA	NA	NA
5786	0	NA	NA	NA	NA	NA
5787	0	NA	NA	NA	NA	NA
5788	0	NA	NA	NA	NA	NA
5789	0.538837432623422	-0.864822990680704	2.10272243892331	-0.411287279134916	0.680861896192882	NA
5790	0.538837432623422	-0.864822990680704	2.10272243892331	-0.411287279134916	0.680861896192882	NA
5791	0	NA	NA	NA	NA	NA
5792	0	NA	NA	NA	NA	NA
5793	0	NA	NA	NA	NA	NA
5794	0	NA	NA	NA	NA	NA
5795	1.00413986217447	-1.98253273236455	1.93759068845862	-1.02319480795074	0.306215747310909	NA
5796	1.00413986217447	-1.98253273236455	1.93759068845862	-1.02319480795074	0.306215747310909	NA
5797	0.538837432623422	-0.864822990680704	2.10272243892331	-0.411287279134916	0.680861896192882	NA
5798	0.538837432623422	-0.864822990680704	2.10272243892331	-0.411287279134916	0.680861896192882	NA
5799	0.742961577855354	-1.40391491330835	2.10237748146545	-0.667774900409302	0.504277290617022	NA
5800	0.742961577855354	-1.40391491330835	2.10237748146545	-0.667774900409302	0.504277290617022	NA
5801	0.460215310119336	0.276912429550551	2.10151614532912	0.131767928676648	0.895167854523936	NA
5802	0.460215310119336	0.276912429550551	2.10151614532912	0.131767928676648	0.895167854523936	NA
5803	3.52272994960324	-4.00388780048986	1.42164135240563	-2.8163838887457	0.00485675950030163	0.0206928426723656
5804	3.52272994960324	-4.00388780048986	1.42164135240563	-2.8163838887457	0.00485675950030163	0.0206928426723656
5805	0.204124145231932	-0.289902072294537	2.0984847144607	-0.138148288761322	0.890123222704436	NA
5806	0.204124145231932	-0.289902072294537	2.0984847144607	-0.138148288761322	0.890123222704436	NA
5807	3.33251718053112	1.39838316804304	0.981068537761252	1.42536745825534	0.154051009606731	0.252345647561729
5808	3.33251718053112	1.39838316804304	0.981068537761252	1.42536745825534	0.154051009606731	0.252345647561729
5809	3.82811749603176	2.92213121557904	1.12251787249226	2.60319348777156	0.00923598126950212	0.0322453211404064
5810	3.82811749603176	2.92213121557904	1.12251787249226	2.60319348777156	0.00923598126950212	0.0322453211404064
5811	0	NA	NA	NA	NA	NA
5812	0	NA	NA	NA	NA	NA
5813	0	NA	NA	NA	NA	NA
5814	0	NA	NA	NA	NA	NA
5815	0	NA	NA	NA	NA	NA
5816	0	NA	NA	NA	NA	NA
5817	0	NA	NA	NA	NA	NA
5818	0	NA	NA	NA	NA	NA
5819	74.1055246732351	3.67204747937629	1.89303870312153	1.93976355228304	0.0524084320432117	0.117834804379812
5820	74.1055246732351	3.67204747937629	1.89303870312153	1.93976355228304	0.0524084320432117	0.117834804379812
5821	0	NA	NA	NA	NA	NA
5822	0	NA	NA	NA	NA	NA
5823	0	NA	NA	NA	NA	NA
5824	0	NA	NA	NA	NA	NA
5825	0	NA	NA	NA	NA	NA
5826	0	NA	NA	NA	NA	NA
5827	0.227564095343811	1.16277842171323	2.09495177282485	0.555038276678481	0.578868479644751	NA
5828	0.227564095343811	1.16277842171323	2.09495177282485	0.555038276678481	0.578868479644751	NA
5829	0.102062072615966	0.0151395672302882	2.09688988419048	0.00722001061878979	0.99423931504784	NA
5830	0.102062072615966	0.0151395672302882	2.09688988419048	0.00722001061878979	0.99423931504784	NA
5831	1.63995224798215	-1.71818290437111	1.45445243798222	-1.18132629125691	0.237473126792137	0.344401634159867
5832	1.63995224798215	-1.71818290437111	1.45445243798222	-1.18132629125691	0.237473126792137	0.344401634159867
5833	2.63523852727221	-1.1600825077886	1.19561008106958	-0.97028498350466	0.331904460221385	0.438778323238847
5834	2.63523852727221	-1.1600825077886	1.19561008106958	-0.97028498350466	0.331904460221385	0.438778323238847
5835	0	NA	NA	NA	NA	NA
5836	0	NA	NA	NA	NA	NA
5837	0	NA	NA	NA	NA	NA
5838	0	NA	NA	NA	NA	NA
5839	5.80158605577809	-0.973204739857261	0.910080590305013	-1.06936105464143	0.284907009029461	0.391817104755645
5840	5.80158605577809	-0.973204739857261	0.910080590305013	-1.06936105464143	0.284907009029461	0.391817104755645
5841	1.61142517843855	-1.72334848934885	1.49109082499759	-1.15576359297337	0.24777786848392	0.355176466768759
5842	1.61142517843855	-1.72334848934885	1.49109082499759	-1.15576359297337	0.24777786848392	0.355176466768759
5843	2.6675320602685	-1.57907007992403	1.22956446724369	-1.28425155572674	0.199053951295756	0.305900693539032
5844	2.6675320602685	-1.57907007992403	1.22956446724369	-1.28425155572674	0.199053951295756	0.305900693539032
5845	0.102062072615966	0.0151395672302882	2.09688988419048	0.00722001061878979	0.99423931504784	NA
5846	0.102062072615966	0.0151395672302882	2.09688988419048	0.00722001061878979	0.99423931504784	NA
5847	0	NA	NA	NA	NA	NA
5848	0	NA	NA	NA	NA	NA
5849	0	NA	NA	NA	NA	NA
5850	0	NA	NA	NA	NA	NA
5851	0	NA	NA	NA	NA	NA
5852	0	NA	NA	NA	NA	NA
5853	0	NA	NA	NA	NA	NA
5854	0	NA	NA	NA	NA	NA
5855	0.557190263303588	0.93792212795813	2.1015277568334	0.446304896477504	0.655377019783103	NA
5856	0.557190263303588	0.93792212795813	2.1015277568334	0.446304896477504	0.655377019783103	NA
5857	0	NA	NA	NA	NA	NA
5858	0	NA	NA	NA	NA	NA
5859	0	NA	NA	NA	NA	NA
5860	0	NA	NA	NA	NA	NA
5861	0	NA	NA	NA	NA	NA
5862	0	NA	NA	NA	NA	NA
5863	0	NA	NA	NA	NA	NA
5864	0	NA	NA	NA	NA	NA
5865	0	NA	NA	NA	NA	NA
5866	0	NA	NA	NA	NA	NA
5867	0	NA	NA	NA	NA	NA
5868	0	NA	NA	NA	NA	NA
5869	0.436775360007456	-0.717854028375714	2.10172648415553	-0.341554447635058	0.732686223085295	NA
5870	0.436775360007456	-0.717854028375714	2.10172648415553	-0.341554447635058	0.732686223085295	NA
5871	2.64982489449968	0.731294564412266	1.13188097317221	0.646087867669285	0.518222452062483	0.614319587542316
5872	2.64982489449968	0.731294564412266	1.13188097317221	0.646087867669285	0.518222452062483	0.614319587542316
5873	0.538837432623422	-0.864822990680704	2.10272243892331	-0.411287279134916	0.680861896192882	NA
5874	0.538837432623422	-0.864822990680704	2.10272243892331	-0.411287279134916	0.680861896192882	NA
5875	0	NA	NA	NA	NA	NA
5876	0	NA	NA	NA	NA	NA
5877	1.5144502252543	-2.80093626769599	1.64135414778898	-1.70647892867548	0.0879189462214691	NA
5878	1.5144502252543	-2.80093626769599	1.64135414778898	-1.70647892867548	0.0879189462214691	NA
5879	10.0363047062194	-1.85012755706155	0.775668539292979	-2.38520381237576	0.0170696615372181	0.0520265445981973
5880	10.0363047062194	-1.85012755706155	0.775668539292979	-2.38520381237576	0.0170696615372181	0.0520265445981973
5881	0.227564095343811	1.16277842171323	2.09495177282485	0.555038276678481	0.578868479644751	NA
5882	0.227564095343811	1.16277842171323	2.09495177282485	0.555038276678481	0.578868479644751	NA
5883	0.227564095343811	1.16277842171323	2.09495177282485	0.555038276678481	0.578868479644751	NA
5884	0	NA	NA	NA	NA	NA
5885	0	NA	NA	NA	NA	NA
5886	2.00628407730225	1.17813205402812	1.33530352838555	0.882295320115376	0.377617126552406	0.484619218378062
5887	2.00628407730225	1.17813205402812	1.33530352838555	0.882295320115376	0.377617126552406	0.484619218378062
5888	1.89913488525458	1.95876625073615	1.60544500861138	1.22007682619436	0.222435752501505	0.328376154835262
5889	1.89913488525458	1.95876625073615	1.60544500861138	1.22007682619436	0.222435752501505	0.328376154835262
5890	2.02595756396144	4.36505997461887	1.60979202898813	2.71156764104655	0.00669658765663955	0.025922274799895
5891	2.02595756396144	4.36505997461887	1.60979202898813	2.71156764104655	0.00669658765663955	0.025922274799895
5892	0.227564095343811	1.16277842171323	2.09495177282485	0.555038276678481	0.578868479644751	NA
5893	0.227564095343811	1.16277842171323	2.09495177282485	0.555038276678481	0.578868479644751	NA
5894	0.102062072615966	0.0151395672302882	2.09688988419048	0.00722001061878979	0.99423931504784	NA
5895	0.102062072615966	0.0151395672302882	2.09688988419048	0.00722001061878979	0.99423931504784	NA
5896	0.102062072615966	0.0151395672302882	2.09688988419048	0.00722001061878979	0.99423931504784	NA
5897	0.102062072615966	0.0151395672302882	2.09688988419048	0.00722001061878979	0.99423931504784	NA
5898	9.78634462988301	3.03935704097153	0.951142531569105	3.19548010954519	0.00139598404845595	0.00819709912986956
5899	9.78634462988301	3.03935704097153	0.951142531569105	3.19548010954519	0.00139598404845595	0.00819709912986956
5900	33.1321336410428	-5.22759167534912	1.1075831561773	-4.71981868466797	2.36054956897559e-06	8.41496519674237e-05
5901	33.1321336410428	-5.22759167534912	1.1075831561773	-4.71981868466797	2.36054956897559e-06	8.41496519674237e-05
5902	101.239910271658	-6.13497475712673	1.2596351246666	-4.87043798397614	1.11351146914346e-06	5.37557260965807e-05
5903	101.239910271658	-6.13497475712673	1.2596351246666	-4.87043798397614	1.11351146914346e-06	5.37557260965807e-05
5904	73.7674652159996	-6.18910456835729	1.24013350775176	-4.99067602775893	6.01683402214153e-07	4.33760913590248e-05
5905	73.7674652159996	-6.18910456835729	1.24013350775176	-4.99067602775893	6.01683402214153e-07	4.33760913590248e-05
5906	37.2609068711574	-4.48134792874829	0.93018707666789	-4.8176845724425	1.45233723599021e-06	6.28847050634936e-05
5907	37.2609068711574	-4.48134792874829	0.93018707666789	-4.8176845724425	1.45233723599021e-06	6.28847050634936e-05
5908	1.21644259922314	1.21284785831332	1.84553104620809	0.657180956562765	0.511064568926309	NA
5909	1.21644259922314	1.21284785831332	1.84553104620809	0.657180956562765	0.511064568926309	NA
5910	0.232651214775525	-0.19316414502161	2.0980365678857	-0.0920690077467387	0.926643212073756	NA
5911	0.232651214775525	-0.19316414502161	2.0980365678857	-0.0920690077467387	0.926643212073756	NA
5912	0.687779405463147	0.672071389472816	2.12285694374022	0.316588167400817	0.751556115341702	NA
5913	0.687779405463147	0.672071389472816	2.12285694374022	0.316588167400817	0.751556115341702	NA
5914	0	NA	NA	NA	NA	NA
5915	0	NA	NA	NA	NA	NA
5916	0	NA	NA	NA	NA	NA
5917	0	NA	NA	NA	NA	NA
5918	0.227564095343811	1.16277842171323	2.09495177282485	0.555038276678481	0.578868479644751	NA
5919	0.227564095343811	1.16277842171323	2.09495177282485	0.555038276678481	0.578868479644751	NA
5920	4.23900709845367	2.93082744374889	1.03373889101908	2.83517188838627	0.00458010355253652	0.0198518420233781
5921	4.23900709845367	2.93082744374889	1.03373889101908	2.83517188838627	0.00458010355253652	0.0198518420233781
5922	4.48492402447764	5.5231329534595	1.42983835307127	3.86276738317721	0.000112109750543334	0.00121355915536599
5923	4.48492402447764	5.5231329534595	1.42983835307127	3.86276738317721	0.000112109750543334	0.00121355915536599
5924	1.78004063793746	1.47391084769373	1.31405239745435	1.12165302582231	0.26200999647595	0.370269846971396
5925	1.78004063793746	1.47391084769373	1.31405239745435	1.12165302582231	0.26200999647595	0.370269846971396
5926	2.91786111465652	2.486103794621	1.14317283361435	2.17474009311499	0.0296495986047463	0.0763041140563324
5927	2.91786111465652	2.486103794621	1.14317283361435	2.17474009311499	0.0296495986047463	0.0763041140563324
5928	0.659252335919554	0.693501941428492	2.12273943425933	0.326701398313859	0.743893742536631	NA
5929	0.659252335919554	0.693501941428492	2.12273943425933	0.326701398313859	0.743893742536631	NA
5930	0.431688240575743	0.300911269897379	2.10125340962322	0.143205606957866	0.886127801753767	NA
5931	0.431688240575743	0.300911269897379	2.10125340962322	0.143205606957866	0.886127801753767	NA
5932	11.7711844041201	1.50134219428919	0.649698023225834	2.3108307869475	0.0208422032665028	0.0601217401918351
5933	11.7711844041201	1.50134219428919	0.649698023225834	2.3108307869475	0.0208422032665028	0.0601217401918351
5934	26.4360631254981	5.59032330633492	0.961940353510312	5.81150721656984	6.19128638895864e-09	2.00026175643279e-06
5935	26.4360631254981	5.59032330633492	0.961940353510312	5.81150721656984	6.19128638895864e-09	2.00026175643279e-06
5936	3.16886516011221	3.74916993045267	1.39744568152127	2.68287345979079	0.00729926031274538	0.0276437270635984
5937	3.16886516011221	3.74916993045267	1.39744568152127	2.68287345979079	0.00729926031274538	0.0276437270635984
5938	0.329626167959777	0.605654192809648	2.0991405715485	0.288524837744843	0.772945020734111	NA
5939	0.329626167959777	0.605654192809648	2.0991405715485	0.288524837744843	0.772945020734111	NA
5940	0.76131440853552	0.44849010424205	2.0995768011383	0.213609763643273	0.830851384848037	NA
5941	0.76131440853552	0.44849010424205	2.0995768011383	0.213609763643273	0.830851384848037	NA
5942	8.50537361697993	-1.5027510608335	0.805655421062006	-1.86525283830721	0.0621459723791144	0.130181089272958
5943	8.50537361697993	-1.5027510608335	0.805655421062006	-1.86525283830721	0.0621459723791144	0.130181089272958
5944	0.915343500806958	1.1663251860491	2.05615369675472	0.56723638310207	0.570553592194738	NA
5945	0.915343500806958	1.1663251860491	2.05615369675472	0.56723638310207	0.570553592194738	NA
5946	0.204124145231932	-0.289902072294537	2.0984847144607	-0.138148288761322	0.890123222704436	NA
5947	0.204124145231932	-0.289902072294537	2.0984847144607	-0.138148288761322	0.890123222704436	NA
5948	7.82442282119819	1.39559555563493	0.810209043699782	1.72251293229462	0.0849766421610812	0.16447092031177
5949	7.82442282119819	1.39559555563493	0.810209043699782	1.72251293229462	0.0849766421610812	0.16447092031177
5950	1.79707281263861	2.37352052115412	1.64325400070095	1.44440270350273	0.148625730698921	0.247257832933398
5951	1.79707281263861	2.37352052115412	1.64325400070095	1.44440270350273	0.148625730698921	0.247257832933398
5952	0.102062072615966	0.0151395672302882	2.09688988419048	0.00722001061878979	0.99423931504784	NA
5953	0.102062072615966	0.0151395672302882	2.09688988419048	0.00722001061878979	0.99423931504784	NA
5954	0	NA	NA	NA	NA	NA
5955	0	NA	NA	NA	NA	NA
5956	0	NA	NA	NA	NA	NA
5957	0	NA	NA	NA	NA	NA
5958	0.888137087242385	2.39869042557319	2.06491450232858	1.16164152213964	0.245381108426186	NA
5959	0.888137087242385	2.39869042557319	2.06491450232858	1.16164152213964	0.245381108426186	NA
5960	2.00760473328127	1.75071242060357	1.25309798676285	1.39710736039582	0.162381288773663	0.263626367549047
5961	2.00760473328127	1.75071242060357	1.25309798676285	1.39710736039582	0.162381288773663	0.263626367549047
5962	0.970525673199165	-0.879241494083832	1.78417221075644	-0.492800800720383	0.622153344900128	NA
5963	0.970525673199165	-0.879241494083832	1.78417221075644	-0.492800800720383	0.622153344900128	NA
5964	0.562277382735302	0.0498330857396452	2.0951784918673	0.0237846493428024	0.981024384636588	NA
5965	0.562277382735302	0.0498330857396452	2.0951784918673	0.0237846493428024	0.981024384636588	NA
5966	0.794928597510827	-0.447817310103823	1.94754649675882	-0.229939213697387	0.818139004478471	NA
5967	0.794928597510827	-0.447817310103823	1.94754649675882	-0.229939213697387	0.818139004478471	NA
5968	0.431688240575743	0.300911269897379	2.10125340962322	0.143205606957866	0.886127801753767	NA
5969	0.431688240575743	0.300911269897379	2.10125340962322	0.143205606957866	0.886127801753767	NA
5970	2.45832079560485	-0.800184079618315	1.19953899943042	-0.667076335157311	0.504723375274993	0.603770485945591
5971	2.45832079560485	-0.800184079618315	1.19953899943042	-0.667076335157311	0.504723375274993	0.603770485945591
5972	1.33376603013425	-1.33979669262574	1.57164661062102	-0.852479611874284	0.393947950192337	NA
5973	1.33376603013425	-1.33979669262574	1.57164661062102	-0.852479611874284	0.393947950192337	NA
5974	0.873550720014913	-1.7477027830362	2.0124501450409	-0.86844525681439	0.3851506285872	NA
5975	0.873550720014913	-1.7477027830362	2.0124501450409	-0.86844525681439	0.3851506285872	NA
5976	0.334713287391491	-0.530109587478167	2.10015201911518	-0.252414864568474	0.800720411785564	NA
5977	0.334713287391491	-0.530109587478167	2.10015201911518	-0.252414864568474	0.800720411785564	NA
5978	4.58646411253397	-2.22058032314093	1.08480483195107	-2.04698601788776	0.0406594574042814	0.0973515470542234
5979	4.58646411253397	-2.22058032314093	1.08480483195107	-2.04698601788776	0.0406594574042814	0.0973515470542234
5980	4.4666005199538	-1.81072978468327	1.08162805173293	-1.67407805463459	0.0941152601111666	0.176149105833968
5981	4.4666005199538	-1.81072978468327	1.08162805173293	-1.67407805463459	0.0941152601111666	0.176149105833968
5982	0.896990670126792	-0.671851961788102	1.83207637872	-0.366716131266044	0.713830772624265	NA
5983	0.896990670126792	-0.671851961788102	1.83207637872	-0.366716131266044	0.713830772624265	NA
5984	1.07258774581513	-1.05126057515275	1.73226051262502	-0.606872100062884	0.543935794914801	NA
5985	1.07258774581513	-1.05126057515275	1.73226051262502	-0.606872100062884	0.543935794914801	NA
5986	30.5403109366964	1.4892995451853	1.68145801484783	0.885719139005724	0.375768892323623	0.483836305342237
5987	30.5403109366964	1.4892995451853	1.68145801484783	0.885719139005724	0.375768892323623	0.483836305342237
5988	30.5403109366964	1.4892995451853	1.68145801484783	0.885719139005724	0.375768892323623	0.483836305342237
5989	30.6189330592004	1.4245745003846	1.68449163991579	0.845699952809392	0.397720149488204	0.50359500387412
5990	30.6189330592004	1.4245745003846	1.68449163991579	0.845699952809392	0.397720149488204	0.50359500387412
5991	30.6189330592004	1.4245745003846	1.68449163991579	0.845699952809392	0.397720149488204	0.50359500387412
5992	27.8983381539381	1.21165003656449	1.6246275071568	0.745801749155994	0.455787183177799	0.560394077677622
5993	27.8983381539381	1.21165003656449	1.6246275071568	0.745801749155994	0.455787183177799	0.560394077677622
5994	27.8983381539381	1.21165003656449	1.6246275071568	0.745801749155994	0.455787183177799	0.560394077677622
5995	26.7972233385794	1.3342298404563	1.64766173927955	0.809771695639239	0.418071403020054	0.523836483497681
5996	26.7972233385794	1.3342298404563	1.64766173927955	0.809771695639239	0.418071403020054	0.523836483497681
5997	26.7972233385794	1.3342298404563	1.64766173927955	0.809771695639239	0.418071403020054	0.523836483497681
5998	719.278578846441	0.664642399782974	1.65948528551519	0.400511173906934	0.688780055111683	0.762286227001072
5999	719.278578846441	0.664642399782974	1.65948528551519	0.400511173906934	0.688780055111683	0.762286227001072
6000	719.278578846441	0.664642399782974	1.65948528551519	0.400511173906934	0.688780055111683	0.762286227001072
6001	14.907139692481	-0.0516383093856567	0.729337588683062	-0.0708016564440317	0.943555613483653	0.961177195399307
6002	14.907139692481	-0.0516383093856567	0.729337588683062	-0.0708016564440317	0.943555613483653	0.961177195399307
6003	13.0183252565043	-2.83058886879891	0.878165312246465	-3.22329842607639	0.00126723454179537	0.00769130791263084
6004	13.0183252565043	-2.83058886879891	0.878165312246465	-3.22329842607639	0.00126723454179537	0.00769130791263084
6005	0.436775360007456	-0.717854028375714	2.10172648415553	-0.341554447635058	0.732686223085295	NA
6006	0.436775360007456	-0.717854028375714	2.10172648415553	-0.341554447635058	0.732686223085295	NA
6007	7.62863027429102	-1.79857452377071	0.826514390396603	-2.1760958365258	0.0295480951841974	0.0761361961801405
6008	7.62863027429102	-1.79857452377071	0.826514390396603	-2.1760958365258	0.0295480951841974	0.0761361961801405
6009	2.22566958082933	-0.634070719095066	1.21679084061856	-0.521100831735989	0.602296531574542	0.690593893697264
6010	2.22566958082933	-0.634070719095066	1.21679084061856	-0.521100831735989	0.602296531574542	0.690593893697264
6011	0.562277382735302	0.0498330857396452	2.0951784918673	0.0237846493428024	0.981024384636588	NA
6012	0.562277382735302	0.0498330857396452	2.0951784918673	0.0237846493428024	0.981024384636588	NA
6013	1.89604341286955	-1.02155801894416	1.35694441684584	-0.752837040531645	0.451547845398328	0.55682600616822
6014	1.89604341286955	-1.02155801894416	1.35694441684584	-0.752837040531645	0.451547845398328	0.55682600616822
6015	0	NA	NA	NA	NA	NA
6016	0	NA	NA	NA	NA	NA
6017	0	NA	NA	NA	NA	NA
6018	0	NA	NA	NA	NA	NA
6019	0	NA	NA	NA	NA	NA
6020	0	NA	NA	NA	NA	NA
6021	0.436775360007456	-0.717854028375714	2.10172648415553	-0.341554447635058	0.732686223085295	NA
6022	0.436775360007456	-0.717854028375714	2.10172648415553	-0.341554447635058	0.732686223085295	NA
6023	0.659252335919554	0.693501941428492	2.12273943425933	0.326701398313859	0.743893742536631	NA
6024	0.659252335919554	0.693501941428492	2.12273943425933	0.326701398313859	0.743893742536631	NA
6025	0.436775360007456	-0.717854028375714	2.10172648415553	-0.341554447635058	0.732686223085295	NA
6026	0.436775360007456	-0.717854028375714	2.10172648415553	-0.341554447635058	0.732686223085295	NA
6027	0.970525673199165	-0.879241494083832	1.78417221075644	-0.492800800720383	0.622153344900128	NA
6028	0.970525673199165	-0.879241494083832	1.78417221075644	-0.492800800720383	0.622153344900128	NA
6029	0.896990670126792	-0.671851961788102	1.83207637872	-0.366716131266044	0.713830772624265	NA
6030	0.896990670126792	-0.671851961788102	1.83207637872	-0.366716131266044	0.713830772624265	NA
6031	0.329626167959777	0.605654192809648	2.0991405715485	0.288524837744843	0.772945020734111	NA
6032	0.329626167959777	0.605654192809648	2.0991405715485	0.288524837744843	0.772945020734111	NA
6033	0.102062072615966	0.0151395672302882	2.09688988419048	0.00722001061878979	0.99423931504784	NA
6034	0.102062072615966	0.0151395672302882	2.09688988419048	0.00722001061878979	0.99423931504784	NA
6035	0.947085723087285	-1.87527622269716	2.00012112589023	-0.937581328662036	0.348459610401336	NA
6036	0.947085723087285	-1.87527622269716	2.00012112589023	-0.937581328662036	0.348459610401336	NA
6037	0	NA	NA	NA	NA	NA
6038	0	NA	NA	NA	NA	NA
6039	0.436775360007456	-0.717854028375714	2.10172648415553	-0.341554447635058	0.732686223085295	NA
6040	0.436775360007456	-0.717854028375714	2.10172648415553	-0.341554447635058	0.732686223085295	NA
6041	0.232651214775525	-0.19316414502161	2.0980365678857	-0.0920690077467387	0.926643212073756	NA
6042	0.232651214775525	-0.19316414502161	2.0980365678857	-0.0920690077467387	0.926643212073756	NA
6043	0	NA	NA	NA	NA	NA
6044	0	NA	NA	NA	NA	NA
6045	0.102062072615966	0.0151395672302882	2.09688988419048	0.00722001061878979	0.99423931504784	NA
6046	0.102062072615966	0.0151395672302882	2.09688988419048	0.00722001061878979	0.99423931504784	NA
6047	0.102062072615966	0.0151395672302882	2.09688988419048	0.00722001061878979	0.99423931504784	NA
6048	0.102062072615966	0.0151395672302882	2.09688988419048	0.00722001061878979	0.99423931504784	NA
6049	0	NA	NA	NA	NA	NA
6050	0	NA	NA	NA	NA	NA
6051	0	NA	NA	NA	NA	NA
6052	0	NA	NA	NA	NA	NA
6053	0.102062072615966	0.0151395672302882	2.09688988419048	0.00722001061878979	0.99423931504784	NA
6054	0.102062072615966	0.0151395672302882	2.09688988419048	0.00722001061878979	0.99423931504784	NA
6055	0	NA	NA	NA	NA	NA
6056	0	NA	NA	NA	NA	NA
6057	0	NA	NA	NA	NA	NA
6058	0	NA	NA	NA	NA	NA
6059	0.640899505239388	-1.11512100132872	2.12268220907098	-0.525335821143369	0.599349759901581	NA
6060	0.640899505239388	-1.11512100132872	2.12268220907098	-0.525335821143369	0.599349759901581	NA
6061	0.873550720014913	-1.7477027830362	2.0124501450409	-0.86844525681439	0.3851506285872	NA
6062	0.873550720014913	-1.7477027830362	2.0124501450409	-0.86844525681439	0.3851506285872	NA
6063	0.204124145231932	-0.289902072294537	2.0984847144607	-0.138148288761322	0.890123222704436	NA
6064	0.204124145231932	-0.289902072294537	2.0984847144607	-0.138148288761322	0.890123222704436	NA
6065	0.538837432623422	-0.864822990680704	2.10272243892331	-0.411287279134916	0.680861896192882	NA
6066	0.538837432623422	-0.864822990680704	2.10272243892331	-0.411287279134916	0.680861896192882	NA
6067	1.2082640074064	-2.3763871694912	1.7851471055833	-1.3311996317047	0.183123332572317	NA
6068	1.2082640074064	-2.3763871694912	1.7851471055833	-1.3311996317047	0.183123332572317	NA
6069	1.65962573464133	-0.0033536504799683	1.39925945582879	-0.00239673240441454	0.998087686048968	0.998595619593325
6070	1.65962573464133	-0.0033536504799683	1.39925945582879	-0.00239673240441454	0.998087686048968	0.998595619593325
6071	7.23781246273624	6.05010291649285	1.50900268136533	4.00933874485816	6.08890168843336e-05	0.000740692012069079
6072	7.23781246273624	6.05010291649285	1.50900268136533	4.00933874485816	6.08890168843336e-05	0.000740692012069079
6073	28.876357570498	6.83232475974769	1.26340404020714	5.40786996266651	6.37787023998834e-08	1.33935275039755e-05
6074	28.876357570498	6.83232475974769	1.26340404020714	5.40786996266651	6.37787023998834e-08	1.33935275039755e-05
6075	8.84434602622744	5.34620488665099	1.22132759268238	4.3773717376754	1.20119005222719e-05	0.000242547991315106
6076	8.84434602622744	5.34620488665099	1.22132759268238	4.3773717376754	1.20119005222719e-05	0.000242547991315106
6077	4.61419251065818	3.66372743389506	1.13787983099748	3.21978414072371	0.00128287155621488	0.00776377598862031
6078	4.61419251065818	3.66372743389506	1.13787983099748	3.21978414072371	0.00128287155621488	0.00776377598862031
6079	7.7116126689401	4.31115954120847	1.060017837366	4.06706320331468	4.76093337670786e-05	0.000634791116894381
6080	7.7116126689401	4.31115954120847	1.060017837366	4.06706320331468	4.76093337670786e-05	0.000634791116894381
6081	5.30718271590475	0.0601809250012642	0.795309842778701	0.0756697852386694	0.939681814938049	0.958626092479914
6082	5.30718271590475	0.0601809250012642	0.795309842778701	0.0756697852386694	0.939681814938049	0.958626092479914
6083	0	NA	NA	NA	NA	NA
6084	0	NA	NA	NA	NA	NA
6085	1.07767486524684	-2.17633120654209	1.87040749752695	-1.16355992446546	0.244602400160686	NA
6086	1.07767486524684	-2.17633120654209	1.87040749752695	-1.16355992446546	0.244602400160686	NA
6087	5.24130432008948	-4.5626378981254	1.38383781202436	-3.29709006249142	0.000976921695553464	0.00629305386706219
6088	5.24130432008948	-4.5626378981254	1.38383781202436	-3.29709006249142	0.000976921695553464	0.00629305386706219
6089	7.35164611705439	-4.99007698821964	1.3796315940743	-3.61696340505152	0.000298079426891657	0.00259737259947087
6090	7.35164611705439	-4.99007698821964	1.3796315940743	-3.61696340505152	0.000298079426891657	0.00259737259947087
6091	1.04914779570325	-2.06533313868601	1.94795212461695	-1.06025867503912	0.289026934029371	NA
6092	1.04914779570325	-2.06533313868601	1.94795212461695	-1.06025867503912	0.289026934029371	NA
6093	0.868463600583199	-0.685073820305404	1.84775621910483	-0.37075985090571	0.710816407676975	NA
6094	0.868463600583199	-0.685073820305404	1.84775621910483	-0.37075985090571	0.710816407676975	NA
6095	0.329626167959777	0.605654192809648	2.0991405715485	0.288524837744843	0.772945020734111	NA
6096	0.329626167959777	0.605654192809648	2.0991405715485	0.288524837744843	0.772945020734111	NA
6097	0	NA	NA	NA	NA	NA
6098	0	NA	NA	NA	NA	NA
6099	4.71116746384244	3.82461821769469	1.16996711402028	3.26899634345482	0.00107929696296886	0.00672558938348549
6100	4.71116746384244	3.82461821769469	1.16996711402028	3.26899634345482	0.00107929696296886	0.00672558938348549
6101	10.9798985897102	3.10224187971337	0.818755260418447	3.78897337175932	0.000151271125428168	0.00151632154367138
6102	10.9798985897102	3.10224187971337	0.818755260418447	3.78897337175932	0.000151271125428168	0.00151632154367138
6103	0.557190263303588	0.93792212795813	2.1015277568334	0.446304896477504	0.655377019783103	NA
6104	0.557190263303588	0.93792212795813	2.1015277568334	0.446304896477504	0.655377019783103	NA
6105	0.910256381375245	1.8949507654303	2.11458035208375	0.896135615543281	0.370180337336823	NA
6106	0.910256381375245	1.8949507654303	2.11458035208375	0.896135615543281	0.370180337336823	NA
6107	5.32930201003761	0.263577488739613	0.819297733823871	0.32171148272244	0.747671278006791	0.813528333582519
6108	5.32930201003761	0.263577488739613	0.819297733823871	0.32171148272244	0.747671278006791	0.813528333582519
6109	1.55624300604635	0.0319495344115111	1.40493959289757	0.0227408598725713	0.981856982788707	0.987027124871367
6110	1.55624300604635	0.0319495344115111	1.40493959289757	0.0227408598725713	0.981856982788707	0.987027124871367
6111	3.65396475667416	-0.272871323554767	1.01699370231436	-0.26831171415693	0.788459390112556	0.84041689262654
6112	3.65396475667416	-0.272871323554767	1.01699370231436	-0.26831171415693	0.788459390112556	0.84041689262654
6113	1.31850467183911	0.93804198418733	1.80739814263705	0.519001299192826	0.603759835262584	NA
6114	1.31850467183911	0.93804198418733	1.80739814263705	0.519001299192826	0.603759835262584	NA
6115	0.784754358647399	1.5234629717844	2.0917513508276	0.728319344066225	0.466418123607769	NA
6116	0.784754358647399	1.5234629717844	2.0917513508276	0.728319344066225	0.466418123607769	NA
6117	1.01740557342292	1.06885729488453	1.78486901127594	0.598843549936723	0.549277218004424	NA
6118	1.01740557342292	1.06885729488453	1.78486901127594	0.598843549936723	0.549277218004424	NA
6119	1.5695087172948	2.1571412749912	1.70584805986042	1.26455651341404	0.206030350128559	0.311544101337521
6120	1.5695087172948	2.1571412749912	1.70584805986042	1.26455651341404	0.206030350128559	0.311544101337521
6121	4.71116746384244	3.82461821769469	1.16996711402028	3.26899634345482	0.00107929696296886	0.00672558938348549
6122	4.71116746384244	3.82461821769469	1.16996711402028	3.26899634345482	0.00107929696296886	0.00672558938348549
6123	2.00383826982858	4.16239550863126	1.61719434656169	2.573837533801	0.0100577489319027	0.0342960574256522
6124	2.00383826982858	4.16239550863126	1.61719434656169	2.573837533801	0.0100577489319027	0.0342960574256522
6125	0.557190263303588	0.93792212795813	2.1015277568334	0.446304896477504	0.655377019783103	NA
6126	0.557190263303588	0.93792212795813	2.1015277568334	0.446304896477504	0.655377019783103	NA
6127	0	NA	NA	NA	NA	NA
6128	0	NA	NA	NA	NA	NA
6129	0	NA	NA	NA	NA	NA
6130	0	NA	NA	NA	NA	NA
6131	0	NA	NA	NA	NA	NA
6132	0	NA	NA	NA	NA	NA
6133	0	NA	NA	NA	NA	NA
6134	0	NA	NA	NA	NA	NA
6135	0.102062072615966	0.0151395672302882	2.09688988419048	0.00722001061878979	0.99423931504784	NA
6136	0.102062072615966	0.0151395672302882	2.09688988419048	0.00722001061878979	0.99423931504784	NA
6137	0	NA	NA	NA	NA	NA
6138	0	NA	NA	NA	NA	NA
6139	0.227564095343811	1.16277842171323	2.09495177282485	0.555038276678481	0.578868479644751	NA
6140	0.227564095343811	1.16277842171323	2.09495177282485	0.555038276678481	0.578868479644751	NA
6141	0.232651214775525	-0.19316414502161	2.0980365678857	-0.0920690077467387	0.926643212073756	NA
6142	0.232651214775525	-0.19316414502161	2.0980365678857	-0.0920690077467387	0.926643212073756	NA
6143	0.920430620238672	0.200879947567485	2.07036909741302	0.0970261523988596	0.922705625817866	NA
6144	0.920430620238672	0.200879947567485	2.07036909741302	0.0970261523988596	0.922705625817866	NA
6145	0.102062072615966	0.0151395672302882	2.09688988419048	0.00722001061878979	0.99423931504784	NA
6146	0.102062072615966	0.0151395672302882	2.09688988419048	0.00722001061878979	0.99423931504784	NA
6147	3.14165874654764	5.03218501691265	1.4767705575605	3.40756049824383	0.000655463764033111	0.00465024967726193
6148	3.14165874654764	5.03218501691265	1.4767705575605	3.40756049824383	0.000655463764033111	0.00465024967726193
6149	20.0098922501377	7.37379767169073	1.41642304416451	5.20592890808285	1.93028540664649e-07	2.72001434705839e-05
6150	20.0098922501377	7.37379767169073	1.41642304416451	5.20592890808285	1.93028540664649e-07	2.72001434705839e-05
6151	0	NA	NA	NA	NA	NA
6152	0	NA	NA	NA	NA	NA
6153	0.873550720014913	-1.7477027830362	2.0124501450409	-0.86844525681439	0.3851506285872	NA
6154	0.873550720014913	-1.7477027830362	2.0124501450409	-0.86844525681439	0.3851506285872	NA
6155	0.204124145231932	-0.289902072294537	2.0984847144607	-0.138148288761322	0.890123222704436	NA
6156	0.204124145231932	-0.289902072294537	2.0984847144607	-0.138148288761322	0.890123222704436	NA
6157	1.40730103320662	-1.49478866027102	1.53902384794937	-0.971257633377619	0.33142000047113	NA
6158	1.40730103320662	-1.49478866027102	1.53902384794937	-0.971257633377619	0.33142000047113	NA
6159	0	NA	NA	NA	NA	NA
6160	0	NA	NA	NA	NA	NA
6161	3.63870339837901	0.906402461647813	0.928269541488318	0.976443178556257	0.328844893013337	0.436273292557521
6162	3.63870339837901	0.906402461647813	0.928269541488318	0.976443178556257	0.328844893013337	0.436273292557521
6163	1.55247654259365	1.12948572296724	1.40347776943318	0.804776354543471	0.420948748919702	0.526813094595574
6164	1.55247654259365	1.12948572296724	1.40347776943318	0.804776354543471	0.420948748919702	0.526813094595574
6165	0.102062072615966	0.0151395672302882	2.09688988419048	0.00722001061878979	0.99423931504784	NA
6166	0.102062072615966	0.0151395672302882	2.09688988419048	0.00722001061878979	0.99423931504784	NA
6167	0	NA	NA	NA	NA	NA
6168	0	NA	NA	NA	NA	NA
6169	0	NA	NA	NA	NA	NA
6170	0	NA	NA	NA	NA	NA
6171	1.71857437048623	-3.01272194226993	1.58953644679805	-1.89534624911479	0.0580465447294754	0.12457613074287
6172	1.71857437048623	-3.01272194226993	1.58953644679805	-1.89534624911479	0.0580465447294754	0.12457613074287
6173	0.102062072615966	0.0151395672302882	2.09688988419048	0.00722001061878979	0.99423931504784	NA
6174	0.102062072615966	0.0151395672302882	2.09688988419048	0.00722001061878979	0.99423931504784	NA
6175	0	NA	NA	NA	NA	NA
6176	0	NA	NA	NA	NA	NA
6177	0	NA	NA	NA	NA	NA
6178	0	NA	NA	NA	NA	NA
6179	0.102062072615966	0.0151395672302882	2.09688988419048	0.00722001061878979	0.99423931504784	NA
6180	0.102062072615966	0.0151395672302882	2.09688988419048	0.00722001061878979	0.99423931504784	NA
6181	0	NA	NA	NA	NA	NA
6182	0	NA	NA	NA	NA	NA
6183	0	NA	NA	NA	NA	NA
6184	0	NA	NA	NA	NA	NA
6185	0	NA	NA	NA	NA	NA
6186	0	NA	NA	NA	NA	NA
6187	0	NA	NA	NA	NA	NA
6188	0	NA	NA	NA	NA	NA
6189	0.227564095343811	1.16277842171323	2.09495177282485	0.555038276678481	0.578868479644751	NA
6190	0.227564095343811	1.16277842171323	2.09495177282485	0.555038276678481	0.578868479644751	NA
6191	0.329626167959777	0.605654192809648	2.0991405715485	0.288524837744843	0.772945020734111	NA
6192	0.329626167959777	0.605654192809648	2.0991405715485	0.288524837744843	0.772945020734111	NA
6193	1.32867891070254	-0.443943755878198	1.52786060272776	-0.290565615138977	0.771383561047814	NA
6194	1.32867891070254	-0.443943755878198	1.52786060272776	-0.290565615138977	0.771383561047814	NA
6195	0.232651214775525	-0.19316414502161	2.0980365678857	-0.0920690077467387	0.926643212073756	NA
6196	0.232651214775525	-0.19316414502161	2.0980365678857	-0.0920690077467387	0.926643212073756	NA
6197	0	NA	NA	NA	NA	NA
6198	0	NA	NA	NA	NA	NA
6199	0	NA	NA	NA	NA	NA
6200	0	NA	NA	NA	NA	NA
6201	35.1187935257558	-2.39342649487413	0.697137879054323	-3.43321825823157	0.000596461743790362	0.00433951726059955
6202	35.1187935257558	-2.39342649487413	0.697137879054323	-3.43321825823157	0.000596461743790362	0.00433951726059955
6203	74.6933540755035	-2.02570134321779	0.752922106971613	-2.69045273669214	0.00713551417178896	0.0272844112861188
6204	74.6933540755035	-2.02570134321779	0.752922106971613	-2.69045273669214	0.00713551417178896	0.0272844112861188
6205	0	NA	NA	NA	NA	NA
6206	0	NA	NA	NA	NA	NA
6207	2.53826357408796	-1.91802641130022	1.376781416358	-1.39312340253253	0.163582477380886	0.264464925772051
6208	2.53826357408796	-1.91802641130022	1.376781416358	-1.39312340253253	0.163582477380886	0.264464925772051
6209	1.97089907192094	-1.43306197254798	1.45649621090163	-0.983910539431381	0.325159501154387	0.433821443725675
6210	1.97089907192094	-1.43306197254798	1.45649621090163	-0.983910539431381	0.325159501154387	0.433821443725675
6211	1.54297729479789	-2.79400755251868	1.6395409094695	-1.70414018728128	0.0883549003098271	0.167914290181572
6212	1.54297729479789	-2.79400755251868	1.6395409094695	-1.70414018728128	0.0883549003098271	0.167914290181572
6213	0.742961577855354	-1.40391491330835	2.10237748146545	-0.667774900409302	0.504277290617022	NA
6214	0.742961577855354	-1.40391491330835	2.10237748146545	-0.667774900409302	0.504277290617022	NA
6215	0.635812385807674	-0.14616022719174	2.11950403513501	-0.068959636202075	0.945021748622434	NA
6216	0.635812385807674	-0.14616022719174	2.11950403513501	-0.068959636202075	0.945021748622434	NA
6217	0.902077789558506	-1.73761697374753	2.02280564545901	-0.85901331037329	0.390333172575116	NA
6218	0.902077789558506	-1.73761697374753	2.02280564545901	-0.85901331037329	0.390333172575116	NA
6219	1.31032608002237	-2.53605447061539	1.72610010556136	-1.46923950844127	0.141767837720336	NA
6220	1.31032608002237	-2.53605447061539	1.72610010556136	-1.46923950844127	0.141767837720336	NA
6221	4.13510238529904	-4.25728864695161	1.39642428526064	-3.04870710992897	0.00229828431523322	0.0118294045637004
6222	4.13510238529904	-4.25728864695161	1.39642428526064	-3.04870710992897	0.00229828431523322	0.0118294045637004
6223	7.92531724434316	-3.27480489775063	1.05753120339678	-3.09665084796742	0.00195720252101113	0.010511829396735
6224	7.92531724434316	-3.27480489775063	1.05753120339678	-3.09665084796742	0.00195720252101113	0.010511829396735
6225	6.38046798285029	-4.81282896624851	1.41901549879048	-3.39166765292613	0.000694686482340235	0.00483060136726654
6226	6.38046798285029	-4.81282896624851	1.41901549879048	-3.39166765292613	0.000694686482340235	0.00483060136726654
6227	0.436775360007456	-0.717854028375714	2.10172648415553	-0.341554447635058	0.732686223085295	NA
6228	0.436775360007456	-0.717854028375714	2.10172648415553	-0.341554447635058	0.732686223085295	NA
6229	0.102062072615966	0.0151395672302882	2.09688988419048	0.00722001061878979	0.99423931504784	NA
6230	0.232651214775525	-0.19316414502161	2.0980365678857	-0.0920690077467387	0.926643212073756	NA
6231	0	NA	NA	NA	NA	NA
6232	0	NA	NA	NA	NA	NA
6233	0.567364502167016	-0.883997508371301	2.10283931084895	-0.420382814707044	0.674205820337934	NA
6234	0.567364502167016	-0.883997508371301	2.10283931084895	-0.420382814707044	0.674205820337934	NA
6235	0	NA	NA	NA	NA	NA
6236	0	NA	NA	NA	NA	NA
6237	0	NA	NA	NA	NA	NA
6238	0	NA	NA	NA	NA	NA
6239	0.102062072615966	0.0151395672302882	2.09688988419048	0.00722001061878979	0.99423931504784	NA
6240	0.102062072615966	0.0151395672302882	2.09688988419048	0.00722001061878979	0.99423931504784	NA
6241	0	NA	NA	NA	NA	NA
6242	0	NA	NA	NA	NA	NA
6243	0.334713287391491	-0.530109587478167	2.10015201911518	-0.252414864568474	0.800720411785564	NA
6244	0.334713287391491	-0.530109587478167	2.10015201911518	-0.252414864568474	0.800720411785564	NA
6245	0.204124145231932	-0.289902072294537	2.0984847144607	-0.138148288761322	0.890123222704436	NA
6246	0.204124145231932	-0.289902072294537	2.0984847144607	-0.138148288761322	0.890123222704436	NA
6247	1.24496966876674	1.46477735902759	1.67231068006482	0.875900259735716	0.381084258328908	NA
6248	1.24496966876674	1.46477735902759	1.67231068006482	0.875900259735716	0.381084258328908	NA
6249	3.94745910405229	-4.20553042440469	1.42819284236453	-2.94465166023516	0.00323318445903666	0.0155905565188909
6250	3.94745910405229	-4.20553042440469	1.42819284236453	-2.94465166023516	0.00323318445903666	0.0155905565188909
6251	11.3891210881642	-5.56547258586364	1.38228828974651	-4.02627485680592	5.66674460568052e-05	0.000700009627760535
6252	11.3891210881642	-5.56547258586364	1.38228828974651	-4.02627485680592	5.66674460568052e-05	0.000700009627760535
6253	7.74784820195984	-5.0869639018296	1.38193528246464	-3.6810435093293	0.000232281359459871	0.002084576302845
6254	7.74784820195984	-5.0869639018296	1.38193528246464	-3.6810435093293	0.000232281359459871	0.002084576302845
6255	0.538837432623422	-0.864822990680704	2.10272243892331	-0.411287279134916	0.680861896192882	NA
6256	0.538837432623422	-0.864822990680704	2.10272243892331	-0.411287279134916	0.680861896192882	NA
6257	0.664339455351268	-0.218000059103391	2.01088723535044	-0.108409887571543	0.913670558214857	NA
6258	0.664339455351268	-0.218000059103391	2.01088723535044	-0.108409887571543	0.913670558214857	NA
6259	0.896990670126792	-0.671851961788102	1.83207637872	-0.366716131266044	0.713830772624265	NA
6260	5.54801252249702	0.944920112709232	0.784674601569321	1.20421906204104	0.22850492019498	0.335919028638052
6261	5.54801252249702	0.944920112709232	0.784674601569321	1.20421906204104	0.22850492019498	0.335919028638052
6262	37.0289013212932	-3.41641925832909	0.814210244513128	-4.19599149157354	2.71680445782842e-05	0.000401552709006993
6263	37.0289013212932	-3.41641925832909	0.814210244513128	-4.19599149157354	2.71680445782842e-05	0.000401552709006993
6264	18.6335661569519	-1.47275526494322	0.652652077469492	-2.25657025509439	0.0240349407510541	0.0661078920461214
6265	18.6335661569519	-1.47275526494322	0.652652077469492	-2.25657025509439	0.0240349407510541	0.0661078920461214
6266	2.5464421659047	0.697180035634886	1.06454682195907	0.654907817348868	0.512527106799009	0.61041195331597
6267	2.5464421659047	0.697180035634886	1.06454682195907	0.654907817348868	0.512527106799009	0.61041195331597
6268	0	NA	NA	NA	NA	NA
6269	0	NA	NA	NA	NA	NA
6270	2.45323367617314	-0.28119691912121	1.15905814538268	-0.242608121293492	0.808308989272313	0.853418239050708
6271	2.45323367617314	-0.28119691912121	1.15905814538268	-0.242608121293492	0.808308989272313	0.853418239050708
6272	8.95915182553222	0.880815829993943	0.676779391865797	1.30148145847887	0.193093707073274	0.298621853600905
6273	8.95915182553222	0.880815829993943	0.676779391865797	1.30148145847887	0.193093707073274	0.298621853600905
6274	15.5945433237989	-3.73669937845102	0.967716180957029	-3.86135878678353	0.000112758176916124	0.00121431882832749
6275	15.5945433237989	-3.73669937845102	0.967716180957029	-3.86135878678353	0.000112758176916124	0.00121431882832749
6276	11.1836537568906	-2.55932121402962	0.876478324948587	-2.9200051400926	0.00350025612443405	0.0164765176978431
6277	11.1836537568906	-2.55932121402962	0.876478324948587	-2.9200051400926	0.00350025612443405	0.0164765176978431
6278	1.07258774581513	-1.05126057515275	1.73226051262502	-0.606872100062884	0.543935794914801	NA
6279	1.07258774581513	-1.05126057515275	1.73226051262502	-0.606872100062884	0.543935794914801	NA
6280	1.3470317413827	1.1519470843691	1.56332394750375	0.736857569544993	0.461208969343215	NA
6281	1.3470317413827	1.1519470843691	1.56332394750375	0.736857569544993	0.461208969343215	NA
6282	0.204124145231932	-0.289902072294537	2.0984847144607	-0.138148288761322	0.890123222704436	NA
6283	0.204124145231932	-0.289902072294537	2.0984847144607	-0.138148288761322	0.890123222704436	NA
6284	0.204124145231932	-0.289902072294537	2.0984847144607	-0.138148288761322	0.890123222704436	NA
6285	0.204124145231932	-0.289902072294537	2.0984847144607	-0.138148288761322	0.890123222704436	NA
6286	0	NA	NA	NA	NA	NA
6287	0	NA	NA	NA	NA	NA
6288	0.232651214775525	-0.19316414502161	2.0980365678857	-0.0920690077467387	0.926643212073756	NA
6289	0.232651214775525	-0.19316414502161	2.0980365678857	-0.0920690077467387	0.926643212073756	NA
6290	2.18387680003728	-3.36012747252439	1.49417287136508	-2.24882109488079	0.0245238807093102	0.0669267699669283
6291	2.18387680003728	-3.36012747252439	1.49417287136508	-2.24882109488079	0.0245238807093102	0.0669267699669283
6292	1.10620193479044	-2.19338494381761	1.8563452695987	-1.18156087649135	0.237379984981971	NA
6293	1.10620193479044	-2.19338494381761	1.8563452695987	-1.18156087649135	0.237379984981971	NA
6294	0.306186217847897	-0.511379433977429	2.09997323508663	-0.243517119853355	0.807604824481893	NA
6295	0.306186217847897	-0.511379433977429	2.09997323508663	-0.243517119853355	0.807604824481893	NA
6296	2.21240386958088	-3.33487026408941	1.5109288311557	-2.20716568201203	0.0273024863783537	0.0720744454991109
6297	2.21240386958088	-3.33487026408941	1.5109288311557	-2.20716568201203	0.0273024863783537	0.0720744454991109
6298	0.999052742742758	-0.87403617560947	1.74218541880253	-0.501689525222998	0.615885933861144	NA
6299	0.999052742742758	-0.87403617560947	1.74218541880253	-0.501689525222998	0.615885933861144	NA
6300	2.81083560296055	-1.34864329133255	1.19553874079483	-1.12806322816099	0.259293217346181	0.366924364169124
6301	2.81083560296055	-1.34864329133255	1.19553874079483	-1.12806322816099	0.259293217346181	0.366924364169124
6302	0.329626167959777	0.605654192809648	2.0991405715485	0.288524837744843	0.772945020734111	NA
6303	0.329626167959777	0.605654192809648	2.0991405715485	0.288524837744843	0.772945020734111	NA
6304	1.01740557342292	1.06885729488453	1.78486901127594	0.598843549936723	0.549277218004424	NA
6305	1.01740557342292	1.06885729488453	1.78486901127594	0.598843549936723	0.549277218004424	NA
6306	0.204124145231932	-0.289902072294537	2.0984847144607	-0.138148288761322	0.890123222704436	NA
6307	0.204124145231932	-0.289902072294537	2.0984847144607	-0.138148288761322	0.890123222704436	NA
6308	0	NA	NA	NA	NA	NA
6309	0	NA	NA	NA	NA	NA
6310	0	NA	NA	NA	NA	NA
6311	0	NA	NA	NA	NA	NA
6312	0	NA	NA	NA	NA	NA
6313	0	NA	NA	NA	NA	NA
6314	0	NA	NA	NA	NA	NA
6315	0	NA	NA	NA	NA	NA
6316	0.232651214775525	-0.19316414502161	2.0980365678857	-0.0920690077467387	0.926643212073756	NA
6317	0.232651214775525	-0.19316414502161	2.0980365678857	-0.0920690077467387	0.926643212073756	NA
6318	0	NA	NA	NA	NA	NA
6319	0	NA	NA	NA	NA	NA
6320	0.431688240575743	0.300911269897379	2.10125340962322	0.143205606957866	0.886127801753767	NA
6321	0.431688240575743	0.300911269897379	2.10125340962322	0.143205606957866	0.886127801753767	NA
6322	4.00261874638177	-1.89148919603138	1.15065108216154	-1.64384253867658	0.100208731960003	0.184352463526944
6323	4.00261874638177	-1.89148919603138	1.15065108216154	-1.64384253867658	0.100208731960003	0.184352463526944
6324	0.538837432623422	-0.864822990680704	2.10272243892331	-0.411287279134916	0.680861896192882	NA
6325	0.538837432623422	-0.864822990680704	2.10272243892331	-0.411287279134916	0.680861896192882	NA
6326	3.7299455672202	-0.735222157180557	0.991683257058737	-0.741388091356079	0.45845816294877	0.563073481884881
6327	3.7299455672202	-0.735222157180557	0.991683257058737	-0.741388091356079	0.45845816294877	0.563073481884881
6328	61.7241934133742	3.67788085749466	0.851226315079263	4.32068510141418	1.55545514554798e-05	0.000259999878920477
6329	61.7241934133742	3.67788085749466	0.851226315079263	4.32068510141418	1.55545514554798e-05	0.000259999878920477
6330	0.664339455351268	-0.218000059103391	2.01088723535044	-0.108409887571543	0.913670558214857	NA
6331	0.664339455351268	-0.218000059103391	2.01088723535044	-0.108409887571543	0.913670558214857	NA
6332	0.436775360007456	-0.717854028375714	2.10172648415553	-0.341554447635058	0.732686223085295	NA
6333	0.436775360007456	-0.717854028375714	2.10172648415553	-0.341554447635058	0.732686223085295	NA
6334	0.102062072615966	0.0151395672302882	2.09688988419048	0.00722001061878979	0.99423931504784	NA
6335	0.102062072615966	0.0151395672302882	2.09688988419048	0.00722001061878979	0.99423931504784	NA
6336	4.12293249938892	-0.122772651317069	1.17735900257769	-0.104278007853401	0.916948729944313	0.93954248981852
6337	4.12293249938892	-0.122772651317069	1.17735900257769	-0.104278007853401	0.916948729944313	0.93954248981852
6338	6.41659980343192	-1.29416977887707	0.854662515415843	-1.51424656578904	0.129963315342686	0.222521779225145
6339	6.41659980343192	-1.29416977887707	0.854662515415843	-1.51424656578904	0.129963315342686	0.222521779225145
6340	148.2956626149	1.91062160726134	1.98887791244451	0.960653037225906	0.336726651713669	0.442844487732229
6341	148.2956626149	1.91062160726134	1.98887791244451	0.960653037225906	0.336726651713669	0.442844487732229
6342	148.2956626149	1.91062160726134	1.98887791244451	0.960653037225906	0.336726651713669	0.442844487732229
6343	137.673561456461	1.84568518899191	2.03266036571517	0.908014550843337	0.363870533975361	0.471393042164256
6344	137.673561456461	1.84568518899191	2.03266036571517	0.908014550843337	0.363870533975361	0.471393042164256
6345	137.673561456461	1.84568518899191	2.03266036571517	0.908014550843337	0.363870533975361	0.471393042164256
6346	3.33695863505148	-1.92735973328424	1.18620923501036	-1.62480587437629	0.104203928970526	0.189543742605547
6347	3.33695863505148	-1.92735973328424	1.18620923501036	-1.62480587437629	0.104203928970526	0.189543742605547
6348	8.23659058162277	-4.07251448033875	1.19206084444802	-3.41636460865764	0.000634632128581797	0.00454855791816305
6349	8.23659058162277	-4.07251448033875	1.19206084444802	-3.41636460865764	0.000634632128581797	0.00454855791816305
6350	1.5144502252543	-2.80093626769599	1.64135414778898	-1.70647892867548	0.0879189462214691	NA
6351	1.5144502252543	-2.80093626769599	1.64135414778898	-1.70647892867548	0.0879189462214691	NA
6352	2.99528626153329	-2.67174019429428	1.3139520449976	-2.03336202753059	0.0420159607479092	0.0990831191135423
6353	2.99528626153329	-2.67174019429428	1.3139520449976	-2.03336202753059	0.0420159607479092	0.0990831191135423
6354	1.48592315571071	-2.7519322975545	1.69421975145522	-1.62430658430866	0.104310392706295	NA
6355	1.48592315571071	-2.7519322975545	1.69421975145522	-1.62430658430866	0.104310392706295	NA
6356	3.09168737393885	-0.316985671922282	1.14070001641521	-0.277886970597625	0.781099126097727	0.836038819982277
6357	3.09168737393885	-0.316985671922282	1.14070001641521	-0.277886970597625	0.781099126097727	0.836038819982277
6358	0	NA	NA	NA	NA	NA
6359	0	NA	NA	NA	NA	NA
6360	0.232651214775525	-0.19316414502161	2.0980365678857	-0.0920690077467387	0.926643212073756	NA
6361	0.232651214775525	-0.19316414502161	2.0980365678857	-0.0920690077467387	0.926643212073756	NA
6362	0	NA	NA	NA	NA	NA
6363	0	NA	NA	NA	NA	NA
6364	0	NA	NA	NA	NA	NA
6365	0	NA	NA	NA	NA	NA
6366	2.46340791503657	-1.43607272174422	1.28666367816487	-1.11612128803733	0.264370220987599	0.371954169086525
6367	2.46340791503657	-1.43607272174422	1.28666367816487	-1.11612128803733	0.264370220987599	0.371954169086525
6368	2.23584381969276	-2.11992811062818	1.39421998766241	-1.52051192020459	0.128382365153942	0.220805050633315
6369	2.23584381969276	-2.11992811062818	1.39421998766241	-1.52051192020459	0.128382365153942	0.220805050633315
6370	3.89227693166009	-2.24762194380107	1.13588965857032	-1.97873264083593	0.0478461159117032	0.109248816244528
6371	3.89227693166009	-2.24762194380107	1.13588965857032	-1.97873264083593	0.0478461159117032	0.109248816244528
6372	6.8563429554727	1.34159321275643	0.895762463615215	1.49771090802564	0.134208376559285	0.227288379656854
6373	6.8563429554727	1.34159321275643	0.895762463615215	1.49771090802564	0.134208376559285	0.227288379656854
6374	0.436775360007456	-0.717854028375714	2.10172648415553	-0.341554447635058	0.732686223085295	NA
6375	0.436775360007456	-0.717854028375714	2.10172648415553	-0.341554447635058	0.732686223085295	NA
6376	1.17973693786281	-2.34927159821038	1.81186296654521	-1.29660556100988	0.194766938080339	NA
6377	1.17973693786281	-2.34927159821038	1.81186296654521	-1.29660556100988	0.194766938080339	NA
6378	2.11098746187626	2.07002505456055	1.36942249618039	1.51160438822517	0.130634534679291	0.222987627609002
6379	2.11098746187626	2.07002505456055	1.36942249618039	1.51160438822517	0.130634534679291	0.222987627609002
6380	1.97466553537364	-1.99665695643976	1.38482506126311	-1.44181168603245	0.149355505274293	0.247257832933398
6381	1.97466553537364	-1.99665695643976	1.38482506126311	-1.44181168603245	0.149355505274293	0.247257832933398
6382	1.10620193479044	-2.19338494381761	1.8563452695987	-1.18156087649135	0.237379984981971	NA
6383	1.10620193479044	-2.19338494381761	1.8563452695987	-1.18156087649135	0.237379984981971	NA
6384	2.61047792118131	-1.61878097336436	1.21419788941044	-1.33321016901978	0.182462843145597	0.285949231795338
6385	2.61047792118131	-1.61878097336436	1.21419788941044	-1.33321016901978	0.182462843145597	0.285949231795338
6386	1.4307409833185	-0.594786917761967	1.4800426518347	-0.401871471085412	0.687778619548742	NA
6387	1.4307409833185	-0.594786917761967	1.4800426518347	-0.401871471085412	0.687778619548742	NA
6388	0.993965623311044	0.070477634208762	1.74486433211095	0.0403914693605419	0.967781031164989	NA
6389	0.993965623311044	0.070477634208762	1.74486433211095	0.0403914693605419	0.967781031164989	NA
6390	4.36775360007456	-4.32090315143942	1.39383444673508	-3.10001174211235	0.00193512970912025	0.0104199292029552
6391	4.36775360007456	-4.32090315143942	1.39383444673508	-3.10001174211235	0.00193512970912025	0.0104199292029552
6392	0	NA	NA	NA	NA	NA
6393	0	NA	NA	NA	NA	NA
6394	1.71348725105452	-1.82326415338358	1.47438808399851	-1.23662431429785	0.216226588875673	0.32169736920929
6395	1.71348725105452	-1.82326415338358	1.47438808399851	-1.23662431429785	0.216226588875673	0.32169736920929
6396	0.557190263303588	0.93792212795813	2.1015277568334	0.446304896477504	0.655377019783103	NA
6397	0.557190263303588	0.93792212795813	2.1015277568334	0.446304896477504	0.655377019783103	NA
6398	0	NA	NA	NA	NA	NA
6399	0	NA	NA	NA	NA	NA
6400	0	NA	NA	NA	NA	NA
6401	0	NA	NA	NA	NA	NA
6402	0.920430620238672	0.200879947567485	2.07036909741302	0.0970261523988596	0.922705625817866	NA
6403	0.920430620238672	0.200879947567485	2.07036909741302	0.0970261523988596	0.922705625817866	NA
6404	0.896990670126792	-0.671851961788102	1.83207637872	-0.366716131266044	0.713830772624265	NA
6405	0.896990670126792	-0.671851961788102	1.83207637872	-0.366716131266044	0.713830772624265	NA
6406	0.329626167959777	0.605654192809648	2.0991405715485	0.288524837744843	0.772945020734111	NA
6407	0.329626167959777	0.605654192809648	2.0991405715485	0.288524837744843	0.772945020734111	NA
6408	0.557190263303588	0.93792212795813	2.1015277568334	0.446304896477504	0.655377019783103	NA
6409	0.557190263303588	0.93792212795813	2.1015277568334	0.446304896477504	0.655377019783103	NA
6410	0.557190263303588	0.93792212795813	2.1015277568334	0.446304896477504	0.655377019783103	NA
6411	0.557190263303588	0.93792212795813	2.1015277568334	0.446304896477504	0.655377019783103	NA
6412	0.102062072615966	0.0151395672302882	2.09688988419048	0.00722001061878979	0.99423931504784	NA
6413	0.102062072615966	0.0151395672302882	2.09688988419048	0.00722001061878979	0.99423931504784	NA
6414	0	NA	NA	NA	NA	NA
6415	0	NA	NA	NA	NA	NA
6416	0	NA	NA	NA	NA	NA
6417	0	NA	NA	NA	NA	NA
6418	0.102062072615966	0.0151395672302882	2.09688988419048	0.00722001061878979	0.99423931504784	NA
6419	0.102062072615966	0.0151395672302882	2.09688988419048	0.00722001061878979	0.99423931504784	NA
6420	0	NA	NA	NA	NA	NA
6421	0	NA	NA	NA	NA	NA
6422	0.232651214775525	-0.19316414502161	2.0980365678857	-0.0920690077467387	0.926643212073756	NA
6423	0.232651214775525	-0.19316414502161	2.0980365678857	-0.0920690077467387	0.926643212073756	NA
6424	0	NA	NA	NA	NA	NA
6425	0	NA	NA	NA	NA	NA
6426	0.669426574782981	-1.18312895308249	2.12141177000729	-0.557708300580618	0.577043588664145	NA
6427	0.669426574782981	-1.18312895308249	2.12141177000729	-0.557708300580618	0.577043588664145	NA
6428	0.455128190687622	1.46332915655147	2.09860405196263	0.697286920409284	0.485623251838368	NA
6429	0.455128190687622	1.46332915655147	2.09860405196263	0.697286920409284	0.485623251838368	NA
6430	1.32867891070254	-0.443943755878198	1.52786060272776	-0.290565615138977	0.771383561047814	NA
6431	1.32867891070254	-0.443943755878198	1.52786060272776	-0.290565615138977	0.771383561047814	NA
6432	6.50150602099504	0.216218056188209	0.744353726695914	0.290477562526585	0.771450913664501	0.828244845958821
6433	6.50150602099504	0.216218056188209	0.744353726695914	0.290477562526585	0.771450913664501	0.828244845958821
6434	0	NA	NA	NA	NA	NA
6435	0	NA	NA	NA	NA	NA
6436	0.562277382735302	0.0498330857396452	2.0951784918673	0.0237846493428024	0.981024384636588	NA
6437	0.562277382735302	0.0498330857396452	2.0951784918673	0.0237846493428024	0.981024384636588	NA
6438	644.908280018485	2.92008815120509	2.00507909029928	1.4563456201467	0.145297100211128	0.243747336062469
6439	644.908280018485	2.92008815120509	2.00507909029928	1.4563456201467	0.145297100211128	0.243747336062469
6440	644.908280018485	2.92008815120509	2.00507909029928	1.4563456201467	0.145297100211128	0.243747336062469
6441	1.22661683808657	-0.277769180721582	1.5909008943486	-0.174598670293234	0.861394993488318	NA
6442	1.22661683808657	-0.277769180721582	1.5909008943486	-0.174598670293234	0.861394993488318	NA
6443	2.34231802067277	1.08030347335847	1.13074540580673	0.955390548403535	0.339380231920796	0.445854543030136
6444	2.34231802067277	1.08030347335847	1.13074540580673	0.955390548403535	0.339380231920796	0.445854543030136
6445	9.28573837732602	-4.23669303851685	1.19432114988727	-3.54736499384336	0.000389105118349264	0.00311878148295212
6446	9.28573837732602	-4.23669303851685	1.19432114988727	-3.54736499384336	0.000389105118349264	0.00311878148295212
6447	5.63937837168991	-2.78696564123656	1.08201392620218	-2.575720675813	0.0100031418978284	0.0342639738946671
6448	1.76545427070999	-0.939535558226187	1.36344605837552	-0.689088910012032	0.49076731846974	0.589575830014281
6449	4.20863738837141	-4.29566045990811	1.39963504948976	-3.06912895720502	0.00214683899395553	0.011228796730527
6450	3.51255571073982	-2.04507685403487	1.13993629361346	-1.7940273202042	0.0728088083066077	0.145825939383764
6451	3.51255571073982	-2.04507685403487	1.13993629361346	-1.7940273202042	0.0728088083066077	0.145825939383764
6452	1.40730103320662	-1.49478866027102	1.53902384794937	-0.971257633377619	0.33142000047113	NA
6453	1.40730103320662	-1.49478866027102	1.53902384794937	-0.971257633377619	0.33142000047113	NA
6454	1.56133012547806	-0.697299979823281	1.44694260268154	-0.481912674719102	0.629867981825546	0.710568230907143
6455	1.56133012547806	-0.697299979823281	1.44694260268154	-0.481912674719102	0.629867981825546	0.710568230907143
6456	0.664339455351268	-0.218000059103391	2.01088723535044	-0.108409887571543	0.913670558214857	NA
6457	0.664339455351268	-0.218000059103391	2.01088723535044	-0.108409887571543	0.913670558214857	NA
6458	0.73787445842364	-0.348363753239826	2.11544556366123	-0.164676302346872	0.86919877029028	NA
6459	0.73787445842364	-0.348363753239826	2.11544556366123	-0.164676302346872	0.86919877029028	NA
6460	0.999052742742758	-0.87403617560947	1.74218541880253	-0.501689525222998	0.615885933861144	NA
6461	0.999052742742758	-0.87403617560947	1.74218541880253	-0.501689525222998	0.615885933861144	NA
6462	1.66847931752574	-1.69024075561901	1.47059471503724	-1.14935864948774	0.250408123357052	0.35588132441824
6463	1.66847931752574	-1.69024075561901	1.47059471503724	-1.14935864948774	0.250408123357052	0.35588132441824
6464	1.94105134639833	-1.17296478846655	1.36223600684533	-0.861058423483396	0.389205866418636	0.49625520308387
6465	1.94105134639833	-1.17296478846655	1.36223600684533	-0.861058423483396	0.389205866418636	0.49625520308387
6466	1.96204548903654	0.514792799051653	1.55006937680746	0.332109521518272	0.739806560668439	0.806852130565423
6467	1.96204548903654	0.514792799051653	1.55006937680746	0.332109521518272	0.739806560668439	0.806852130565423
6468	0.73787445842364	-0.348363753239826	2.11544556366123	-0.164676302346872	0.86919877029028	NA
6469	0.73787445842364	-0.348363753239826	2.11544556366123	-0.164676302346872	0.86919877029028	NA
6470	0.204124145231932	-0.289902072294537	2.0984847144607	-0.138148288761322	0.890123222704436	NA
6471	0.204124145231932	-0.289902072294537	2.0984847144607	-0.138148288761322	0.890123222704436	NA
6472	5.68438630521869	-2.81530975224612	1.11999260300044	-2.5136860231969	0.0119476749226695	0.0391421487326145
6473	5.68438630521869	-2.81530975224612	1.11999260300044	-2.5136860231969	0.0119476749226695	0.0391421487326145
6474	3.53921081358843	-4.06550891952267	1.42442575538916	-2.85413887255355	0.00431536628166684	0.0189785742230374
6475	3.53921081358843	-4.06550891952267	1.42442575538916	-2.85413887255355	0.00431536628166684	0.0189785742230374
6476	2.82477630527667	-3.74129867067249	1.43889590580168	-2.60011767049127	0.00931917990706337	0.0322675643937891
6477	2.82477630527667	-3.74129867067249	1.43889590580168	-2.60011767049127	0.00931917990706337	0.0322675643937891
6478	2.46153594834159	-3.55924424239285	1.48379487416864	-2.39874412855555	0.0164514059920946	0.0504349672750346
6479	2.46153594834159	-3.55924424239285	1.48379487416864	-2.39874412855555	0.0164514059920946	0.0504349672750346
6480	4.6479303799852	-0.163186483868614	0.866974112204647	-0.188225324806578	0.850700020958561	0.888386816636203
6481	4.6479303799852	-0.163186483868614	0.866974112204647	-0.188225324806578	0.850700020958561	0.888386816636203
6482	4.49766775116645	-0.786692840696041	0.882097693568533	-0.891843212415021	0.372476976229069	0.480615453198798
6483	4.49766775116645	-0.786692840696041	0.882097693568533	-0.891843212415021	0.372476976229069	0.480615453198798
6484	2.42979372606126	-0.816970504274773	1.16467921174554	-0.701455384483387	0.48301886852974	0.58513967344243
6485	2.42979372606126	-0.816970504274773	1.16467921174554	-0.701455384483387	0.48301886852974	0.58513967344243
6486	13.3053081160336	1.23517002224468	0.622730850119598	1.98347331276017	0.0473145851652186	0.108590851198862
6487	13.3053081160336	1.23517002224468	0.622730850119598	1.98347331276017	0.0473145851652186	0.108590851198862
6488	2522.24002191435	2.91305476902028	0.431220834691831	6.75536647273101	1.42474669096641e-11	1.99464536735298e-08
6489	2522.24002191435	2.91305476902028	0.431220834691831	6.75536647273101	1.42474669096641e-11	1.99464536735298e-08
6490	2522.24002191435	2.91305476902028	0.431220834691831	6.75536647273101	1.42474669096641e-11	1.99464536735298e-08
6491	11.4360282515408	5.50814720424103	1.42718604921799	3.85944580053816	0.000113644457769904	0.00121761919039183
6492	11.4360282515408	5.50814720424103	1.42718604921799	3.85944580053816	0.000113644457769904	0.00121761919039183
6493	25.5561160513187	-4.74801755606076	1.05753570636249	-4.48969952266869	7.13237126175245e-06	0.000176755887951099
6494	25.5561160513187	-4.74801755606076	1.05753570636249	-4.48969952266869	7.13237126175245e-06	0.000176755887951099
6495	8.9973311493796	-2.20670039968352	0.88071445760366	-2.5055798512582	0.0122250790626224	0.0399263857410685
6496	8.9973311493796	-2.20670039968352	0.88071445760366	-2.5055798512582	0.0122250790626224	0.0399263857410685
6497	0.766401527967233	-0.465278789480739	1.92404318179707	-0.241823465233334	0.808916955819756	NA
6498	0.766401527967233	-0.465278789480739	1.92404318179707	-0.241823465233334	0.808916955819756	NA
6499	8.15227817275196	0.598083864489084	0.730029984633258	0.819259314108229	0.412638480205534	0.518111096222195
6500	8.15227817275196	0.598083864489084	0.730029984633258	0.819259314108229	0.412638480205534	0.518111096222195
6501	0	NA	NA	NA	NA	NA
6502	0	NA	NA	NA	NA	NA
6503	5.37441109385537	-0.464321600837173	0.947256509910143	-0.490175148948006	0.624009964424733	0.706616837579908
6504	5.37441109385537	-0.464321600837173	0.947256509910143	-0.490175148948006	0.624009964424733	0.706616837579908
6505	18.2728952878422	-2.63683733747909	0.757067160294176	-3.48296356753143	0.000495895845441094	0.00377312056313876
6506	18.2728952878422	-2.63683733747909	0.757067160294176	-3.48296356753143	0.000495895845441094	0.00377312056313876
6507	11.3915150394189	-0.71589529165972	0.699761326262883	-1.02305638335717	0.306281187814108	0.414426864954657
6508	11.3915150394189	-0.71589529165972	0.699761326262883	-1.02305638335717	0.306281187814108	0.414426864954657
6509	13.4161000911822	1.93020472593604	0.691530824508445	2.7912056231305	0.00525121004865871	0.021815115929146
6510	13.4161000911822	1.93020472593604	0.691530824508445	2.7912056231305	0.00525121004865871	0.021815115929146
6511	0.102062072615966	0.0151395672302882	2.09688988419048	0.00722001061878979	0.99423931504784	NA
6512	0.102062072615966	0.0151395672302882	2.09688988419048	0.00722001061878979	0.99423931504784	NA
6513	0.102062072615966	0.0151395672302882	2.09688988419048	0.00722001061878979	0.99423931504784	NA
6514	0.102062072615966	0.0151395672302882	2.09688988419048	0.00722001061878979	0.99423931504784	NA
6515	0	NA	NA	NA	NA	NA
6516	0	NA	NA	NA	NA	NA
6517	0.102062072615966	0.0151395672302882	2.09688988419048	0.00722001061878979	0.99423931504784	NA
6518	0.102062072615966	0.0151395672302882	2.09688988419048	0.00722001061878979	0.99423931504784	NA
6519	0.102062072615966	0.0151395672302882	2.09688988419048	0.00722001061878979	0.99423931504784	NA
6520	0.102062072615966	0.0151395672302882	2.09688988419048	0.00722001061878979	0.99423931504784	NA
6521	10.587210874464	-3.5412928731102	1.04243713854525	-3.39712846191585	0.000680969908661123	0.00476678936062786
6522	10.587210874464	-3.5412928731102	1.04243713854525	-3.39712846191585	0.000680969908661123	0.00476678936062786
6523	1.4555015894094	0.500075835064014	1.55211810640523	0.322189292812394	0.747309295471745	NA
6524	1.4555015894094	0.500075835064014	1.55211810640523	0.322189292812394	0.747309295471745	NA
6525	3.30775657444022	0.69170878858078	0.964488152816279	0.717177071134579	0.473264845198641	0.575981556022687
6526	3.30775657444022	0.69170878858078	0.964488152816279	0.717177071134579	0.473264845198641	0.575981556022687
6527	3.75538116437877	-4.0774960072317	1.4227733793314	-2.86587875937616	0.0041585347603299	0.0186401771540935
6528	3.75538116437877	-4.0774960072317	1.4227733793314	-2.86587875937616	0.0041585347603299	0.0186401771540935
6529	0	NA	NA	NA	NA	NA
6530	0	NA	NA	NA	NA	NA
6531	0.910256381375245	1.8949507654303	2.11458035208375	0.896135615543281	0.370180337336823	NA
6532	0.910256381375245	1.8949507654303	2.11458035208375	0.896135615543281	0.370180337336823	NA
6533	0.329626167959777	0.605654192809648	2.0991405715485	0.288524837744843	0.772945020734111	NA
6534	0.329626167959777	0.605654192809648	2.0991405715485	0.288524837744843	0.772945020734111	NA
6535	0	NA	NA	NA	NA	NA
6536	0	NA	NA	NA	NA	NA
6537	0.888137087242385	2.39869042557319	2.06491450232858	1.16164152213964	0.245381108426186	NA
6538	0.888137087242385	2.39869042557319	2.06491450232858	1.16164152213964	0.245381108426186	NA
6539	0	NA	NA	NA	NA	NA
6540	0	NA	NA	NA	NA	NA
6541	4.85205452521713	-0.301548424334129	0.848994556671366	-0.355182989059911	0.722452507759861	0.792866614212547
6542	4.85205452521713	-0.301548424334129	0.848994556671366	-0.355182989059911	0.722452507759861	0.792866614212547
6543	0	NA	NA	NA	NA	NA
6544	0	NA	NA	NA	NA	NA
6545	13.563874414551	-0.320550367069887	0.768480062910224	-0.417122554690576	0.67658876822323	0.751367748952292
6546	13.563874414551	-0.320550367069887	0.768480062910224	-0.417122554690576	0.67658876822323	0.751367748952292
6547	2.64718358254164	0.34886931900445	1.15649280584713	0.301661469263447	0.762910143730841	0.825405101408947
6548	2.64718358254164	0.34886931900445	1.15649280584713	0.301661469263447	0.762910143730841	0.825405101408947
6549	1.28179901047878	-2.50042464510809	1.76371586956303	-1.41770264035079	0.1562775989076	NA
6550	1.28179901047878	-2.50042464510809	1.76371586956303	-1.41770264035079	0.1562775989076	NA
6551	1.28179901047878	-2.50042464510809	1.76371586956303	-1.41770264035079	0.1562775989076	NA
6552	1.28179901047878	-2.50042464510809	1.76371586956303	-1.41770264035079	0.1562775989076	NA
6553	24.3167848126996	-6.4912754490344	1.37591535132607	-4.71778692110548	2.384240139077e-06	8.41496519674237e-05
6554	24.3167848126996	-6.4912754490344	1.37591535132607	-4.71778692110548	2.384240139077e-06	8.41496519674237e-05
6555	1.32867891070254	-0.443943755878198	1.52786060272776	-0.290565615138977	0.771383561047814	NA
6556	1.32867891070254	-0.443943755878198	1.52786060272776	-0.290565615138977	0.771383561047814	NA
6557	0.102062072615966	0.0151395672302882	2.09688988419048	0.00722001061878979	0.99423931504784	NA
6558	0.102062072615966	0.0151395672302882	2.09688988419048	0.00722001061878979	0.99423931504784	NA
6559	0.334713287391491	-0.530109587478167	2.10015201911518	-0.252414864568474	0.800720411785564	NA
6560	0.334713287391491	-0.530109587478167	2.10015201911518	-0.252414864568474	0.800720411785564	NA
6561	1.30523896059066	-1.36308934320672	1.57303808824636	-0.866532955172312	0.386197962181062	NA
6562	1.30523896059066	-1.36308934320672	1.57303808824636	-0.866532955172312	0.386197962181062	NA
6563	1.17973693786281	-2.34927159821038	1.81186296654521	-1.29660556100988	0.194766938080339	NA
6564	1.17973693786281	-2.34927159821038	1.81186296654521	-1.29660556100988	0.194766938080339	NA
6565	0.742961577855354	-1.40391491330835	2.10237748146545	-0.667774900409302	0.504277290617022	NA
6566	0.742961577855354	-1.40391491330835	2.10237748146545	-0.667774900409302	0.504277290617022	NA
6567	0.204124145231932	-0.289902072294537	2.0984847144607	-0.138148288761322	0.890123222704436	NA
6568	0.204124145231932	-0.289902072294537	2.0984847144607	-0.138148288761322	0.890123222704436	NA
6569	0.204124145231932	-0.289902072294537	2.0984847144607	-0.138148288761322	0.890123222704436	NA
6570	0.204124145231932	-0.289902072294537	2.0984847144607	-0.138148288761322	0.890123222704436	NA
6571	0.204124145231932	-0.289902072294537	2.0984847144607	-0.138148288761322	0.890123222704436	NA
6572	0.204124145231932	-0.289902072294537	2.0984847144607	-0.138148288761322	0.890123222704436	NA
6573	0.538837432623422	-0.864822990680704	2.10272243892331	-0.411287279134916	0.680861896192882	NA
6574	0.538837432623422	-0.864822990680704	2.10272243892331	-0.411287279134916	0.680861896192882	NA
6575	0.742961577855354	-1.40391491330835	2.10237748146545	-0.667774900409302	0.504277290617022	NA
6576	0.742961577855354	-1.40391491330835	2.10237748146545	-0.667774900409302	0.504277290617022	NA
6577	0.204124145231932	-0.289902072294537	2.0984847144607	-0.138148288761322	0.890123222704436	NA
6578	0.204124145231932	-0.289902072294537	2.0984847144607	-0.138148288761322	0.890123222704436	NA
6579	1.1746498184311	-1.20454671576239	1.69020216794198	-0.712664282775751	0.476053523256582	NA
6580	1.1746498184311	-1.20454671576239	1.69020216794198	-0.712664282775751	0.476053523256582	NA
6581	0.873550720014913	-1.7477027830362	2.0124501450409	-0.86844525681439	0.3851506285872	NA
6582	0.873550720014913	-1.7477027830362	2.0124501450409	-0.86844525681439	0.3851506285872	NA
6583	1.11438052660718	1.56852620994529	1.90110490072199	0.825060315898194	0.40933734821421	NA
6584	1.11438052660718	1.56852620994529	1.90110490072199	0.825060315898194	0.40933734821421	NA
6585	0.431688240575743	0.300911269897379	2.10125340962322	0.143205606957866	0.886127801753767	NA
6586	0.431688240575743	0.300911269897379	2.10125340962322	0.143205606957866	0.886127801753767	NA
6587	4.08056587781818	0.167254714587306	0.890081584510498	0.187909420324979	0.850947657935106	0.888386816636203
6588	4.08056587781818	0.167254714587306	0.890081584510498	0.187909420324979	0.850947657935106	0.888386816636203
6589	3.86185536535878	-0.82295652644901	0.952438727024917	-0.864051936463814	0.387559360462804	0.495057577233509
6590	3.86185536535878	-0.82295652644901	0.952438727024917	-0.864051936463814	0.387559360462804	0.495057577233509
6591	4.39560567855049	-0.729533827724224	0.885662050087543	-0.823715804072347	0.410101057390883	0.515233156159649
6592	4.39560567855049	-0.729533827724224	0.885662050087543	-0.823715804072347	0.410101057390883	0.515233156159649
6593	1.17973693786281	-2.34927159821038	1.81186296654521	-1.29660556100988	0.194766938080339	NA
6594	1.17973693786281	-2.34927159821038	1.81186296654521	-1.29660556100988	0.194766938080339	NA
6595	1.2082640074064	-2.3763871694912	1.7851471055833	-1.3311996317047	0.183123332572317	NA
6596	1.2082640074064	-2.3763871694912	1.7851471055833	-1.3311996317047	0.183123332572317	NA
6597	0.975612792630879	-1.97724141485751	1.93871554125265	-1.01987185473325	0.307789239391845	NA
6598	0.975612792630879	-1.97724141485751	1.93871554125265	-1.01987185473325	0.307789239391845	NA
6599	0	NA	NA	NA	NA	NA
6600	0	NA	NA	NA	NA	NA
6601	1.84407639321408	-1.92198133538872	1.41277002824625	-1.36043467582235	0.1736924115666	0.276732865881382
6602	1.84407639321408	-1.92198133538872	1.41277002824625	-1.36043467582235	0.1736924115666	0.276732865881382
6603	0.329626167959777	0.605654192809648	2.0991405715485	0.288524837744843	0.772945020734111	NA
6604	0.329626167959777	0.605654192809648	2.0991405715485	0.288524837744843	0.772945020734111	NA
6605	23.0116869382251	0.673307210776556	1.18953052122873	0.566027688033644	0.571374958578343	0.662372295343372
6606	23.0116869382251	0.673307210776556	1.18953052122873	0.566027688033644	0.571374958578343	0.662372295343372
6607	23.0116869382251	0.673307210776556	1.18953052122873	0.566027688033644	0.571374958578343	0.662372295343372
6608	0.227564095343811	1.16277842171323	2.09495177282485	0.555038276678481	0.578868479644751	NA
6609	0.227564095343811	1.16277842171323	2.09495177282485	0.555038276678481	0.578868479644751	NA
6610	0.408248290463863	-0.698123216799561	2.10157813569984	-0.332189988533108	0.739745802941649	NA
6611	0.408248290463863	-0.698123216799561	2.10157813569984	-0.332189988533108	0.739745802941649	NA
6612	0.227564095343811	1.16277842171323	2.09495177282485	0.555038276678481	0.578868479644751	NA
6613	0.227564095343811	1.16277842171323	2.09495177282485	0.555038276678481	0.578868479644751	NA
6614	0.76131440853552	0.44849010424205	2.0995768011383	0.213609763643273	0.830851384848037	NA
6615	0.76131440853552	0.44849010424205	2.0995768011383	0.213609763643273	0.830851384848037	NA
6616	0	NA	NA	NA	NA	NA
6617	0	NA	NA	NA	NA	NA
6618	1.78380710139016	0.387667725849983	1.32654742774788	0.292238119603564	0.770104567856712	0.827222297953502
6619	1.78380710139016	0.387667725849983	1.32654742774788	0.292238119603564	0.770104567856712	0.827222297953502
6620	0.329626167959777	0.605654192809648	2.0991405715485	0.288524837744843	0.772945020734111	NA
6621	0.329626167959777	0.605654192809648	2.0991405715485	0.288524837744843	0.772945020734111	NA
6622	0.329626167959777	0.605654192809648	2.0991405715485	0.288524837744843	0.772945020734111	NA
6623	0.329626167959777	0.605654192809648	2.0991405715485	0.288524837744843	0.772945020734111	NA
6624	0.46530242955105	-0.73806087475055	2.10187461749905	-0.351144101844069	0.725480243379624	NA
6625	0.46530242955105	-0.73806087475055	2.10187461749905	-0.351144101844069	0.725480243379624	NA
6626	0.204124145231932	-0.289902072294537	2.0984847144607	-0.138148288761322	0.890123222704436	NA
6627	0.204124145231932	-0.289902072294537	2.0984847144607	-0.138148288761322	0.890123222704436	NA
6628	0.460215310119336	0.276912429550551	2.10151614532912	0.131767928676648	0.895167854523936	NA
6629	0.460215310119336	0.276912429550551	2.10151614532912	0.131767928676648	0.895167854523936	NA
6630	1.10620193479044	-2.19338494381761	1.8563452695987	-1.18156087649135	0.237379984981971	NA
6631	1.10620193479044	-2.19338494381761	1.8563452695987	-1.18156087649135	0.237379984981971	NA
6632	0.329626167959777	0.605654192809648	2.0991405715485	0.288524837744843	0.772945020734111	NA
6633	0.329626167959777	0.605654192809648	2.0991405715485	0.288524837744843	0.772945020734111	NA
6634	0.204124145231932	-0.289902072294537	2.0984847144607	-0.138148288761322	0.890123222704436	NA
6635	0.204124145231932	-0.289902072294537	2.0984847144607	-0.138148288761322	0.890123222704436	NA
6636	0	NA	NA	NA	NA	NA
6637	0	NA	NA	NA	NA	NA
6638	2.87738898984349	0.988208970486376	1.06300955790856	0.929633193920337	0.352561034800151	0.458580472641881
6639	2.87738898984349	0.988208970486376	1.06300955790856	0.929633193920337	0.352561034800151	0.458580472641881
6640	2.11098746187626	2.07002505456055	1.36942249618039	1.51160438822517	0.130634534679291	0.222987627609002
6641	2.11098746187626	2.07002505456055	1.36942249618039	1.51160438822517	0.130634534679291	0.222987627609002
6642	0	NA	NA	NA	NA	NA
6643	0	NA	NA	NA	NA	NA
6644	0.557190263303588	0.93792212795813	2.1015277568334	0.446304896477504	0.655377019783103	NA
6645	0.557190263303588	0.93792212795813	2.1015277568334	0.446304896477504	0.655377019783103	NA
6646	0	NA	NA	NA	NA	NA
6647	0	NA	NA	NA	NA	NA
6648	0.896990670126792	-0.671851961788102	1.83207637872	-0.366716131266044	0.713830772624265	NA
6649	0.896990670126792	-0.671851961788102	1.83207637872	-0.366716131266044	0.713830772624265	NA
6650	5.59424675780942	-0.197448740122077	0.996892058169012	-0.198064312484072	0.842994746174292	0.882277082963376
6651	5.59424675780942	-0.197448740122077	0.996892058169012	-0.198064312484072	0.842994746174292	0.882277082963376
6652	2.71253999379728	-1.68667678492771	1.20798184015135	-1.39627660687049	0.162631215449177	0.26363833012022
6653	2.71253999379728	-1.68667678492771	1.20798184015135	-1.39627660687049	0.162631215449177	0.26363833012022
6654	0.999052742742758	-0.87403617560947	1.74218541880253	-0.501689525222998	0.615885933861144	NA
6655	0.999052742742758	-0.87403617560947	1.74218541880253	-0.501689525222998	0.615885933861144	NA
6656	0	NA	NA	NA	NA	NA
6657	0	NA	NA	NA	NA	NA
6658	0.227564095343811	1.16277842171323	2.09495177282485	0.555038276678481	0.578868479644751	NA
6659	0.227564095343811	1.16277842171323	2.09495177282485	0.555038276678481	0.578868479644751	NA
6660	0.669426574782981	-1.18312895308249	2.12141177000729	-0.557708300580618	0.577043588664145	NA
6661	0.669426574782981	-1.18312895308249	2.12141177000729	-0.557708300580618	0.577043588664145	NA
6662	0.102062072615966	0.0151395672302882	2.09688988419048	0.00722001061878979	0.99423931504784	NA
6663	0.102062072615966	0.0151395672302882	2.09688988419048	0.00722001061878979	0.99423931504784	NA
6664	0	NA	NA	NA	NA	NA
6665	0	NA	NA	NA	NA	NA
6666	0.102062072615966	0.0151395672302882	2.09688988419048	0.00722001061878979	0.99423931504784	NA
6667	0.102062072615966	0.0151395672302882	2.09688988419048	0.00722001061878979	0.99423931504784	NA
6668	1.90621765173298	-3.05184823494809	1.60507995641297	-1.90136835411512	0.0572537815767623	0.123887626286657
6669	1.90621765173298	-3.05184823494809	1.60507995641297	-1.90136835411512	0.0572537815767623	0.123887626286657
6670	0	NA	NA	NA	NA	NA
6671	0	NA	NA	NA	NA	NA
6672	0	NA	NA	NA	NA	NA
6673	0	NA	NA	NA	NA	NA
6674	0.659252335919554	0.693501941428492	2.12273943425933	0.326701398313859	0.743893742536631	NA
6675	0.659252335919554	0.693501941428492	2.12273943425933	0.326701398313859	0.743893742536631	NA
6676	0	NA	NA	NA	NA	NA
6677	0	NA	NA	NA	NA	NA
6678	0.873550720014913	-1.7477027830362	2.0124501450409	-0.86844525681439	0.3851506285872	NA
6679	0.873550720014913	-1.7477027830362	2.0124501450409	-0.86844525681439	0.3851506285872	NA
6680	5.48265611124138	2.22378565321176	0.88371184706825	2.51641489314561	0.0118555529249796	0.0391018462191486
6681	5.48265611124138	2.22378565321176	0.88371184706825	2.51641489314561	0.0118555529249796	0.0391018462191486
6682	81.3686037174851	5.26533671165867	1.04427794405284	5.04208361542513	4.60489976638073e-07	4.29790644862201e-05
6683	81.3686037174851	5.26533671165867	1.04427794405284	5.04208361542513	4.60489976638073e-07	4.29790644862201e-05
6684	0.334713287391491	-0.530109587478167	2.10015201911518	-0.252414864568474	0.800720411785564	NA
6685	0.334713287391491	-0.530109587478167	2.10015201911518	-0.252414864568474	0.800720411785564	NA
6686	0.334713287391491	-0.530109587478167	2.10015201911518	-0.252414864568474	0.800720411785564	NA
6687	0.334713287391491	-0.530109587478167	2.10015201911518	-0.252414864568474	0.800720411785564	NA
6688	3.23422157136784	0.89653463986349	0.971688549903653	0.922656379919662	0.356186304339924	0.462722696637081
6689	3.23422157136784	0.89653463986349	0.971688549903653	0.922656379919662	0.356186304339924	0.462722696637081
6690	4.33974851509061	2.12512243595461	0.935580225422365	2.27144864567357	0.0231198324248174	0.0643496826148192
6691	4.33974851509061	2.12512243595461	0.935580225422365	2.27144864567357	0.0231198324248174	0.0643496826148192
6692	7.27728311640632	3.46876205689235	0.920225223426198	3.76947074323544	0.000163594082946738	0.00159418827929536
6693	7.27728311640632	3.46876205689235	0.920225223426198	3.76947074323544	0.000163594082946738	0.00159418827929536
6694	2.14517549163026	-1.34613290489807	1.3439513857289	-1.0016232128575	0.316525605429576	0.425138325169242
6695	2.14517549163026	-1.34613290489807	1.3439513857289	-1.0016232128575	0.316525605429576	0.425138325169242
6696	5.23165206578569	1.75935375708245	0.854568174177066	2.05876349043385	0.0395169007315748	0.0951668480920952
6697	5.23165206578569	1.75935375708245	0.854568174177066	2.05876349043385	0.0395169007315748	0.0951668480920952
6698	0.533750313191708	0.0508251107301774	2.10370273380308	0.0241598349013387	0.980725115876254	NA
6699	0.533750313191708	0.0508251107301774	2.10370273380308	0.0241598349013387	0.980725115876254	NA
6700	0.436775360007456	-0.717854028375714	2.10172648415553	-0.341554447635058	0.732686223085295	NA
6701	0.436775360007456	-0.717854028375714	2.10172648415553	-0.341554447635058	0.732686223085295	NA
6702	5.77953858577789	1.58443289069847	0.947751546687577	1.67178085463022	0.0945675434474622	0.176212813877259
6703	5.77953858577789	1.58443289069847	0.947751546687577	1.67178085463022	0.0945675434474622	0.176212813877259
6704	0.204124145231932	-0.289902072294537	2.0984847144607	-0.138148288761322	0.890123222704436	NA
6705	0.204124145231932	-0.289902072294537	2.0984847144607	-0.138148288761322	0.890123222704436	NA
6706	0.562277382735302	0.0498330857396452	2.0951784918673	0.0237846493428024	0.981024384636588	NA
6707	0.562277382735302	0.0498330857396452	2.0951784918673	0.0237846493428024	0.981024384636588	NA
6708	1.67289144588978	2.96253017113355	1.53364738593804	1.93168925158213	0.0533978722165568	0.119420161506677
6709	1.67289144588978	2.96253017113355	1.53364738593804	1.93168925158213	0.0533978722165568	0.119420161506677
6710	2.41144089538109	-2.30176262862048	1.32725023312084	-1.73423411138397	0.0828765528105214	0.161298202874972
6711	2.41144089538109	-2.30176262862048	1.32725023312084	-1.73423411138397	0.0828765528105214	0.161298202874972
6712	0.227564095343811	1.16277842171323	2.09495177282485	0.555038276678481	0.578868479644751	NA
6713	0.227564095343811	1.16277842171323	2.09495177282485	0.555038276678481	0.578868479644751	NA
6714	0	NA	NA	NA	NA	NA
6715	0	NA	NA	NA	NA	NA
6716	0.227564095343811	1.16277842171323	2.09495177282485	0.555038276678481	0.578868479644751	NA
6717	0.227564095343811	1.16277842171323	2.09495177282485	0.555038276678481	0.578868479644751	NA
6718	1.99810548548552	-1.12091317472536	1.31909237343075	-0.84976093964522	0.395458010079813	0.501183959666631
6719	1.99810548548552	-1.12091317472536	1.31909237343075	-0.84976093964522	0.395458010079813	0.501183959666631
6720	1.54297729479789	-2.79400755251868	1.6395409094695	-1.70414018728128	0.0883549003098271	0.167914290181572
6721	1.54297729479789	-2.79400755251868	1.6395409094695	-1.70414018728128	0.0883549003098271	0.167914290181572
6722	7.09166480836258	-1.07814628213868	0.807828609119956	-1.33462255479316	0.181999912211198	0.285949231795338
6723	7.09166480836258	-1.07814628213868	0.807828609119956	-1.33462255479316	0.181999912211198	0.285949231795338
6724	2.1052546775332	-2.06003091056876	1.38065352735527	-1.49206942201849	0.135680947023997	0.229319910463093
6725	2.1052546775332	-2.06003091056876	1.38065352735527	-1.49206942201849	0.135680947023997	0.229319910463093
6726	2.70236575493385	-0.610932670585269	1.19856111364999	-0.509721751880295	0.610246411737663	0.695394857816397
6727	2.70236575493385	-0.610932670585269	1.19856111364999	-0.509721751880295	0.610246411737663	0.695394857816397
6728	0.664339455351268	-0.218000059103391	2.01088723535044	-0.108409887571543	0.913670558214857	NA
6729	0.664339455351268	-0.218000059103391	2.01088723535044	-0.108409887571543	0.913670558214857	NA
6730	0.538837432623422	-0.864822990680704	2.10272243892331	-0.411287279134916	0.680861896192882	NA
6731	0.538837432623422	-0.864822990680704	2.10272243892331	-0.411287279134916	0.680861896192882	NA
6732	0.562277382735302	0.0498330857396452	2.0951784918673	0.0237846493428024	0.981024384636588	NA
6733	0.562277382735302	0.0498330857396452	2.0951784918673	0.0237846493428024	0.981024384636588	NA
6734	1.43582810275021	-1.47721095800229	1.52247730292126	-0.970267967323967	0.331912939752242	NA
6735	1.43582810275021	-1.47721095800229	1.52247730292126	-0.970267967323967	0.331912939752242	NA
6736	3.43714874097246	-4.02616848145977	1.42442966874019	-2.8265126526188	0.00470578849621283	0.0201882652544371
6737	3.43714874097246	-4.02616848145977	1.42442966874019	-2.8265126526188	0.00470578849621283	0.0201882652544371
6738	4.04309087119479	-0.507347915925315	1.05977469963578	-0.4787318626305	0.632129395460928	0.712736499580107
6739	4.04309087119479	-0.507347915925315	1.05977469963578	-0.4787318626305	0.632129395460928	0.712736499580107
6740	3.06560611186893	-0.776947113788924	1.0629145641701	-0.730959138183927	0.464804112053048	0.567163646316909
6741	3.06560611186893	-0.776947113788924	1.0629145641701	-0.730959138183927	0.464804112053048	0.567163646316909
6742	2.2154953419659	0.371228365376181	1.21207153758228	0.306275953081674	0.759394546688496	0.823085702217209
6743	2.2154953419659	0.371228365376181	1.21207153758228	0.306275953081674	0.759394546688496	0.823085702217209
6744	0.567364502167016	-0.883997508371301	2.10283931084895	-0.420382814707044	0.674205820337934	NA
6745	0.567364502167016	-0.883997508371301	2.10283931084895	-0.420382814707044	0.674205820337934	NA
6746	4.48308138393898	-1.86391223559776	1.00818258729732	-1.8487843958845	0.0644889514175253	0.134085938590894
6747	4.48308138393898	-1.86391223559776	1.00818258729732	-1.8487843958845	0.0644889514175253	0.134085938590894
6748	5.98855434595717	0.363577069448533	0.81201292254076	0.447747885970722	0.65433515800989	0.734443172090195
6749	5.98855434595717	0.363577069448533	0.81201292254076	0.447747885970722	0.65433515800989	0.734443172090195
6750	3.99244450751834	-0.864002969141483	0.963599810703799	-0.896640866409499	0.369910584053254	0.477597434068143
6751	3.99244450751834	-0.864002969141483	0.963599810703799	-0.896640866409499	0.369910584053254	0.477597434068143
6752	0.408248290463863	-0.698123216799561	2.10157813569984	-0.332189988533108	0.739745802941649	NA
6753	0.408248290463863	-0.698123216799561	2.10157813569984	-0.332189988533108	0.739745802941649	NA
6754	0.102062072615966	0.0151395672302882	2.09688988419048	0.00722001061878979	0.99423931504784	NA
6755	0.102062072615966	0.0151395672302882	2.09688988419048	0.00722001061878979	0.99423931504784	NA
6756	0.455128190687622	1.46332915655147	2.09860405196263	0.697286920409284	0.485623251838368	NA
6757	0.455128190687622	1.46332915655147	2.09860405196263	0.697286920409284	0.485623251838368	NA
6758	0.334713287391491	-0.530109587478167	2.10015201911518	-0.252414864568474	0.800720411785564	NA
6759	0.334713287391491	-0.530109587478167	2.10015201911518	-0.252414864568474	0.800720411785564	NA
6760	0.227564095343811	1.16277842171323	2.09495177282485	0.555038276678481	0.578868479644751	NA
6761	0.227564095343811	1.16277842171323	2.09495177282485	0.555038276678481	0.578868479644751	NA
6762	0.329626167959777	0.605654192809648	2.0991405715485	0.288524837744843	0.772945020734111	NA
6763	0.329626167959777	0.605654192809648	2.0991405715485	0.288524837744843	0.772945020734111	NA
6764	3.06316030439526	-0.360156905517781	1.13045610683431	-0.318594329616521	0.75003415386593	0.815676707984699
6765	3.06316030439526	-0.360156905517781	1.13045610683431	-0.318594329616521	0.75003415386593	0.815676707984699
6766	18.8978652398124	-2.28958891379031	0.77669816425686	-2.94784900899177	0.00319993316670024	0.0154904060760955
6767	2.64209646310993	0.707893613655046	1.26404872956484	0.560020826015736	0.575465232530968	0.666745924587605
6768	2.64209646310993	0.707893613655046	1.26404872956484	0.560020826015736	0.575465232530968	0.666745924587605
6769	1.11438052660718	1.56852620994529	1.90110490072199	0.825060315898194	0.40933734821421	NA
6770	1.11438052660718	1.56852620994529	1.90110490072199	0.825060315898194	0.40933734821421	NA
6771	0	NA	NA	NA	NA	NA
6772	0	NA	NA	NA	NA	NA
6773	0.204124145231932	-0.289902072294537	2.0984847144607	-0.138148288761322	0.890123222704436	NA
6774	0.204124145231932	-0.289902072294537	2.0984847144607	-0.138148288761322	0.890123222704436	NA
6775	0.562277382735302	0.0498330857396452	2.0951784918673	0.0237846493428024	0.981024384636588	NA
6776	0.562277382735302	0.0498330857396452	2.0951784918673	0.0237846493428024	0.981024384636588	NA
6777	4.15345521597921	-2.31276657610702	1.11071606097067	-2.08223024531207	0.0373214438797857	0.0910279119019162
6778	4.15345521597921	-2.31276657610702	1.11071606097067	-2.08223024531207	0.0373214438797857	0.0910279119019162
6779	3.27990449596429	-1.95419936972224	1.15129319280279	-1.69739505274482	0.0896219972653267	0.169250174691714
6780	3.27990449596429	-1.95419936972224	1.15129319280279	-1.69739505274482	0.0896219972653267	0.169250174691714
6781	2.05328765787772	-3.2883049054443	1.51437153062834	-2.17139905164482	0.0299010205413615	0.0765757843132429
6782	2.05328765787772	-3.2883049054443	1.51437153062834	-2.17139905164482	0.0299010205413615	0.0765757843132429
6783	0.306186217847897	-0.511379433977429	2.09997323508663	-0.243517119853355	0.807604824481893	NA
6784	0.306186217847897	-0.511379433977429	2.09997323508663	-0.243517119853355	0.807604824481893	NA
6785	1.44909381399867	0.88868671114619	1.49536507363973	0.594294147169775	0.552315392562357	NA
6786	1.44909381399867	0.88868671114619	1.49536507363973	0.594294147169775	0.552315392562357	NA
6787	0.612372435695795	-0.96816060383245	2.10332035254234	-0.460301067624915	0.645300134972215	NA
6788	0.612372435695795	-0.96816060383245	2.10332035254234	-0.460301067624915	0.645300134972215	NA
6789	0.839936531039606	-0.54139429700644	2.08477998044072	-0.259688937003313	0.795103726944944	NA
6790	0.839936531039606	-0.54139429700644	2.08477998044072	-0.259688937003313	0.795103726944944	NA
6791	2.21681599794492	0.598549986381594	1.14653056243526	0.522053232589159	0.601633267422621	0.690593893697264
6792	2.21681599794492	0.598549986381594	1.14653056243526	0.522053232589159	0.601633267422621	0.690593893697264
6793	0.794928597510827	-0.447817310103823	1.94754649675882	-0.229939213697387	0.818139004478471	NA
6794	0.794928597510827	-0.447817310103823	1.94754649675882	-0.229939213697387	0.818139004478471	NA
6795	0	NA	NA	NA	NA	NA
6796	0	NA	NA	NA	NA	NA
6797	2.16861544174214	-0.699775817226242	1.26160620892138	-0.554670555897564	0.579120019345888	0.669871683077039
6798	2.16861544174214	-0.699775817226242	1.26160620892138	-0.554670555897564	0.579120019345888	0.669871683077039
6799	47.1052751441866	-3.0192992476325	1.17245106646015	-2.57520278159524	0.0100181333196788	0.0342639738946671
6800	47.1052751441866	-3.0192992476325	1.17245106646015	-2.57520278159524	0.0100181333196788	0.0342639738946671
6801	6.21302696891595	-0.566352761369207	0.806010100737219	-0.702662114099055	0.482266343276389	0.584902870852104
6802	6.21302696891595	-0.566352761369207	0.806010100737219	-0.702662114099055	0.482266343276389	0.584902870852104
6803	11.4867191761971	-1.34002093680347	0.707738537221223	-1.89338416142318	0.0583068001749424	0.124879429237511
6804	11.4867191761971	-1.34002093680347	0.707738537221223	-1.89338416142318	0.0583068001749424	0.124879429237511
6805	1.27162477161535	-0.461408988545703	1.89066072603759	-0.244046423660958	0.807194865777862	NA
6806	1.27162477161535	-0.461408988545703	1.89066072603759	-0.244046423660958	0.807194865777862	NA
6807	1.20317688797469	-1.21727093310504	1.61634957106016	-0.753098806656433	0.451390541475107	NA
6808	1.20317688797469	-1.21727093310504	1.61634957106016	-0.753098806656433	0.451390541475107	NA
6809	1.20317688797469	-1.21727093310504	1.61634957106016	-0.753098806656433	0.451390541475107	NA
6810	4.65334397949219	4.25394800653711	1.58971476125327	2.67591904549181	0.00745246438646933	0.0279717161958634
6811	4.65334397949219	4.25394800653711	1.58971476125327	2.67591904549181	0.00745246438646933	0.0279717161958634
6812	2.4627329239689	2.17389475393393	1.17975948306803	1.84265927516055	0.0653787735643246	0.13526642806412
6813	2.4627329239689	2.17389475393393	1.17975948306803	1.84265927516055	0.0653787735643246	0.13526642806412
6814	0.227564095343811	1.16277842171323	2.09495177282485	0.555038276678481	0.578868479644751	NA
6815	0.227564095343811	1.16277842171323	2.09495177282485	0.555038276678481	0.578868479644751	NA
6816	0.431688240575743	0.300911269897379	2.10125340962322	0.143205606957866	0.886127801753767	NA
6817	0.431688240575743	0.300911269897379	2.10125340962322	0.143205606957866	0.886127801753767	NA
6818	7.06178775668365	1.34434823058092	0.829642847591922	1.62039392551018	0.105147683919594	0.190847135895547
6819	7.06178775668365	1.34434823058092	0.829642847591922	1.62039392551018	0.105147683919594	0.190847135895547
6820	2.12801963657741	3.38985394434407	1.44924229715126	2.33905258700179	0.0193327120660233	0.0566625196631527
6821	2.12801963657741	3.38985394434407	1.44924229715126	2.33905258700179	0.0193327120660233	0.0566625196631527
6822	1.07767486524684	-2.17633120654209	1.87040749752695	-1.16355992446546	0.244602400160686	NA
6823	1.07767486524684	-2.17633120654209	1.87040749752695	-1.16355992446546	0.244602400160686	NA
6824	0.431688240575743	0.300911269897379	2.10125340962322	0.143205606957866	0.886127801753767	NA
6825	0.431688240575743	0.300911269897379	2.10125340962322	0.143205606957866	0.886127801753767	NA
6826	0	NA	NA	NA	NA	NA
6827	0	NA	NA	NA	NA	NA
6828	1.31982532781813	1.72420353393766	1.61599609530037	1.06696021045594	0.285989803889908	NA
6829	1.31982532781813	1.72420353393766	1.61599609530037	1.06696021045594	0.285989803889908	NA
6830	1.09602769592701	-0.138916182369174	1.6813768286884	-0.0826204929192103	0.934153305990921	NA
6831	1.09602769592701	-0.138916182369174	1.6813768286884	-0.0826204929192103	0.934153305990921	NA
6832	7.04530689269846	1.56436307024388	0.772155770951316	2.02596824254327	0.0427680391169422	0.100518055003446
6833	7.04530689269846	1.56436307024388	0.772155770951316	2.02596824254327	0.0427680391169422	0.100518055003446
6834	3.75029404494706	-2.92561349228205	1.25988934934217	-2.3221193939052	0.0202265076763974	0.0585064271631329
6835	3.75029404494706	-2.92561349228205	1.25988934934217	-2.3221193939052	0.0202265076763974	0.0585064271631329
6836	1.33885314956596	-2.50883411752693	1.74972464403046	-1.43384510590642	0.151616469857865	NA
6837	1.33885314956596	-2.50883411752693	1.74972464403046	-1.43384510590642	0.151616469857865	NA
6838	7.73308629816161	1.54036103213404	0.787141878327095	1.95690392614831	0.0503587648830134	0.113835744084315
6839	7.73308629816161	1.54036103213404	0.787141878327095	1.95690392614831	0.0503587648830134	0.113835744084315
6840	1.65830507866231	-0.118810312458177	1.36136428403176	-0.0872729759784158	0.930454534088011	0.951987586643032
6841	1.65830507866231	-0.118810312458177	1.36136428403176	-0.0872729759784158	0.930454534088011	0.951987586643032
6842	2.09131397521707	0.0755272931029615	1.19876504979291	0.0630042501789729	0.949763119893992	0.964459647861404
6843	2.09131397521707	0.0755272931029615	1.19876504979291	0.0630042501789729	0.949763119893992	0.964459647861404
6844	1.22285037463388	1.07582595899395	1.63535799168721	0.657853488020694	0.510632280475417	NA
6845	1.22285037463388	1.07582595899395	1.63535799168721	0.657853488020694	0.510632280475417	NA
6846	0	NA	NA	NA	NA	NA
6847	0	NA	NA	NA	NA	NA
6848	5.35979540047158	2.77722651596851	0.95327228421056	2.91336123159023	0.00357560716617548	0.0166676471675217
6849	5.35979540047158	2.77722651596851	0.95327228421056	2.91336123159023	0.00357560716617548	0.0166676471675217
6850	0.73787445842364	-0.348363753239826	2.11544556366123	-0.164676302346872	0.86919877029028	NA
6851	0.73787445842364	-0.348363753239826	2.11544556366123	-0.164676302346872	0.86919877029028	NA
6852	1.79398134025358	-0.917130821614312	1.40451198084186	-0.652988962802999	0.513763394040941	0.61041195331597
6853	1.79398134025358	-0.917130821614312	1.40451198084186	-0.652988962802999	0.513763394040941	0.61041195331597
6854	0.329626167959777	0.605654192809648	2.0991405715485	0.288524837744843	0.772945020734111	NA
6855	0.329626167959777	0.605654192809648	2.0991405715485	0.288524837744843	0.772945020734111	NA
6856	0.562277382735302	0.0498330857396452	2.0951784918673	0.0237846493428024	0.981024384636588	NA
6857	0.562277382735302	0.0498330857396452	2.0951784918673	0.0237846493428024	0.981024384636588	NA
6858	0.533750313191708	0.0508251107301774	2.10370273380308	0.0241598349013387	0.980725115876254	NA
6859	0.533750313191708	0.0508251107301774	2.10370273380308	0.0241598349013387	0.980725115876254	NA
6860	0	NA	NA	NA	NA	NA
6861	0	NA	NA	NA	NA	NA
6862	0.436775360007456	-0.717854028375714	2.10172648415553	-0.341554447635058	0.732686223085295	NA
6863	0.436775360007456	-0.717854028375714	2.10172648415553	-0.341554447635058	0.732686223085295	NA
6864	0	NA	NA	NA	NA	NA
6865	0	NA	NA	NA	NA	NA
6866	1.36538457206287	3.02617005333264	2.04798462334914	1.47763319061636	0.139505985491873	NA
6867	1.36538457206287	3.02617005333264	2.04798462334914	1.47763319061636	0.139505985491873	NA
6868	0.204124145231932	-0.289902072294537	2.0984847144607	-0.138148288761322	0.890123222704436	NA
6869	0.204124145231932	-0.289902072294537	2.0984847144607	-0.138148288761322	0.890123222704436	NA
6870	0.455128190687622	1.46332915655147	2.09860405196263	0.697286920409284	0.485623251838368	NA
6871	0.455128190687622	1.46332915655147	2.09860405196263	0.697286920409284	0.485623251838368	NA
6872	0	NA	NA	NA	NA	NA
6873	0	NA	NA	NA	NA	NA
6874	123.920328638959	-1.95342814496076	0.858546125292761	-2.27527454543535	0.0228894654297768	0.0639625780472805
6875	123.920328638959	-1.95342814496076	0.858546125292761	-2.27527454543535	0.0228894654297768	0.0639625780472805
6876	123.920328638959	-1.95342814496076	0.858546125292761	-2.27527454543535	0.0228894654297768	0.0639625780472805
6877	0	NA	NA	NA	NA	NA
6878	0	NA	NA	NA	NA	NA
6879	0	NA	NA	NA	NA	NA
6880	0	NA	NA	NA	NA	NA
6881	0	NA	NA	NA	NA	NA
6882	0	NA	NA	NA	NA	NA
6883	0	NA	NA	NA	NA	NA
6884	0	NA	NA	NA	NA	NA
6885	0.640899505239388	-1.11512100132872	2.12268220907098	-0.525335821143369	0.599349759901581	NA
6886	0.640899505239388	-1.11512100132872	2.12268220907098	-0.525335821143369	0.599349759901581	NA
6887	2.19337604783304	-0.079273509949291	1.17773219055776	-0.067310302448087	0.94633467532376	0.962607322925598
6888	2.19337604783304	-0.079273509949291	1.17773219055776	-0.067310302448087	0.94633467532376	0.962607322925598
6889	0	NA	NA	NA	NA	NA
6890	0	NA	NA	NA	NA	NA
6891	0	NA	NA	NA	NA	NA
6892	0	NA	NA	NA	NA	NA
6893	0	NA	NA	NA	NA	NA
6894	0	NA	NA	NA	NA	NA
6895	0	NA	NA	NA	NA	NA
6896	0	NA	NA	NA	NA	NA
6897	0.102062072615966	0.0151395672302882	2.09688988419048	0.00722001061878979	0.99423931504784	NA
6898	0.102062072615966	0.0151395672302882	2.09688988419048	0.00722001061878979	0.99423931504784	NA
6899	0	NA	NA	NA	NA	NA
6900	0	NA	NA	NA	NA	NA
6901	0	NA	NA	NA	NA	NA
6902	0	NA	NA	NA	NA	NA
6903	0.102062072615966	0.0151395672302882	2.09688988419048	0.00722001061878979	0.99423931504784	NA
6904	0.102062072615966	0.0151395672302882	2.09688988419048	0.00722001061878979	0.99423931504784	NA
6905	0	NA	NA	NA	NA	NA
6906	0	NA	NA	NA	NA	NA
6907	1.80348058804934	2.74008790719479	1.53966176943667	1.77966873087803	0.0751301907140918	0.149335920965067
6908	1.80348058804934	2.74008790719479	1.53966176943667	1.77966873087803	0.0751301907140918	0.149335920965067
6909	1.13472900433403	-2.13125281863304	1.91129746972681	-1.11508169313784	0.264815415686456	NA
6910	1.13472900433403	-2.13125281863304	1.91129746972681	-1.11508169313784	0.264815415686456	NA
6911	2.9451912085728	-1.79659464771675	1.17686049654988	-1.52659950179627	0.126860630997896	0.219589356459916
6912	2.9451912085728	-1.79659464771675	1.17686049654988	-1.52659950179627	0.126860630997896	0.219589356459916
6913	0.868463600583199	-0.685073820305404	1.84775621910483	-0.37075985090571	0.710816407676975	NA
6914	0.868463600583199	-0.685073820305404	1.84775621910483	-0.37075985090571	0.710816407676975	NA
6915	1.81554932367048	-1.91524733072931	1.46121086303985	-1.31072617866042	0.189950290886698	0.295076872770053
6916	1.81554932367048	-1.91524733072931	1.46121086303985	-1.31072617866042	0.189950290886698	0.295076872770053
6917	1.61142517843855	-1.72334848934885	1.49109082499759	-1.15576359297337	0.24777786848392	0.355176466768759
6918	1.61142517843855	-1.72334848934885	1.49109082499759	-1.15576359297337	0.24777786848392	0.355176466768759
6919	0.329626167959777	0.605654192809648	2.0991405715485	0.288524837744843	0.772945020734111	NA
6920	0.329626167959777	0.605654192809648	2.0991405715485	0.288524837744843	0.772945020734111	NA
6921	1.09734835190603	0.0477773055396717	1.81400216453705	0.0263380642392259	0.978987694560568	NA
6922	1.09734835190603	0.0477773055396717	1.81400216453705	0.0263380642392259	0.978987694560568	NA
6923	0.102062072615966	0.0151395672302882	2.09688988419048	0.00722001061878979	0.99423931504784	NA
6924	0.102062072615966	0.0151395672302882	2.09688988419048	0.00722001061878979	0.99423931504784	NA
6925	0.334713287391491	-0.530109587478167	2.10015201911518	-0.252414864568474	0.800720411785564	NA
6926	0.334713287391491	-0.530109587478167	2.10015201911518	-0.252414864568474	0.800720411785564	NA
6927	1.7369272011664	-0.971292503854785	1.39310981784122	-0.697211728333029	0.485670300207054	0.58632229401254
6928	1.7369272011664	-0.971292503854785	1.39310981784122	-0.697211728333029	0.485670300207054	0.58632229401254
6929	2.20731675014916	-2.14540387841751	1.35876863584321	-1.57893244061093	0.114351554082914	0.201978770122752
6930	2.20731675014916	-2.14540387841751	1.35876863584321	-1.57893244061093	0.114351554082914	0.201978770122752
6931	0	NA	NA	NA	NA	NA
6932	0	NA	NA	NA	NA	NA
6933	0	NA	NA	NA	NA	NA
6934	0	NA	NA	NA	NA	NA
6935	1.01231845399121	2.01006849393422	1.98193338849551	1.01419578760922	0.310489338237761	NA
6936	1.01231845399121	2.01006849393422	1.98193338849551	1.01419578760922	0.310489338237761	NA
6937	0	NA	NA	NA	NA	NA
6938	0	NA	NA	NA	NA	NA
6939	0	NA	NA	NA	NA	NA
6940	0	NA	NA	NA	NA	NA
6941	1.57150436434149	-2.74615936339145	1.68774366171072	-1.6271187536903	0.103711878755661	0.189058112315006
6942	1.57150436434149	-2.74615936339145	1.68774366171072	-1.6271187536903	0.103711878755661	0.189058112315006
6943	2.82477630527667	-3.74129867067249	1.43889590580168	-2.60011767049127	0.00931917990706337	0.0322675643937891
6944	2.82477630527667	-3.74129867067249	1.43889590580168	-2.60011767049127	0.00931917990706337	0.0322675643937891
6945	0.46530242955105	-0.73806087475055	2.10187461749905	-0.351144101844069	0.725480243379624	NA
6946	0.46530242955105	-0.73806087475055	2.10187461749905	-0.351144101844069	0.725480243379624	NA
6947	20.8458463461811	-0.96707418802327	0.651871564853807	-1.4835348558886	0.137932362792558	0.232863088135424
6948	20.8458463461811	-0.96707418802327	0.651871564853807	-1.4835348558886	0.137932362792558	0.232863088135424
6949	16.9638673337361	-1.76197159851706	0.740956877314944	-2.37796780414811	0.0174083458160047	0.0524874748221248
6950	16.9638673337361	-1.76197159851706	0.740956877314944	-2.37796780414811	0.0174083458160047	0.0524874748221248
6951	35.5240357601545	-3.32703939313179	1.07836156792217	-3.08527259511154	0.00203365671395845	0.0107845431800827
6952	35.5240357601545	-3.32703939313179	1.07836156792217	-3.08527259511154	0.00203365671395845	0.0107845431800827
6953	4.62384476496197	-3.2308526197062	1.23490946578897	-2.61626678652273	0.00888970687870437	0.0314018241299902
6954	4.62384476496197	-3.2308526197062	1.23490946578897	-2.61626678652273	0.00888970687870437	0.0314018241299902
6955	1.31032608002237	-2.53605447061539	1.72610010556136	-1.46923950844127	0.141767837720336	NA
6956	1.31032608002237	-2.53605447061539	1.72610010556136	-1.46923950844127	0.141767837720336	NA
6957	20.7991194524653	-4.01428405760915	0.94391993380608	-4.25278025586633	2.11132733346212e-05	0.000324819589763403
6958	20.7991194524653	-4.01428405760915	0.94391993380608	-4.25278025586633	2.11132733346212e-05	0.000324819589763403
6959	10.4724344013155	-3.6615649266043	1.04656036431164	-3.49866577358167	0.000467592315766703	0.00362638929374085
6960	10.4724344013155	-3.6615649266043	1.04656036431164	-3.49866577358167	0.000467592315766703	0.00362638929374085
6961	2.87165620550043	-1.71362061650845	1.19182199894717	-1.4378158970234	0.150486297580474	0.247568527159417
6962	2.87165620550043	-1.71362061650845	1.19182199894717	-1.4378158970234	0.150486297580474	0.247568527159417
6963	174.399895748233	1.8116848927621	2.0114135582654	0.900702337079033	0.367746605753421	0.47509558417852
6964	174.399895748233	1.8116848927621	2.0114135582654	0.900702337079033	0.367746605753421	0.47509558417852
6965	174.399895748233	1.8116848927621	2.0114135582654	0.900702337079033	0.367746605753421	0.47509558417852
6966	6.04132003703202	-4.73038110714966	1.38561802514116	-3.41391423994197	0.000640367293231325	0.00457405209450946
6967	6.04132003703202	-4.73038110714966	1.38561802514116	-3.41391423994197	0.000640367293231325	0.00457405209450946
6968	0.863376481151485	0.223848322028114	2.05804537432383	0.108767437696391	0.913386951504722	NA
6969	0.863376481151485	0.223848322028114	2.05804537432383	0.108767437696391	0.913386951504722	NA
6970	56.4590541754272	2.42059089073199	1.88682781926413	1.2828891253448	0.199530923261578	0.306297469919089
6971	56.4590541754272	2.42059089073199	1.88682781926413	1.2828891253448	0.199530923261578	0.306297469919089
6972	56.4590541754272	2.42059089073199	1.88682781926413	1.2828891253448	0.199530923261578	0.306297469919089
6973	26.6166979477697	-3.12551498137792	1.00745697965207	-3.10238059242722	0.00191970976343961	0.0103740501392655
6974	26.6166979477697	-3.12551498137792	1.00745697965207	-3.10238059242722	0.00191970976343961	0.0103740501392655
6975	1.17973693786281	-2.34927159821038	1.81186296654521	-1.29660556100988	0.194766938080339	NA
6976	1.17973693786281	-2.34927159821038	1.81186296654521	-1.29660556100988	0.194766938080339	NA
6977	1.77054139014171	-1.79980048459736	1.43495851546209	-1.25425262486964	0.209750197574453	0.313738305451006
6978	1.77054139014171	-1.79980048459736	1.43495851546209	-1.25425262486964	0.209750197574453	0.313738305451006
6979	1.32491244724984	0.684024810549991	1.5433774199666	0.443199959841833	0.657621107938731	NA
6980	1.32491244724984	0.684024810549991	1.5433774199666	0.443199959841833	0.657621107938731	NA
6981	32.7998929251322	-2.27316745501274	0.712071158172217	-3.19233187431384	0.00141129076979758	0.00825546132750674
6982	32.7998929251322	-2.27316745501274	0.712071158172217	-3.19233187431384	0.00141129076979758	0.00825546132750674
6983	12.6505265607907	-1.16455430060129	0.737670007690386	-1.57869276025937	0.11440654621953	0.201978770122752
6984	12.6505265607907	-1.16455430060129	0.737670007690386	-1.57869276025937	0.11440654621953	0.201978770122752
6985	2.55851090152584	-2.4394486658458	1.36051520022652	-1.79303301090619	0.0729676458332155	0.145865831746552
6986	2.55851090152584	-2.4394486658458	1.36051520022652	-1.79303301090619	0.0729676458332155	0.145865831746552
6987	3.73635334263093	-1.24586026050352	1.01428978061255	-1.22830800853689	0.219331365774159	0.324708229400432
6988	3.73635334263093	-1.24586026050352	1.01428978061255	-1.22830800853689	0.219331365774159	0.324708229400432
6989	1.76545427070999	-0.939535558226187	1.36344605837552	-0.689088910012032	0.49076731846974	0.589575830014281
6990	1.76545427070999	-0.939535558226187	1.36344605837552	-0.689088910012032	0.49076731846974	0.589575830014281
6991	1.7369272011664	-0.971292503854785	1.39310981784122	-0.697211728333029	0.485670300207054	0.58632229401254
6992	1.7369272011664	-0.971292503854785	1.39310981784122	-0.697211728333029	0.485670300207054	0.58632229401254
6993	3.76288476512784	1.00271402334265	0.938516867056131	1.06840277307736	0.285338866680697	0.392154201589964
6994	3.76288476512784	1.00271402334265	0.938516867056131	1.06840277307736	0.285338866680697	0.392154201589964
6995	18.4751474663791	-3.08347847658196	0.849228571413443	-3.63091702325778	0.000282415978658262	0.00248147931038641
6996	18.4751474663791	-3.08347847658196	0.849228571413443	-3.63091702325778	0.000282415978658262	0.00248147931038641
6997	65.3737178978509	-4.68318748010555	1.31564088939096	-3.55962445213566	0.000371385505273562	0.00301541690622479
6998	65.3737178978509	-4.68318748010555	1.31564088939096	-3.55962445213566	0.000371385505273562	0.00301541690622479
6999	4.5394605319585	0.163589967968128	0.845631457920479	0.193453030201144	0.846604187624424	0.885172414245104
7000	4.5394605319585	0.163589967968128	0.845631457920479	0.193453030201144	0.846604187624424	0.885172414245104
7001	0.102062072615966	0.0151395672302882	2.09688988419048	0.00722001061878979	0.99423931504784	NA
7002	0.102062072615966	0.0151395672302882	2.09688988419048	0.00722001061878979	0.99423931504784	NA
7003	3.9595053096107	-4.16511759688877	1.40955756295381	-2.95491131852786	0.00312758937482425	0.0152035594609512
7004	3.9595053096107	-4.16511759688877	1.40955756295381	-2.95491131852786	0.00312758937482425	0.0152035594609512
7005	1.07767486524684	-2.17633120654209	1.87040749752695	-1.16355992446546	0.244602400160686	NA
7006	1.07767486524684	-2.17633120654209	1.87040749752695	-1.16355992446546	0.244602400160686	NA
7007	1.99810548548552	-1.12091317472536	1.31909237343075	-0.84976093964522	0.395458010079813	0.501183959666631
7008	1.99810548548552	-1.12091317472536	1.31909237343075	-0.84976093964522	0.395458010079813	0.501183959666631
7009	2.30937882276513	-2.22587285547849	1.341262551543	-1.65953552711796	0.0970079278422284	0.179932729404863
7010	2.30937882276513	-2.22587285547849	1.341262551543	-1.65953552711796	0.0970079278422284	0.179932729404863
7011	1.2082640074064	-2.3763871694912	1.7851471055833	-1.3311996317047	0.183123332572317	NA
7012	1.2082640074064	-2.3763871694912	1.7851471055833	-1.3311996317047	0.183123332572317	NA
7013	0.873550720014913	-1.7477027830362	2.0124501450409	-0.86844525681439	0.3851506285872	NA
7014	0.873550720014913	-1.7477027830362	2.0124501450409	-0.86844525681439	0.3851506285872	NA
7015	2.10016755810148	-1.21559973985455	1.28940194625814	-0.942762451524315	0.345802421585964	0.452277720387934
7016	2.10016755810148	-1.21559973985455	1.28940194625814	-0.942762451524315	0.345802421585964	0.452277720387934
7017	1.86751634332596	-1.04806954311701	1.33465780453083	-0.78527210462418	0.432294047531197	0.538444543188324
7018	1.86751634332596	-1.04806954311701	1.33465780453083	-0.78527210462418	0.432294047531197	0.538444543188324
7019	1.43582810275021	-1.47721095800229	1.52247730292126	-0.970267967323967	0.331912939752242	NA
7020	1.43582810275021	-1.47721095800229	1.52247730292126	-0.970267967323967	0.331912939752242	NA
7021	1.23170395751828	-1.18915053731653	1.63538001455739	-0.727140191717686	0.467140079772365	NA
7022	1.23170395751828	-1.18915053731653	1.63538001455739	-0.727140191717686	0.467140079772365	NA
7023	1.1746498184311	-1.20454671576239	1.69020216794198	-0.712664282775751	0.476053523256582	NA
7024	1.1746498184311	-1.20454671576239	1.69020216794198	-0.712664282775751	0.476053523256582	NA
7025	1.44091522218193	-2.66036630588713	1.68859793687699	-1.57548830765919	0.115143775222221	NA
7026	1.44091522218193	-2.66036630588713	1.68859793687699	-1.57548830765919	0.115143775222221	NA
7027	1.50936310582259	-1.61432249360947	1.51223538425867	-1.06750742008384	0.285742764795301	NA
7028	1.50936310582259	-1.61432249360947	1.51223538425867	-1.06750742008384	0.285742764795301	NA
7029	5.43016710702627	-2.18292689404836	0.992964150416197	-2.19839446684293	0.0279210076622516	0.0733344925116673
7030	5.43016710702627	-2.18292689404836	0.992964150416197	-2.19839446684293	0.0279210076622516	0.0733344925116673
7031	7.11896557612254	-0.284469797449352	0.751302910352588	-0.378635292808662	0.704958710292706	0.777732225697233
7032	7.11896557612254	-0.284469797449352	0.751302910352588	-0.378635292808662	0.704958710292706	0.777732225697233
7033	2.23584381969276	-2.11992811062818	1.39421998766241	-1.52051192020459	0.128382365153942	0.220805050633315
7034	2.23584381969276	-2.11992811062818	1.39421998766241	-1.52051192020459	0.128382365153942	0.220805050633315
7035	1.40730103320662	-1.49478866027102	1.53902384794937	-0.971257633377619	0.33142000047113	NA
7036	1.40730103320662	-1.49478866027102	1.53902384794937	-0.971257633377619	0.33142000047113	NA
7037	0.329626167959777	0.605654192809648	2.0991405715485	0.288524837744843	0.772945020734111	NA
7038	0.329626167959777	0.605654192809648	2.0991405715485	0.288524837744843	0.772945020734111	NA
7039	3.26584011329646	4.04077999072539	1.38138786429943	2.92515961313637	0.0034427958809631	0.0164734466669903
7040	3.26584011329646	4.04077999072539	1.38138786429943	2.92515961313637	0.0034427958809631	0.0164734466669903
7041	0.873550720014913	-1.7477027830362	2.0124501450409	-0.86844525681439	0.3851506285872	NA
7042	0.873550720014913	-1.7477027830362	2.0124501450409	-0.86844525681439	0.3851506285872	NA
7043	2.33281877287701	-1.3678293913661	1.26564032123016	-1.08074100391856	0.279812337978974	0.386981033483007
7044	2.33281877287701	-1.3678293913661	1.26564032123016	-1.08074100391856	0.279812337978974	0.386981033483007
7045	5.92840873448495	-0.755867083369152	0.801180880617279	-0.943441239869311	0.345455257526259	0.452277720387934
7046	5.92840873448495	-0.755867083369152	0.801180880617279	-0.943441239869311	0.345455257526259	0.452277720387934
7047	0.102062072615966	0.0151395672302882	2.09688988419048	0.00722001061878979	0.99423931504784	NA
7048	0.102062072615966	0.0151395672302882	2.09688988419048	0.00722001061878979	0.99423931504784	NA
7049	36.8121078356543	-6.94567788338225	1.40261279837702	-4.95195672777203	7.34709441208981e-07	4.47214442475032e-05
7050	36.8121078356543	-6.94567788338225	1.40261279837702	-4.95195672777203	7.34709441208981e-07	4.47214442475032e-05
7051	15.5077426094781	-5.95670244735124	1.36676428217769	-4.35825147395594	1.3110568885495e-05	0.000254927728329069
7052	15.5077426094781	-5.95670244735124	1.36676428217769	-4.35825147395594	1.3110568885495e-05	0.000254927728329069
7053	0.232651214775525	-0.19316414502161	2.0980365678857	-0.0920690077467387	0.926643212073756	NA
7054	0.232651214775525	-0.19316414502161	2.0980365678857	-0.0920690077467387	0.926643212073756	NA
7055	0.436775360007456	-0.717854028375714	2.10172648415553	-0.341554447635058	0.732686223085295	NA
7056	0.436775360007456	-0.717854028375714	2.10172648415553	-0.341554447635058	0.732686223085295	NA
7057	0.771488647398947	-1.48375308003281	2.08084128814171	-0.713054421059606	0.47581208212865	NA
7058	0.771488647398947	-1.48375308003281	2.08084128814171	-0.713054421059606	0.47581208212865	NA
7059	0.204124145231932	-0.289902072294537	2.0984847144607	-0.138148288761322	0.890123222704436	NA
7060	0.204124145231932	-0.289902072294537	2.0984847144607	-0.138148288761322	0.890123222704436	NA
7061	0.557190263303588	0.93792212795813	2.1015277568334	0.446304896477504	0.655377019783103	NA
7062	0.557190263303588	0.93792212795813	2.1015277568334	0.446304896477504	0.655377019783103	NA
7063	0.102062072615966	0.0151395672302882	2.09688988419048	0.00722001061878979	0.99423931504784	NA
7064	0.102062072615966	0.0151395672302882	2.09688988419048	0.00722001061878979	0.99423931504784	NA
7065	0.659252335919554	0.693501941428492	2.12273943425933	0.326701398313859	0.743893742536631	NA
7066	0.659252335919554	0.693501941428492	2.12273943425933	0.326701398313859	0.743893742536631	NA
7067	0.888137087242385	2.39869042557319	2.06491450232858	1.16164152213964	0.245381108426186	NA
7068	0.888137087242385	2.39869042557319	2.06491450232858	1.16164152213964	0.245381108426186	NA
7069	1.00413986217447	-1.98253273236455	1.93759068845862	-1.02319480795074	0.306215747310909	NA
7070	1.00413986217447	-1.98253273236455	1.93759068845862	-1.02319480795074	0.306215747310909	NA
7071	4.74934678768981	-2.48238185698942	1.11250332606532	-2.23134780708392	0.0256580992348438	0.0685931559184257
7072	4.74934678768981	-2.48238185698942	1.11250332606532	-2.23134780708392	0.0256580992348438	0.0685931559184257
7073	5.82702165293666	-2.79819297025408	1.08245753914509	-2.58503716687498	0.00973685008097705	0.0335478017556223
7074	5.82702165293666	-2.79819297025408	1.08245753914509	-2.58503716687498	0.00973685008097705	0.0335478017556223
7075	0.204124145231932	-0.289902072294537	2.0984847144607	-0.138148288761322	0.890123222704436	NA
7076	0.204124145231932	-0.289902072294537	2.0984847144607	-0.138148288761322	0.890123222704436	NA
7077	15.6452908377643	-4.91706562855445	1.18730540673684	-4.14136548242325	3.45244326814203e-05	0.000488224300545338
7078	15.6452908377643	-4.91706562855445	1.18730540673684	-4.14136548242325	3.45244326814203e-05	0.000488224300545338
7079	18.2253697227071	-5.12675196729934	1.18745480543658	-4.3174291297886	1.57857069344575e-05	0.000259999878920477
7080	18.2253697227071	-5.12675196729934	1.18745480543658	-4.3174291297886	1.57857069344575e-05	0.000259999878920477
7081	1.77562850957342	-2.99229013863443	1.59194349637921	-1.87964594562573	0.0601563470394205	0.127154835211659
7082	1.77562850957342	-2.99229013863443	1.59194349637921	-1.87964594562573	0.0601563470394205	0.127154835211659
7083	3.12906802636685	-1.39878775570331	1.2223281435203	-1.14436353537177	0.252472904115131	0.357513889846106
7084	3.12906802636685	-1.39878775570331	1.2223281435203	-1.14436353537177	0.252472904115131	0.357513889846106
7085	2.42602726260857	-0.291473304868621	1.13498036192659	-0.256809117273055	0.797326131501638	0.846076238581829
7086	2.42602726260857	-0.291473304868621	1.13498036192659	-0.256809117273055	0.797326131501638	0.846076238581829
7087	1.86374987987326	-0.379255267672544	1.32695402873401	-0.28580889726404	0.775024493233795	0.830807266866243
7088	1.86374987987326	-0.379255267672544	1.32695402873401	-0.28580889726404	0.775024493233795	0.830807266866243
7089	0.334713287391491	-0.530109587478167	2.10015201911518	-0.252414864568474	0.800720411785564	NA
7090	0.334713287391491	-0.530109587478167	2.10015201911518	-0.252414864568474	0.800720411785564	NA
7091	0	NA	NA	NA	NA	NA
7092	0	NA	NA	NA	NA	NA
7093	0.102062072615966	0.0151395672302882	2.09688988419048	0.00722001061878979	0.99423931504784	NA
7094	0.102062072615966	0.0151395672302882	2.09688988419048	0.00722001061878979	0.99423931504784	NA
7095	0	NA	NA	NA	NA	NA
7096	0	NA	NA	NA	NA	NA
7097	0.687779405463147	0.672071389472816	2.12285694374022	0.316588167400817	0.751556115341702	NA
7098	0.687779405463147	0.672071389472816	2.12285694374022	0.316588167400817	0.751556115341702	NA
7099	0	NA	NA	NA	NA	NA
7100	0	NA	NA	NA	NA	NA
7101	0	NA	NA	NA	NA	NA
7102	0	NA	NA	NA	NA	NA
7103	0.742961577855354	-1.40391491330835	2.10237748146545	-0.667774900409302	0.504277290617022	NA
7104	0.742961577855354	-1.40391491330835	2.10237748146545	-0.667774900409302	0.504277290617022	NA
7105	1.74710144002983	-3.02039471725982	1.57052262036403	-1.92317810523462	0.0544576859708159	0.119853737674905
7106	1.74710144002983	-3.02039471725982	1.57052262036403	-1.92317810523462	0.0544576859708159	0.119853737674905
7107	18.9644186266953	-1.80319971480712	0.721371854724498	-2.49968127117433	0.0124305086534756	0.0404714235229437
7108	18.9644186266953	-1.80319971480712	0.721371854724498	-2.49968127117433	0.0124305086534756	0.0404714235229437
7109	7.37762622883533	-2.48184319789206	0.94202957130269	-2.63457037177721	0.00842438388200177	0.0303191193696722
7110	7.37762622883533	-2.48184319789206	0.94202957130269	-2.63457037177721	0.00842438388200177	0.0303191193696722
7111	0	NA	NA	NA	NA	NA
7112	0	NA	NA	NA	NA	NA
7113	0	NA	NA	NA	NA	NA
7114	0	NA	NA	NA	NA	NA
7115	10.9761321262575	3.77913016303479	0.87209729042002	4.33338138364664	1.46836410468541e-05	0.000258044126934739
7116	10.9761321262575	3.77913016303479	0.87209729042002	4.33338138364664	1.46836410468541e-05	0.000258044126934739
7117	0.436775360007456	-0.717854028375714	2.10172648415553	-0.341554447635058	0.732686223085295	NA
7118	0.436775360007456	-0.717854028375714	2.10172648415553	-0.341554447635058	0.732686223085295	NA
7119	0.659252335919554	0.693501941428492	2.12273943425933	0.326701398313859	0.743893742536631	NA
7120	0.659252335919554	0.693501941428492	2.12273943425933	0.326701398313859	0.743893742536631	NA
7121	1.57082937327382	3.88095082982926	1.71009950621599	2.26942982892077	0.0232421999528006	0.0644338216513284
7122	1.57082937327382	3.88095082982926	1.71009950621599	2.26942982892077	0.0232421999528006	0.0644338216513284
7123	0.334713287391491	-0.530109587478167	2.10015201911518	-0.252414864568474	0.800720411785564	NA
7124	0.334713287391491	-0.530109587478167	2.10015201911518	-0.252414864568474	0.800720411785564	NA
7125	4.9877307868084	-0.65979835916109	0.90477909849436	-0.729236959893368	0.465856726423938	0.567788233018149
7126	4.9877307868084	-0.65979835916109	0.90477909849436	-0.729236959893368	0.465856726423938	0.567788233018149
7127	4.10657531575545	-4.26139433969988	1.39989636330418	-3.04407844137956	0.00233394276371668	0.0119543409848903
7128	4.10657531575545	-4.26139433969988	1.39989636330418	-3.04407844137956	0.00233394276371668	0.0119543409848903
7129	3.92589112063539	-3.0288695123698	1.24148497854615	-2.43971499028267	0.0146988534984505	0.0459206645109577
7130	3.92589112063539	-3.0288695123698	1.24148497854615	-2.43971499028267	0.0146988534984505	0.0459206645109577
7131	2.05328765787772	-3.2883049054443	1.51437153062834	-2.17139905164482	0.0299010205413615	0.0765757843132429
7132	2.05328765787772	-3.2883049054443	1.51437153062834	-2.17139905164482	0.0299010205413615	0.0765757843132429
7133	1.76545427070999	-0.939535558226187	1.36344605837552	-0.689088910012032	0.49076731846974	0.589575830014281
7134	1.76545427070999	-0.939535558226187	1.36344605837552	-0.689088910012032	0.49076731846974	0.589575830014281
7135	3.08086747016407	-2.64979858574003	1.28250828465329	-2.06610640839359	0.0388184332789738	0.0938074912380265
7136	3.08086747016407	-2.64979858574003	1.28250828465329	-2.06610640839359	0.0388184332789738	0.0938074912380265
7137	4.5718777453065	-4.3902974247075	1.38972869313417	-3.15910396496623	0.00158255024997926	0.00895783160365621
7138	4.5718777453065	-4.3902974247075	1.38972869313417	-3.15910396496623	0.00158255024997926	0.00895783160365621
7139	1.66339219809403	-0.822543243410079	1.39971876452324	-0.587648936527794	0.556767956781967	0.650104369887201
7140	1.66339219809403	-0.822543243410079	1.39971876452324	-0.587648936527794	0.556767956781967	0.650104369887201
7141	0.771488647398947	-1.48375308003281	2.08084128814171	-0.713054421059606	0.47581208212865	NA
7142	0.771488647398947	-1.48375308003281	2.08084128814171	-0.713054421059606	0.47581208212865	NA
7143	0.635812385807674	-0.14616022719174	2.11950403513501	-0.068959636202075	0.945021748622434	NA
7144	0.635812385807674	-0.14616022719174	2.11950403513501	-0.068959636202075	0.945021748622434	NA
7145	0.562277382735302	0.0498330857396452	2.0951784918673	0.0237846493428024	0.981024384636588	NA
7146	0.562277382735302	0.0498330857396452	2.0951784918673	0.0237846493428024	0.981024384636588	NA
7147	2.86978423880545	-3.76646790272377	1.47615260152126	-2.55154372172783	0.0107246867015489	0.0362339668913648
7148	2.86978423880545	-3.76646790272377	1.47615260152126	-2.55154372172783	0.0107246867015489	0.0362339668913648
7149	9.50190872811636	-4.25290286355527	1.18673534808541	-3.58369949156447	0.000338761812188216	0.00282301510156846
7150	9.50190872811636	-4.25290286355527	1.18673534808541	-3.58369949156447	0.000338761812188216	0.00282301510156846
7151	0	NA	NA	NA	NA	NA
7152	0	NA	NA	NA	NA	NA
7153	0.334713287391491	-0.530109587478167	2.10015201911518	-0.252414864568474	0.800720411785564	NA
7154	0.334713287391491	-0.530109587478167	2.10015201911518	-0.252414864568474	0.800720411785564	NA
7155	0.204124145231932	-0.289902072294537	2.0984847144607	-0.138148288761322	0.890123222704436	NA
7156	0.204124145231932	-0.289902072294537	2.0984847144607	-0.138148288761322	0.890123222704436	NA
7157	4.87806396315439	-4.48506080265538	1.38680239137627	-3.23410229932209	0.00122025738540806	0.00744924566673526
7158	4.87806396315439	-4.48506080265538	1.38680239137627	-3.23410229932209	0.00122025738540806	0.00744924566673526
7159	1.61142517843855	-1.72334848934885	1.49109082499759	-1.15576359297337	0.24777786848392	0.355176466768759
7160	1.61142517843855	-1.72334848934885	1.49109082499759	-1.15576359297337	0.24777786848392	0.355176466768759
7161	0.431688240575743	0.300911269897379	2.10125340962322	0.143205606957866	0.886127801753767	NA
7162	0.431688240575743	0.300911269897379	2.10125340962322	0.143205606957866	0.886127801753767	NA
7163	0.329626167959777	0.605654192809648	2.0991405715485	0.288524837744843	0.772945020734111	NA
7164	0.329626167959777	0.605654192809648	2.0991405715485	0.288524837744843	0.772945020734111	NA
7165	1.30523896059066	-1.36308934320672	1.57303808824636	-0.866532955172312	0.386197962181062	NA
7166	1.30523896059066	-1.36308934320672	1.57303808824636	-0.866532955172312	0.386197962181062	NA
7167	0.102062072615966	0.0151395672302882	2.09688988419048	0.00722001061878979	0.99423931504784	NA
7168	0.102062072615966	0.0151395672302882	2.09688988419048	0.00722001061878979	0.99423931504784	NA
7169	0	NA	NA	NA	NA	NA
7170	0	NA	NA	NA	NA	NA
7171	0.557190263303588	0.93792212795813	2.1015277568334	0.446304896477504	0.655377019783103	NA
7172	0.557190263303588	0.93792212795813	2.1015277568334	0.446304896477504	0.655377019783103	NA
7173	0	NA	NA	NA	NA	NA
7174	0	NA	NA	NA	NA	NA
7175	2483.16772816032	2.42582292468182	0.421882237310591	5.75000014256568	8.92433738249645e-09	2.34263856290532e-06
7176	2483.16772816032	2.42582292468182	0.421882237310591	5.75000014256568	8.92433738249645e-09	2.34263856290532e-06
7177	2483.16772816032	2.42582292468182	0.421882237310591	5.75000014256568	8.92433738249645e-09	2.34263856290532e-06
7178	9.96097685582393	1.78361327247682	1.37884449117912	1.29355651336109	0.195818651601364	0.301825603937493
7179	9.96097685582393	1.78361327247682	1.37884449117912	1.29355651336109	0.195818651601364	0.301825603937493
7180	9.96097685582393	1.78361327247682	1.37884449117912	1.29355651336109	0.195818651601364	0.301825603937493
7181	1815.67607267669	2.58265957922464	0.496796214225854	5.19862975052887	2.00762963711453e-07	2.72001434705839e-05
7182	1815.67607267669	2.58265957922464	0.496796214225854	5.19862975052887	2.00762963711453e-07	2.72001434705839e-05
7183	1815.67607267669	2.58265957922464	0.496796214225854	5.19862975052887	2.00762963711453e-07	2.72001434705839e-05
7184	8312.54706264134	0.132922528720316	0.410256984283409	0.323998210420452	0.745939389095657	0.812485849118714
7185	8312.54706264134	0.132922528720316	0.410256984283409	0.323998210420452	0.745939389095657	0.812485849118714
7186	8312.54706264134	0.132922528720316	0.410256984283409	0.323998210420452	0.745939389095657	0.812485849118714
7187	62.1463291533074	1.58653808630079	1.49279697037786	1.06279562310419	0.287874644859058	0.395251228639439
7188	62.1463291533074	1.58653808630079	1.49279697037786	1.06279562310419	0.287874644859058	0.395251228639439
7189	62.1463291533074	1.58653808630079	1.49279697037786	1.06279562310419	0.287874644859058	0.395251228639439
7190	3221.73577497167	0.84197795482565	0.41877162860333	2.01058977570611	0.0443688048965048	0.102615077403811
7191	3221.73577497167	0.84197795482565	0.41877162860333	2.01058977570611	0.0443688048965048	0.102615077403811
7192	3221.73577497167	0.84197795482565	0.41877162860333	2.01058977570611	0.0443688048965048	0.102615077403811
7193	5.50248260440859	-4.60076112743465	1.39219466087017	-3.30468235279613	0.000950840981532753	0.00618193827002719
7194	5.50248260440859	-4.60076112743465	1.39219466087017	-3.30468235279613	0.000950840981532753	0.00618193827002719
7195	1.46435517229381	-1.44458626554158	1.57516892746094	-0.917099264946871	0.359090626214369	NA
7196	1.46435517229381	-1.44458626554158	1.57516892746094	-0.917099264946871	0.359090626214369	NA
7197	0.538837432623422	-0.864822990680704	2.10272243892331	-0.411287279134916	0.680861896192882	NA
7198	0.538837432623422	-0.864822990680704	2.10272243892331	-0.411287279134916	0.680861896192882	NA
7199	1.58798522832667	-2.85805037436166	1.66982008658485	-1.71159180400506	0.0869719197842578	0.16771444586496
7200	1.58798522832667	-2.85805037436166	1.66982008658485	-1.71159180400506	0.0869719197842578	0.16771444586496
7201	1.53789017536618	-1.60290792764874	1.48425781510729	-1.07993901823106	0.28016933668021	0.386981033483007
7202	1.53789017536618	-1.60290792764874	1.48425781510729	-1.07993901823106	0.28016933668021	0.386981033483007
7203	9.5911977478872	0.971010924050335	0.691153253733729	1.40491406038352	0.160046835021182	0.260743486070196
7204	9.5911977478872	0.971010924050335	0.691153253733729	1.40491406038352	0.160046835021182	0.260743486070196
7205	6.21180066713232	0.289261366698281	0.844229460844826	0.342633584960201	0.731874132676835	0.801530992762114
7206	6.21180066713232	0.289261366698281	0.844229460844826	0.342633584960201	0.731874132676835	0.801530992762114
7207	4.58125331275054	1.02883051029808	0.885792566141379	1.16148018127967	0.245446678284359	0.354496577989789
7208	4.58125331275054	1.02883051029808	0.885792566141379	1.16148018127967	0.245446678284359	0.354496577989789
7209	9.66019694224382	1.37365775190085	0.698197286276347	1.9674349627265	0.0491330869386662	0.111304727692771
7210	9.66019694224382	1.37365775190085	0.698197286276347	1.9674349627265	0.0491330869386662	0.111304727692771
7211	2.42470660662955	-0.311550341071023	1.14825642958472	-0.271324708526733	0.786141304322609	0.839410899347497
7212	2.42470660662955	-0.311550341071023	1.14825642958472	-0.271324708526733	0.786141304322609	0.839410899347497
7213	0.533750313191708	0.0508251107301774	2.10370273380308	0.0241598349013387	0.980725115876254	NA
7214	0.533750313191708	0.0508251107301774	2.10370273380308	0.0241598349013387	0.980725115876254	NA
7215	1.09602769592701	-0.138916182369174	1.6813768286884	-0.0826204929192103	0.934153305990921	NA
7216	1.09602769592701	-0.138916182369174	1.6813768286884	-0.0826204929192103	0.934153305990921	NA
7217	17.8446449676404	1.64410792633254	0.647448799774622	2.53936361748582	0.0111054334396649	0.0371952316161027
7218	17.8446449676404	1.64410792633254	0.647448799774622	2.53936361748582	0.0111054334396649	0.0371952316161027
7219	5.67608403305024	-1.19748884682915	0.91394444184485	-1.3102424961543	0.190113813741849	0.295076872770053
7220	5.67608403305024	-1.19748884682915	0.91394444184485	-1.3102424961543	0.190113813741849	0.295076872770053
7221	1.61142517843855	-1.72334848934885	1.49109082499759	-1.15576359297337	0.24777786848392	0.355176466768759
7222	1.61142517843855	-1.72334848934885	1.49109082499759	-1.15576359297337	0.24777786848392	0.355176466768759
7223	1.52262881707104	0.528018237971295	1.74982619266203	0.301754677227694	0.762839083493001	NA
7224	1.52262881707104	0.528018237971295	1.74982619266203	0.301754677227694	0.762839083493001	NA
7225	30.8474996903995	-6.73438793991622	1.39977584191218	-4.81104741078872	1.50141393559989e-06	6.36963487830255e-05
7226	30.8474996903995	-6.73438793991622	1.39977584191218	-4.81104741078872	1.50141393559989e-06	6.36963487830255e-05
7227	69.4294964551905	-6.13562756372833	1.21266712591206	-5.05961399680366	4.20106057584678e-07	4.28438090930454e-05
7228	69.4294964551905	-6.13562756372833	1.21266712591206	-5.05961399680366	4.20106057584678e-07	4.28438090930454e-05
7229	55.3956307958647	-5.87208456519198	1.17174433375589	-5.01140427653676	5.40342605383951e-07	4.32172201811287e-05
7230	55.3956307958647	-5.87208456519198	1.17174433375589	-5.01140427653676	5.40342605383951e-07	4.32172201811287e-05
7231	24.0556065283805	-6.47742381037888	1.37680729102492	-4.70466989287728	2.5427704563133e-06	8.68263082643565e-05
7232	24.0556065283805	-6.47742381037888	1.37680729102492	-4.70466989287728	2.5427704563133e-06	8.68263082643565e-05
7233	42.4445674774118	-4.42755780223503	1.0215742942126	-4.3340536535795	1.4638847215306e-05	0.000258044126934739
7234	42.4445674774118	-4.42755780223503	1.0215742942126	-4.3340536535795	1.4638847215306e-05	0.000258044126934739
7235	20.6463098658839	-3.37685157800984	0.833119535536772	-4.05326178773873	5.05084276673356e-05	0.000656765932516438
7236	20.6463098658839	-3.37685157800984	0.833119535536772	-4.05326178773873	5.05084276673356e-05	0.000656765932516438
7237	85.0385968200606	-3.72036334020157	0.854819165516775	-4.35222265746984	1.34764294128598e-05	0.00025727728879096
7238	85.0385968200606	-3.72036334020157	0.854819165516775	-4.35222265746984	1.34764294128598e-05	0.00025727728879096
7239	18.1683155836199	-5.12148941084915	1.19197311855312	-4.29664841524771	1.73399887260304e-05	0.000280240795374763
7240	18.1683155836199	-5.12148941084915	1.19197311855312	-4.29664841524771	1.73399887260304e-05	0.000280240795374763
7241	9.3928875693737	-5.33289214608763	1.37533985994138	-3.87750860817408	0.000105531594824047	0.00116029502162564
7242	9.3928875693737	-5.33289214608763	1.37533985994138	-3.87750860817408	0.000105531594824047	0.00116029502162564
7243	22.1899621517495	-6.38476014631623	1.37221984217346	-4.6528697152516	3.27347089958701e-06	0.00010184131687604
7244	22.1899621517495	-6.38476014631623	1.37221984217346	-4.6528697152516	3.27347089958701e-06	0.00010184131687604
7245	22.8777415572126	-4.74040082821365	1.06845391100614	-4.43669191472163	9.13518916853089e-06	0.00020408401333952
7246	22.8777415572126	-4.74040082821365	1.06845391100614	-4.43669191472163	9.13518916853089e-06	0.00020408401333952
7247	28.7599453825415	-5.04379408756774	1.0878643788386	-4.63641809188797	3.5449857561624e-06	0.000108678395444395
7248	28.7599453825415	-5.04379408756774	1.0878643788386	-4.63641809188797	3.5449857561624e-06	0.000108678395444395
7249	22.8505351436481	-5.24155978151889	1.21135125993271	-4.32703539831218	1.51129681119381e-05	0.000258044126934739
7250	22.8505351436481	-5.24155978151889	1.21135125993271	-4.32703539831218	1.51129681119381e-05	0.000258044126934739
7251	15.8424558968696	-5.9827189779057	1.36653986864852	-4.37800543925767	1.19770362114066e-05	0.000242547991315106
7252	15.8424558968696	-5.9827189779057	1.36653986864852	-4.37800543925767	1.19770362114066e-05	0.000242547991315106
7253	56.5994376147816	-4.56953300730348	0.933332069554314	-4.89593485144631	9.78394785026443e-07	4.95447251815998e-05
7254	56.5994376147816	-4.56953300730348	0.933332069554314	-4.89593485144631	9.78394785026443e-07	4.95447251815998e-05
7255	46.468698117047	-6.28530157002803	1.25122343071412	-5.02332470423829	5.07845771879475e-07	4.32172201811287e-05
7256	46.468698117047	-6.28530157002803	1.25122343071412	-5.02332470423829	5.07845771879475e-07	4.32172201811287e-05
7257	40.3272665943202	-4.59829496681886	1.09646679791238	-4.19373844750592	2.74394351154779e-05	0.000401552709006993
7258	40.3272665943202	-4.59829496681886	1.09646679791238	-4.19373844750592	2.74394351154779e-05	0.000401552709006993
7259	30.4392378077484	-2.74448148391663	0.78651035784436	-3.48944099279076	0.000484031907774274	0.00372332236749441
7260	30.4392378077484	-2.74448148391663	0.78651035784436	-3.48944099279076	0.000484031907774274	0.00372332236749441
7261	19.0710458341833	-6.1887273570912	1.37603741245699	-4.49749934199893	6.87573737687467e-06	0.000176755887951099
7262	19.0710458341833	-6.1887273570912	1.37603741245699	-4.49749934199893	6.87573737687467e-06	0.000176755887951099
7263	23.3246911560835	-6.44061288940667	1.37469754004922	-4.68511268971651	2.79805941310395e-06	8.97087750766152e-05
7264	23.3246911560835	-6.44061288940667	1.37469754004922	-4.68511268971651	2.79805941310395e-06	8.97087750766152e-05
7265	42.3887553740774	-4.96715925126423	1.00911255113361	-4.92230449981445	8.5530992584277e-07	4.678748415685e-05
7266	42.3887553740774	-4.96715925126423	1.00911255113361	-4.92230449981445	8.5530992584277e-07	4.678748415685e-05
7267	19.7119453394227	-6.23107748819095	1.3752374510106	-4.53091026834095	5.87300816277949e-06	0.000159139576023702
7268	19.7119453394227	-6.23107748819095	1.3752374510106	-4.53091026834095	5.87300816277949e-06	0.000159139576023702
7269	21.5674154771903	-4.6613232432931	1.06430817074188	-4.37967439453549	1.188567695066e-05	0.000242547991315106
7270	21.5674154771903	-4.6613232432931	1.06430817074188	-4.37967439453549	1.188567695066e-05	0.000242547991315106
7271	29.0686942921212	-6.67233868229079	1.39750878997839	-4.77445203217216	1.80197225530886e-06	7.3478480313565e-05
7272	29.0686942921212	-6.67233868229079	1.39750878997839	-4.77445203217216	1.80197225530886e-06	7.3478480313565e-05
7273	15.2630451891442	-5.9222109803196	1.38092808848531	-4.28857304714211	1.79824660766801e-05	0.000285005122724742
7274	15.2630451891442	-5.9222109803196	1.38092808848531	-4.28857304714211	1.79824660766801e-05	0.000285005122724742
7275	25.9446908551233	-5.57387727344924	1.20859832830462	-4.61185254266243	3.99096078156591e-06	0.00011721702994809
7276	25.9446908551233	-5.57387727344924	1.20859832830462	-4.61185254266243	3.99096078156591e-06	0.00011721702994809
7277	34.4145851125266	-5.92633363357814	1.22235441560266	-4.8482940446174	1.24527725357346e-06	5.87658928652644e-05
7278	34.4145851125266	-5.92633363357814	1.22235441560266	-4.8482940446174	1.24527725357346e-06	5.87658928652644e-05
7279	24.0409976310903	-4.80351452417874	1.07579929809705	-4.46506567970025	8.00441927589945e-06	0.000184717367905372
7280	24.0409976310903	-4.80351452417874	1.07579929809705	-4.46506567970025	8.00441927589945e-06	0.000184717367905372
7281	0	NA	NA	NA	NA	NA
7282	0	NA	NA	NA	NA	NA
7283	11.614761360594	-0.763160742952217	0.739333497783919	-1.03222800703568	0.301965317764768	0.410109481042291
7284	11.614761360594	-0.763160742952217	0.739333497783919	-1.03222800703568	0.301965317764768	0.410109481042291
7285	9.59503603547255	3.67123237721787	0.908364877439718	4.04158336412727	5.30915001710906e-05	0.000677763831971369
7286	9.59503603547255	3.67123237721787	0.908364877439718	4.04158336412727	5.30915001710906e-05	0.000677763831971369
7287	78.5440048250668	-3.75769498989617	0.865083092685142	-4.34373879419214	1.40078058156299e-05	0.000258044126934739
7288	78.5440048250668	-3.75769498989617	0.865083092685142	-4.34373879419214	1.40078058156299e-05	0.000258044126934739
7289	72.5541455570997	-4.94406308286726	0.997071364676254	-4.9585849699661	7.10084806065735e-07	4.45127788877028e-05
7290	72.5541455570997	-4.94406308286726	0.997071364676254	-4.9585849699661	7.10084806065735e-07	4.45127788877028e-05
7291	24.5037531028787	-3.62599940193905	0.844101447378663	-4.29569148732005	1.74149637125746e-05	0.000280240795374763
7292	24.5037531028787	-3.62599940193905	0.844101447378663	-4.29569148732005	1.74149637125746e-05	0.000280240795374763
7293	50.7262063487578	-3.56248638951297	1.08552013643569	-3.28182432544311	0.00103137839470486	0.00660333728317134
7294	50.7262063487578	-3.56248638951297	1.08552013643569	-3.28182432544311	0.00103137839470486	0.00660333728317134
7295	3.99176951645067	1.36182265245715	0.896217050662269	1.51952325773184	0.128630838345178	0.220870613675286
7296	3.99176951645067	1.36182265245715	0.896217050662269	1.51952325773184	0.128630838345178	0.220870613675286
7297	0.947085723087285	-1.87527622269716	2.00012112589023	-0.937581328662036	0.348459610401336	NA
7298	0.947085723087285	-1.87527622269716	2.00012112589023	-0.937581328662036	0.348459610401336	NA
7299	0.839936531039606	-0.54139429700644	2.08477998044072	-0.259688937003313	0.795103726944944	NA
7300	0.839936531039606	-0.54139429700644	2.08477998044072	-0.259688937003313	0.795103726944944	NA
7301	4.87993592984937	-2.5136799141404	1.1264391466395	-2.23152748343259	0.0256462091025175	0.0685931559184257
7302	4.87993592984937	-2.5136799141404	1.1264391466395	-2.23152748343259	0.0256462091025175	0.0685931559184257
7303	9.16210832129316	-3.47227635063769	1.04945008455093	-3.30866270035464	0.000937426993750374	0.00611365430706766
7304	9.16210832129316	-3.47227635063769	1.04945008455093	-3.30866270035464	0.000937426993750374	0.00611365430706766
7305	0.334713287391491	-0.530109587478167	2.10015201911518	-0.252414864568474	0.800720411785564	NA
7306	0.334713287391491	-0.530109587478167	2.10015201911518	-0.252414864568474	0.800720411785564	NA
7307	7.4669739009188	-2.63787676634985	0.96670519150495	-2.72872928534008	0.00635788739469428	0.0249328917438991
7308	7.4669739009188	-2.63787676634985	0.96670519150495	-2.72872928534008	0.00635788739469428	0.0249328917438991
7309	0.873550720014913	-1.7477027830362	2.0124501450409	-0.86844525681439	0.3851506285872	NA
7310	0.873550720014913	-1.7477027830362	2.0124501450409	-0.86844525681439	0.3851506285872	NA
7311	3.8973640510918	-3.03715387337077	1.24641890037586	-2.43670396241176	0.0148218080238563	0.046112291629775
7312	3.8973640510918	-3.03715387337077	1.24641890037586	-2.43670396241176	0.0148218080238563	0.046112291629775
7313	1.94613846583004	-2.01242900126662	1.39837621760993	-1.43911844031946	0.150116968213599	0.247348476460226
7314	1.94613846583004	-2.01242900126662	1.39837621760993	-1.43911844031946	0.150116968213599	0.247348476460226
7315	9.97860490222088	-3.60268429642687	1.05115777365758	-3.4273487641071	0.000609505705838686	0.00441366200779738
7316	9.97860490222088	-3.60268429642687	1.05115777365758	-3.4273487641071	0.000609505705838686	0.00441366200779738
7317	0.306186217847897	-0.511379433977429	2.09997323508663	-0.243517119853355	0.807604824481893	NA
7318	0.306186217847897	-0.511379433977429	2.09997323508663	-0.243517119853355	0.807604824481893	NA
7319	1.07767486524684	-2.17633120654209	1.87040749752695	-1.16355992446546	0.244602400160686	NA
7320	1.07767486524684	-2.17633120654209	1.87040749752695	-1.16355992446546	0.244602400160686	NA
7321	1.74201432059811	-1.82419979500934	1.43110340419489	-1.27468063430092	0.202422304017218	0.307922374817933
7322	1.74201432059811	-1.82419979500934	1.43110340419489	-1.27468063430092	0.202422304017218	0.307922374817933
7323	0.306186217847897	-0.511379433977429	2.09997323508663	-0.243517119853355	0.807604824481893	NA
7324	0.306186217847897	-0.511379433977429	2.09997323508663	-0.243517119853355	0.807604824481893	NA
7325	0.975612792630879	-1.97724141485751	1.93871554125265	-1.01987185473325	0.307789239391845	NA
7326	0.975612792630879	-1.97724141485751	1.93871554125265	-1.01987185473325	0.307789239391845	NA
7327	2.8862425727279	-0.122870422524742	1.04101784511889	-0.118029122268033	0.906044582923589	0.93155134596795
7328	2.8862425727279	-0.122870422524742	1.04101784511889	-0.118029122268033	0.906044582923589	0.93155134596795
7329	4.90723669760934	-1.0758687996054	0.934928421294926	-1.15074991314871	0.249835135817708	0.35588132441824
7330	4.90723669760934	-1.0758687996054	0.934928421294926	-1.15074991314871	0.249835135817708	0.35588132441824
7331	2.0767276079896	-2.08522381638947	1.36735327495179	-1.52500736611977	0.127257260386532	0.219589356459916
7332	2.0767276079896	-2.08522381638947	1.36735327495179	-1.52500736611977	0.127257260386532	0.219589356459916
7333	14.7381259287741	-4.13858200424943	1.04876720245223	-3.94613980545215	7.94212512201085e-05	0.000926581264234599
7334	14.7381259287741	-4.13858200424943	1.04876720245223	-3.94613980545215	7.94212512201085e-05	0.000926581264234599
7335	0.102062072615966	0.0151395672302882	2.09688988419048	0.00722001061878979	0.99423931504784	NA
7336	0.102062072615966	0.0151395672302882	2.09688988419048	0.00722001061878979	0.99423931504784	NA
7337	0.306186217847897	-0.511379433977429	2.09997323508663	-0.243517119853355	0.807604824481893	NA
7338	0.306186217847897	-0.511379433977429	2.09997323508663	-0.243517119853355	0.807604824481893	NA
7339	2.23008170919337	2.71861442224215	1.33602999151406	2.03484535490201	0.0418664358247688	0.0988415011040072
7340	2.23008170919337	2.71861442224215	1.33602999151406	2.03484535490201	0.0418664358247688	0.0988415011040072
7341	2.0215454355974	-0.436047012761589	1.30330373473212	-0.334570523463752	0.737949083511711	0.805663153301062
7342	2.0215454355974	-0.436047012761589	1.30330373473212	-0.334570523463752	0.737949083511711	0.805663153301062
7343	0.766401527967233	-0.465278789480739	1.92404318179707	-0.241823465233334	0.808916955819756	NA
7344	0.766401527967233	-0.465278789480739	1.92404318179707	-0.241823465233334	0.808916955819756	NA
7345	0.334713287391491	-0.530109587478167	2.10015201911518	-0.252414864568474	0.800720411785564	NA
7346	0.334713287391491	-0.530109587478167	2.10015201911518	-0.252414864568474	0.800720411785564	NA
7347	0.227564095343811	1.16277842171323	2.09495177282485	0.555038276678481	0.578868479644751	NA
7348	0.227564095343811	1.16277842171323	2.09495177282485	0.555038276678481	0.578868479644751	NA
7349	0.431688240575743	0.300911269897379	2.10125340962322	0.143205606957866	0.886127801753767	NA
7350	0.431688240575743	0.300911269897379	2.10125340962322	0.143205606957866	0.886127801753767	NA
7351	0.766401527967233	-0.465278789480739	1.92404318179707	-0.241823465233334	0.808916955819756	NA
7352	0.766401527967233	-0.465278789480739	1.92404318179707	-0.241823465233334	0.808916955819756	NA
7353	0.204124145231932	-0.289902072294537	2.0984847144607	-0.138148288761322	0.890123222704436	NA
7354	0.204124145231932	-0.289902072294537	2.0984847144607	-0.138148288761322	0.890123222704436	NA
7355	1.32491244724984	0.684024810549991	1.5433774199666	0.443199959841833	0.657621107938731	NA
7356	1.32491244724984	0.684024810549991	1.5433774199666	0.443199959841833	0.657621107938731	NA
7357	0.232651214775525	-0.19316414502161	2.0980365678857	-0.0920690077467387	0.926643212073756	NA
7358	0.232651214775525	-0.19316414502161	2.0980365678857	-0.0920690077467387	0.926643212073756	NA
7359	6.96937793837147	-2.38244538876748	0.939655014556335	-2.53544689472271	0.0112303954732716	0.0374941661269799
7360	6.96937793837147	-2.38244538876748	0.939655014556335	-2.53544689472271	0.0112303954732716	0.0374941661269799
7361	4.9541165978331	-0.365516433598374	0.84294929676989	-0.433616155798458	0.664567200903968	0.743126262991657
7362	4.9541165978331	-0.365516433598374	0.84294929676989	-0.433616155798458	0.664567200903968	0.743126262991657
7363	1.32867891070254	-0.443943755878198	1.52786060272776	-0.290565615138977	0.771383561047814	NA
7364	1.32867891070254	-0.443943755878198	1.52786060272776	-0.290565615138977	0.771383561047814	NA
7365	2.38800094526921	-3.5046187135773	1.47119538420501	-2.38215722480062	0.0172115471892907	0.0520435552159977
7366	2.38800094526921	-3.5046187135773	1.47119538420501	-2.38215722480062	0.0172115471892907	0.0520435552159977
7367	7.38647981171974	-3.17307693023709	1.06031119296378	-2.99259024265102	0.00276620871935797	0.0137329510890112
7368	7.38647981171974	-3.17307693023709	1.06031119296378	-2.99259024265102	0.00276620871935797	0.0137329510890112
7369	6.33733201601649	-2.93770725958373	1.06765750706764	-2.75154461064227	0.00593149403298507	0.0237034014638794
7370	6.33733201601649	-2.93770725958373	1.06765750706764	-2.75154461064227	0.00593149403298507	0.0237034014638794
7371	5.72308761362571	-4.69886775169662	1.38308814913372	-3.39737402467059	0.000680359054353007	0.00476678936062786
7372	5.72308761362571	-4.69886775169662	1.38308814913372	-3.39737402467059	0.000680359054353007	0.00476678936062786
7373	0.306186217847897	-0.511379433977429	2.09997323508663	-0.243517119853355	0.807604824481893	NA
7374	0.306186217847897	-0.511379433977429	2.09997323508663	-0.243517119853355	0.807604824481893	NA
7375	0	NA	NA	NA	NA	NA
7376	0	NA	NA	NA	NA	NA
7377	0	NA	NA	NA	NA	NA
7378	0	NA	NA	NA	NA	NA
7379	0	NA	NA	NA	NA	NA
7380	0	NA	NA	NA	NA	NA
7381	0	NA	NA	NA	NA	NA
7382	0	NA	NA	NA	NA	NA
7383	2.71762711322899	-2.50485121200496	1.30010181238425	-1.92665773414416	0.0540222984681479	0.119853737674905
7384	2.71762711322899	-2.50485121200496	1.30010181238425	-1.92665773414416	0.0540222984681479	0.119853737674905
7385	2.6637655968158	-1.1157680528884	1.22150511280665	-0.913437071355931	0.361012715870016	0.468123929192364
7386	2.6637655968158	-1.1157680528884	1.22150511280665	-0.913437071355931	0.361012715870016	0.468123929192364
7387	1.97466553537364	-1.99665695643976	1.38482506126311	-1.44181168603245	0.149355505274293	0.247257832933398
7388	1.97466553537364	-1.99665695643976	1.38482506126311	-1.44181168603245	0.149355505274293	0.247257832933398
7389	2.31247029515015	0.656727765565658	1.2889764855704	0.509495536123023	0.61040492644548	0.695394857816397
7390	2.31247029515015	0.656727765565658	1.2889764855704	0.509495536123023	0.61040492644548	0.695394857816397
7391	0.538837432623422	-0.864822990680704	2.10272243892331	-0.411287279134916	0.680861896192882	NA
7392	0.538837432623422	-0.864822990680704	2.10272243892331	-0.411287279134916	0.680861896192882	NA
7393	1.54297729479789	-2.79400755251868	1.6395409094695	-1.70414018728128	0.0883549003098271	0.167914290181572
7394	1.54297729479789	-2.79400755251868	1.6395409094695	-1.70414018728128	0.0883549003098271	0.167914290181572
7395	0.896990670126792	-0.671851961788102	1.83207637872	-0.366716131266044	0.713830772624265	NA
7396	0.896990670126792	-0.671851961788102	1.83207637872	-0.366716131266044	0.713830772624265	NA
7397	2.89442116454464	1.75095900125871	1.06796088519302	1.63953476717666	0.101101936084365	0.185508139604339
7398	2.89442116454464	1.75095900125871	1.06796088519302	1.63953476717666	0.101101936084365	0.185508139604339
7399	3.71667985597175	-2.14499160065824	1.12793031073905	-1.90170578823508	0.0572096287330873	0.123887626286657
7400	3.71667985597175	-2.14499160065824	1.12793031073905	-1.90170578823508	0.0572096287330873	0.123887626286657
7401	3.3135186849396	-2.74223227646693	1.27887620097132	-2.14425155021586	0.0320127365967208	0.0809960805459201
7402	3.3135186849396	-2.74223227646693	1.27887620097132	-2.14425155021586	0.0320127365967208	0.0809960805459201
7403	0.766401527967233	-0.465278789480739	1.92404318179707	-0.241823465233334	0.808916955819756	NA
7404	0.766401527967233	-0.465278789480739	1.92404318179707	-0.241823465233334	0.808916955819756	NA
7405	1.84916351264579	-3.1177062539302	1.54693490948058	-2.01540881573165	0.0438618314944315	0.101722635161023
7406	1.84916351264579	-3.1177062539302	1.54693490948058	-2.01540881573165	0.0438618314944315	0.101722635161023
7407	0.102062072615966	0.0151395672302882	2.09688988419048	0.00722001061878979	0.99423931504784	NA
7408	0.102062072615966	0.0151395672302882	2.09688988419048	0.00722001061878979	0.99423931504784	NA
7409	2.21240386958088	-3.33487026408941	1.5109288311557	-2.20716568201203	0.0273024863783537	0.0720744454991109
7410	2.21240386958088	-3.33487026408941	1.5109288311557	-2.20716568201203	0.0273024863783537	0.0720744454991109
7411	0.538837432623422	-0.864822990680704	2.10272243892331	-0.411287279134916	0.680861896192882	NA
7412	0.538837432623422	-0.864822990680704	2.10272243892331	-0.411287279134916	0.680861896192882	NA
7413	0.538837432623422	-0.864822990680704	2.10272243892331	-0.411287279134916	0.680861896192882	NA
7414	0.538837432623422	-0.864822990680704	2.10272243892331	-0.411287279134916	0.680861896192882	NA
7415	1.199410424522	-0.22319559549678	1.75334583094597	-0.127296960792019	0.898705365676028	NA
7416	1.199410424522	-0.22319559549678	1.75334583094597	-0.127296960792019	0.898705365676028	NA
7417	0.538837432623422	-0.864822990680704	2.10272243892331	-0.411287279134916	0.680861896192882	NA
7418	0.538837432623422	-0.864822990680704	2.10272243892331	-0.411287279134916	0.680861896192882	NA
7419	5.14938716018062	0.121143728233477	0.857517868159962	0.141272541053195	0.887654641099876	0.914883311072265
7420	5.14938716018062	0.121143728233477	0.857517868159962	0.141272541053195	0.887654641099876	0.914883311072265
7421	0.334713287391491	-0.530109587478167	2.10015201911518	-0.252414864568474	0.800720411785564	NA
7422	0.334713287391491	-0.530109587478167	2.10015201911518	-0.252414864568474	0.800720411785564	NA
7423	2.52300221579282	0.126080325930807	1.08446354776217	0.116260547614512	0.907446051968571	0.932079583826852
7424	2.52300221579282	0.126080325930807	1.08446354776217	0.116260547614512	0.907446051968571	0.932079583826852
7425	1.32867891070254	-0.443943755878198	1.52786060272776	-0.290565615138977	0.771383561047814	NA
7426	1.32867891070254	-0.443943755878198	1.52786060272776	-0.290565615138977	0.771383561047814	NA
7427	6.01218980055341	1.38265579785346	0.960680910835105	1.43924562490946	0.150080942761827	0.247348476460226
7428	6.01218980055341	1.38265579785346	0.960680910835105	1.43924562490946	0.150080942761827	0.247348476460226
7429	1.52527012902908	1.66537921736292	1.87119785857503	0.890007013278195	0.373462120272682	NA
7430	1.52527012902908	1.66537921736292	1.87119785857503	0.890007013278195	0.373462120272682	NA
7431	3.96832956633879	0.941861806648355	0.89648394208046	1.05061759886361	0.293434254919981	0.400397618799194
7432	3.96832956633879	0.941861806648355	0.89648394208046	1.05061759886361	0.293434254919981	0.400397618799194
7433	0.436775360007456	-0.717854028375714	2.10172648415553	-0.341554447635058	0.732686223085295	NA
7434	0.436775360007456	-0.717854028375714	2.10172648415553	-0.341554447635058	0.732686223085295	NA
7435	0.669426574782981	-1.18312895308249	2.12141177000729	-0.557708300580618	0.577043588664145	NA
7436	0.669426574782981	-1.18312895308249	2.12141177000729	-0.557708300580618	0.577043588664145	NA
7437	1.32867891070254	-0.443943755878198	1.52786060272776	-0.290565615138977	0.771383561047814	NA
7438	1.32867891070254	-0.443943755878198	1.52786060272776	-0.290565615138977	0.771383561047814	NA
7439	0.102062072615966	0.0151395672302882	2.09688988419048	0.00722001061878979	0.99423931504784	NA
7440	0.102062072615966	0.0151395672302882	2.09688988419048	0.00722001061878979	0.99423931504784	NA
7441	2.15534973049369	-3.36372053773661	1.50336649293847	-2.23745876573443	0.0252563714227163	0.0681289402539553
7442	2.15534973049369	-3.36372053773661	1.50336649293847	-2.23745876573443	0.0252563714227163	0.0681289402539553
7443	1.99810548548552	-1.12091317472536	1.31909237343075	-0.84976093964522	0.395458010079813	0.501183959666631
7444	1.99810548548552	-1.12091317472536	1.31909237343075	-0.84976093964522	0.395458010079813	0.501183959666631
7445	1.53280305593447	-0.731862459738575	1.44334620843763	-0.507059536693411	0.612113045082671	0.695394857816397
7446	1.53280305593447	-0.731862459738575	1.44334620843763	-0.507059536693411	0.612113045082671	0.695394857816397
7447	1.22285037463388	1.07582595899395	1.63535799168721	0.657853488020694	0.510632280475417	NA
7448	1.22285037463388	1.07582595899395	1.63535799168721	0.657853488020694	0.510632280475417	NA
7449	0.232651214775525	-0.19316414502161	2.0980365678857	-0.0920690077467387	0.926643212073756	NA
7450	0.232651214775525	-0.19316414502161	2.0980365678857	-0.0920690077467387	0.926643212073756	NA
7451	0.635812385807674	-0.14616022719174	2.11950403513501	-0.068959636202075	0.945021748622434	NA
7452	0.635812385807674	-0.14616022719174	2.11950403513501	-0.068959636202075	0.945021748622434	NA
7453	0.436775360007456	-0.717854028375714	2.10172648415553	-0.341554447635058	0.732686223085295	NA
7454	0.436775360007456	-0.717854028375714	2.10172648415553	-0.341554447635058	0.732686223085295	NA
7455	0	NA	NA	NA	NA	NA
7456	0	NA	NA	NA	NA	NA
7457	0.102062072615966	0.0151395672302882	2.09688988419048	0.00722001061878979	0.99423931504784	NA
7458	0.102062072615966	0.0151395672302882	2.09688988419048	0.00722001061878979	0.99423931504784	NA
7459	0.329626167959777	0.605654192809648	2.0991405715485	0.288524837744843	0.772945020734111	NA
7460	0.329626167959777	0.605654192809648	2.0991405715485	0.288524837744843	0.772945020734111	NA
7461	7.86035913729546	2.60120278656539	0.935860191492815	2.77947797140099	0.00544463462306121	0.0224852167324062
7462	7.86035913729546	2.60120278656539	0.935860191492815	2.77947797140099	0.00544463462306121	0.0224852167324062
7463	10.2263937949398	-1.93834573771467	0.868887957927267	-2.23083508066862	0.0256920552690033	0.0685931559184257
7464	10.2263937949398	-1.93834573771467	0.868887957927267	-2.23083508066862	0.0256920552690033	0.0685931559184257
7465	5.49484852721423	-1.58422488261251	0.946180952831769	-1.6743360536599	0.0940645725859524	0.176149105833968
7466	5.49484852721423	-1.58422488261251	0.946180952831769	-1.6743360536599	0.0940645725859524	0.176149105833968
7467	2.81460206641324	-1.75093582464996	1.20356208183973	-1.45479477217622	0.145726085917348	0.243747336062469
7468	2.81460206641324	-1.75093582464996	1.20356208183973	-1.45479477217622	0.145726085917348	0.243747336062469
7469	6.94204784445519	-0.198050968430122	0.730700308164358	-0.271042678122936	0.786358207968447	0.839410899347497
7470	6.94204784445519	-0.198050968430122	0.730700308164358	-0.271042678122936	0.786358207968447	0.839410899347497
7471	10.6512240996779	-3.02725282021316	0.932879694795294	-3.24506239883101	0.0011742488969317	0.007231444819814
7472	10.6512240996779	-3.02725282021316	0.932879694795294	-3.24506239883101	0.0011742488969317	0.007231444819814
7473	16.6373844943804	-5.00714728343684	1.18382294342427	-4.22964203494266	2.34063459872353e-05	0.000352353595506768
7474	16.6373844943804	-5.00714728343684	1.18382294342427	-4.22964203494266	2.34063459872353e-05	0.000352353595506768
7475	0.102062072615966	0.0151395672302882	2.09688988419048	0.00722001061878979	0.99423931504784	NA
7476	0.102062072615966	0.0151395672302882	2.09688988419048	0.00722001061878979	0.99423931504784	NA
7477	0.204124145231932	-0.289902072294537	2.0984847144607	-0.138148288761322	0.890123222704436	NA
7478	0.204124145231932	-0.289902072294537	2.0984847144607	-0.138148288761322	0.890123222704436	NA
7479	0	NA	NA	NA	NA	NA
7480	0	NA	NA	NA	NA	NA
7481	1.30523896059066	-1.36308934320672	1.57303808824636	-0.866532955172312	0.386197962181062	NA
7482	1.30523896059066	-1.36308934320672	1.57303808824636	-0.866532955172312	0.386197962181062	NA
7483	0.920430620238672	0.200879947567485	2.07036909741302	0.0970261523988596	0.922705625817866	NA
7484	0.920430620238672	0.200879947567485	2.07036909741302	0.0970261523988596	0.922705625817866	NA
7485	0.896990670126792	-0.671851961788102	1.83207637872	-0.366716131266044	0.713830772624265	NA
7486	0.896990670126792	-0.671851961788102	1.83207637872	-0.366716131266044	0.713830772624265	NA
7487	0.766401527967233	-0.465278789480739	1.92404318179707	-0.241823465233334	0.808916955819756	NA
7488	0.766401527967233	-0.465278789480739	1.92404318179707	-0.241823465233334	0.808916955819756	NA
7489	0.329626167959777	0.605654192809648	2.0991405715485	0.288524837744843	0.772945020734111	NA
7490	0.329626167959777	0.605654192809648	2.0991405715485	0.288524837744843	0.772945020734111	NA
7491	0.227564095343811	1.16277842171323	2.09495177282485	0.555038276678481	0.578868479644751	NA
7492	0.227564095343811	1.16277842171323	2.09495177282485	0.555038276678481	0.578868479644751	NA
7493	0	NA	NA	NA	NA	NA
7494	0	NA	NA	NA	NA	NA
7495	0.227564095343811	1.16277842171323	2.09495177282485	0.555038276678481	0.578868479644751	NA
7496	0.227564095343811	1.16277842171323	2.09495177282485	0.555038276678481	0.578868479644751	NA
7497	3.30907723041924	0.861698414064436	0.973841271260772	0.884844829947337	0.376240326963749	0.483836305342237
7498	3.30907723041924	0.861698414064436	0.973841271260772	0.884844829947337	0.376240326963749	0.483836305342237
7499	3.36790218591243	3.36505251081627	1.26403424607869	2.66215296085166	0.00776425866858346	0.0288838675004876
7500	3.36790218591243	3.36505251081627	1.26403424607869	2.66215296085166	0.00776425866858346	0.0288838675004876
7501	1.10620193479044	-2.19338494381761	1.8563452695987	-1.18156087649135	0.237379984981971	NA
7502	1.10620193479044	-2.19338494381761	1.8563452695987	-1.18156087649135	0.237379984981971	NA
7503	0.436775360007456	-0.717854028375714	2.10172648415553	-0.341554447635058	0.732686223085295	NA
7504	0.436775360007456	-0.717854028375714	2.10172648415553	-0.341554447635058	0.732686223085295	NA
7505	0	NA	NA	NA	NA	NA
7506	0	NA	NA	NA	NA	NA
7507	0.204124145231932	-0.289902072294537	2.0984847144607	-0.138148288761322	0.890123222704436	NA
7508	0.204124145231932	-0.289902072294537	2.0984847144607	-0.138148288761322	0.890123222704436	NA
7509	8.2243688394936	2.05951038218784	0.780980568888765	2.63708274473239	0.00836224310704955	0.0302712847990344
7510	8.2243688394936	2.05951038218784	0.780980568888765	2.63708274473239	0.00836224310704955	0.0302712847990344
7511	1.23988254933502	2.39820669439133	1.87339736442853	1.28013775396918	0.20049669281704	NA
7512	1.23988254933502	2.39820669439133	1.87339736442853	1.28013775396918	0.20049669281704	NA
7513	3.2437208191636	3.97665857480059	1.32717987068255	2.99632224888662	0.00273257495683052	0.0135981218230902
7514	3.2437208191636	3.97665857480059	1.32717987068255	2.99632224888662	0.00273257495683052	0.0135981218230902
7515	0.873550720014913	-1.7477027830362	2.0124501450409	-0.86844525681439	0.3851506285872	NA
7516	0.873550720014913	-1.7477027830362	2.0124501450409	-0.86844525681439	0.3851506285872	NA
7517	1.33885314956596	-2.50883411752693	1.74972464403046	-1.43384510590642	0.151616469857865	NA
7518	1.33885314956596	-2.50883411752693	1.74972464403046	-1.43384510590642	0.151616469857865	NA
7519	2.00827972434894	-3.15500347171397	1.56660098320488	-2.0139164379047	0.0440183074195742	0.101972912941099
7520	2.00827972434894	-3.15500347171397	1.56660098320488	-2.0139164379047	0.0440183074195742	0.101972912941099
7521	1.10620193479044	-2.19338494381761	1.8563452695987	-1.18156087649135	0.237379984981971	NA
7522	1.10620193479044	-2.19338494381761	1.8563452695987	-1.18156087649135	0.237379984981971	NA
7523	2.41652801481281	-3.4886297338405	1.47537595331801	-2.36457001077917	0.0180510151938724	0.053654822232317
7524	2.41652801481281	-3.4886297338405	1.47537595331801	-2.36457001077917	0.0180510151938724	0.053654822232317
7525	0.664339455351268	-0.218000059103391	2.01088723535044	-0.108409887571543	0.913670558214857	NA
7526	0.664339455351268	-0.218000059103391	2.01088723535044	-0.108409887571543	0.913670558214857	NA
7527	0.102062072615966	0.0151395672302882	2.09688988419048	0.00722001061878979	0.99423931504784	NA
7528	0.102062072615966	0.0151395672302882	2.09688988419048	0.00722001061878979	0.99423931504784	NA
7529	2.79116211630136	-2.56703488861986	1.31637802250229	-1.95007425278964	0.0511672695376268	0.115253730790403
7530	2.79116211630136	-2.56703488861986	1.31637802250229	-1.95007425278964	0.0511672695376268	0.115253730790403
7531	7.59247592364665	-2.26193236758605	0.917590601013074	-2.46507796079073	0.0136983443115437	0.0435197020487774
7532	7.59247592364665	-2.26193236758605	0.917590601013074	-2.46507796079073	0.0136983443115437	0.0435197020487774
7533	2.61047792118131	-1.61878097336436	1.21419788941044	-1.33321016901978	0.182462843145597	0.285949231795338
7534	2.61047792118131	-1.61878097336436	1.21419788941044	-1.33321016901978	0.182462843145597	0.285949231795338
7535	1.69004730094264	-2.95389897231023	1.65056798837601	-1.78962574890149	0.0735140962412213	0.146678956870845
7536	1.69004730094264	-2.95389897231023	1.65056798837601	-1.78962574890149	0.0735140962412213	0.146678956870845
7537	2.84821625538855	-2.5502216984931	1.29118559717391	-1.97510079424284	0.0482567107333742	0.109733722295707
7538	2.84821625538855	-2.5502216984931	1.29118559717391	-1.97510079424284	0.0482567107333742	0.109733722295707
7539	0.334713287391491	-0.530109587478167	2.10015201911518	-0.252414864568474	0.800720411785564	NA
7540	0.334713287391491	-0.530109587478167	2.10015201911518	-0.252414864568474	0.800720411785564	NA
7541	0.102062072615966	0.0151395672302882	2.09688988419048	0.00722001061878979	0.99423931504784	NA
7542	0.102062072615966	0.0151395672302882	2.09688988419048	0.00722001061878979	0.99423931504784	NA
7543	0.102062072615966	0.0151395672302882	2.09688988419048	0.00722001061878979	0.99423931504784	NA
7544	0.102062072615966	0.0151395672302882	2.09688988419048	0.00722001061878979	0.99423931504784	NA
7545	1.10111481535872	-1.0550769181078	1.67162404110264	-0.631168786859426	0.527930168423654	NA
7546	1.10111481535872	-1.0550769181078	1.67162404110264	-0.631168786859426	0.527930168423654	NA
7547	0.436775360007456	-0.717854028375714	2.10172648415553	-0.341554447635058	0.732686223085295	NA
7548	0.436775360007456	-0.717854028375714	2.10172648415553	-0.341554447635058	0.732686223085295	NA
7549	0.664339455351268	-0.218000059103391	2.01088723535044	-0.108409887571543	0.913670558214857	NA
7550	0.664339455351268	-0.218000059103391	2.01088723535044	-0.108409887571543	0.913670558214857	NA
7551	0.306186217847897	-0.511379433977429	2.09997323508663	-0.243517119853355	0.807604824481893	NA
7552	0.306186217847897	-0.511379433977429	2.09997323508663	-0.243517119853355	0.807604824481893	NA
7553	0.868463600583199	-0.685073820305404	1.84775621910483	-0.37075985090571	0.710816407676975	NA
7554	0.868463600583199	-0.685073820305404	1.84775621910483	-0.37075985090571	0.710816407676975	NA
7555	4.83878881396868	-1.41491703704606	1.02337501259441	-1.382598773307	0.166787925415929	0.269012782928917
7556	4.83878881396868	-1.41491703704606	1.02337501259441	-1.382598773307	0.166787925415929	0.269012782928917
7557	0.612372435695795	-0.96816060383245	2.10332035254234	-0.460301067624915	0.645300134972215	NA
7558	0.612372435695795	-0.96816060383245	2.10332035254234	-0.460301067624915	0.645300134972215	NA
7559	0.102062072615966	0.0151395672302882	2.09688988419048	0.00722001061878979	0.99423931504784	NA
7560	0.102062072615966	0.0151395672302882	2.09688988419048	0.00722001061878979	0.99423931504784	NA
7561	0.868463600583199	-0.685073820305404	1.84775621910483	-0.37075985090571	0.710816407676975	NA
7562	0.868463600583199	-0.685073820305404	1.84775621910483	-0.37075985090571	0.710816407676975	NA
7563	0.640899505239388	-1.11512100132872	2.12268220907098	-0.525335821143369	0.599349759901581	NA
7564	0.640899505239388	-1.11512100132872	2.12268220907098	-0.525335821143369	0.599349759901581	NA
7565	0.102062072615966	0.0151395672302882	2.09688988419048	0.00722001061878979	0.99423931504784	NA
7566	0.102062072615966	0.0151395672302882	2.09688988419048	0.00722001061878979	0.99423931504784	NA
7567	0.436775360007456	-0.717854028375714	2.10172648415553	-0.341554447635058	0.732686223085295	NA
7568	0.436775360007456	-0.717854028375714	2.10172648415553	-0.341554447635058	0.732686223085295	NA
7569	0.635812385807674	-0.14616022719174	2.11950403513501	-0.068959636202075	0.945021748622434	NA
7570	0.635812385807674	-0.14616022719174	2.11950403513501	-0.068959636202075	0.945021748622434	NA
7571	1.33885314956596	-2.50883411752693	1.74972464403046	-1.43384510590642	0.151616469857865	NA
7572	1.33885314956596	-2.50883411752693	1.74972464403046	-1.43384510590642	0.151616469857865	NA
7573	2.04820053844601	-2.0963364107925	1.38711234734739	-1.51129532860217	0.130713223612706	0.222987627609002
7574	2.04820053844601	-2.0963364107925	1.38711234734739	-1.51129532860217	0.130713223612706	0.222987627609002
7575	4.69548527127663	-1.59577038291798	1.06286756617704	-1.50138214176363	0.13325675016827	0.225858898590287
7576	4.69548527127663	-1.59577038291798	1.06286756617704	-1.50138214176363	0.13325675016827	0.225858898590287
7577	6.90157571964216	-0.899645750247023	0.834681063286284	-1.07783174893769	0.28110884817782	0.387736342314234
7578	6.90157571964216	-0.899645750247023	0.834681063286284	-1.07783174893769	0.28110884817782	0.387736342314234
7579	0	NA	NA	NA	NA	NA
7580	0	NA	NA	NA	NA	NA
7581	0.873550720014913	-1.7477027830362	2.0124501450409	-0.86844525681439	0.3851506285872	NA
7582	0.873550720014913	-1.7477027830362	2.0124501450409	-0.86844525681439	0.3851506285872	NA
7583	3.48911576062794	-2.86032610711892	1.25652714875896	-2.27637429875191	0.022823616601524	0.0639625780472805
7584	3.48911576062794	-2.86032610711892	1.25652714875896	-2.27637429875191	0.022823616601524	0.0639625780472805
7585	8.29364472070996	-4.06949521488309	1.19001722655486	-3.41969437422718	0.000626915265373186	0.0045086371824784
7586	8.29364472070996	-4.06949521488309	1.19001722655486	-3.41969437422718	0.000626915265373186	0.0045086371824784
7587	0.640899505239388	-1.11512100132872	2.12268220907098	-0.525335821143369	0.599349759901581	NA
7588	0.640899505239388	-1.11512100132872	2.12268220907098	-0.525335821143369	0.599349759901581	NA
7589	3.72176697540346	-2.94064993363404	1.24955966296862	-2.35334896026321	0.0186051646747084	0.0551458656554519
7590	3.72176697540346	-2.94064993363404	1.24955966296862	-2.35334896026321	0.0186051646747084	0.0551458656554519
7591	0.204124145231932	-0.289902072294537	2.0984847144607	-0.138148288761322	0.890123222704436	NA
7592	0.204124145231932	-0.289902072294537	2.0984847144607	-0.138148288761322	0.890123222704436	NA
7593	0	NA	NA	NA	NA	NA
7594	0	NA	NA	NA	NA	NA
7595	0	NA	NA	NA	NA	NA
7596	0	NA	NA	NA	NA	NA
7597	3.57843410655509	2.73736848882654	1.06645766622209	2.5667858889548	0.0102645971537888	0.0349362301830739
7598	3.57843410655509	2.73736848882654	1.06645766622209	2.5667858889548	0.0102645971537888	0.0349362301830739
7599	2.76891914181679	1.36797070221789	1.06690086648931	1.28219101247828	0.199775648213782	0.306449131664676
7600	2.76891914181679	1.36797070221789	1.06690086648931	1.28219101247828	0.199775648213782	0.306449131664676
7601	0.873550720014913	-1.7477027830362	2.0124501450409	-0.86844525681439	0.3851506285872	NA
7602	0.873550720014913	-1.7477027830362	2.0124501450409	-0.86844525681439	0.3851506285872	NA
7603	1.78380710139016	0.387667725849983	1.32654742774788	0.292238119603564	0.770104567856712	0.827222297953502
7604	1.78380710139016	0.387667725849983	1.32654742774788	0.292238119603564	0.770104567856712	0.827222297953502
7605	0	NA	NA	NA	NA	NA
7606	0	NA	NA	NA	NA	NA
7607	0.408248290463863	-0.698123216799561	2.10157813569984	-0.332189988533108	0.739745802941649	NA
7608	0.408248290463863	-0.698123216799561	2.10157813569984	-0.332189988533108	0.739745802941649	NA
7609	1.21776325520216	2.32715154955594	1.70928191104886	1.3614790717161	0.173362342876341	NA
7610	1.21776325520216	2.32715154955594	1.70928191104886	1.3614790717161	0.173362342876341	NA
7611	1.09602769592701	-0.138916182369174	1.6813768286884	-0.0826204929192103	0.934153305990921	NA
7612	1.09602769592701	-0.138916182369174	1.6813768286884	-0.0826204929192103	0.934153305990921	NA
7613	5.00865310531395	-4.51043080386578	1.38476256387539	-3.25718713195344	0.00112522225565259	0.00698436459728796
7614	5.00865310531395	-4.51043080386578	1.38476256387539	-3.25718713195344	0.00112522225565259	0.00698436459728796
7615	6.04493349397668	1.93475819275307	0.846563350243047	2.28542635609917	0.0222878400538496	0.0628247840444083
7616	6.04493349397668	1.93475819275307	0.846563350243047	2.28542635609917	0.0222878400538496	0.0628247840444083
7617	0	NA	NA	NA	NA	NA
7618	0	NA	NA	NA	NA	NA
7619	0.204124145231932	-0.289902072294537	2.0984847144607	-0.138148288761322	0.890123222704436	NA
7620	0.204124145231932	-0.289902072294537	2.0984847144607	-0.138148288761322	0.890123222704436	NA
7621	1.28179901047878	-2.50042464510809	1.76371586956303	-1.41770264035079	0.1562775989076	NA
7622	1.28179901047878	-2.50042464510809	1.76371586956303	-1.41770264035079	0.1562775989076	NA
7623	1.29638537770625	0.609419286395492	1.68498207838604	0.361677013787128	0.717593406162382	NA
7624	1.29638537770625	0.609419286395492	1.68498207838604	0.361677013787128	0.717593406162382	NA
7625	1.40730103320662	-1.49478866027102	1.53902384794937	-0.971257633377619	0.33142000047113	NA
7626	1.40730103320662	-1.49478866027102	1.53902384794937	-0.971257633377619	0.33142000047113	NA
7627	4.48308138393898	-1.86391223559776	1.00818258729732	-1.8487843958845	0.0644889514175253	0.134085938590894
7628	4.48308138393898	-1.86391223559776	1.00818258729732	-1.8487843958845	0.0644889514175253	0.134085938590894
7629	0.845023650471319	-1.65636001094906	2.05467880706273	-0.806140602246689	0.420161782670255	NA
7630	0.845023650471319	-1.65636001094906	2.05467880706273	-0.806140602246689	0.420161782670255	NA
7631	2.61047792118131	-1.61878097336436	1.21419788941044	-1.33321016901978	0.182462843145597	0.285949231795338
7632	2.61047792118131	-1.61878097336436	1.21419788941044	-1.33321016901978	0.182462843145597	0.285949231795338
7633	2.37406024295309	-0.999148269199328	1.25949769849341	-0.793291063885622	0.427608261990417	0.534192355847635
7634	2.37406024295309	-0.999148269199328	1.25949769849341	-0.793291063885622	0.427608261990417	0.534192355847635
7635	1.73824785714542	-1.16944751169667	1.52268383340481	-0.768017290287849	0.442476912758722	0.54771677971902
7636	1.73824785714542	-1.16944751169667	1.52268383340481	-0.768017290287849	0.442476912758722	0.54771677971902
7637	1.19808976854298	-0.321577605188979	1.63143608692734	-0.197113210726287	0.843738945574104	NA
7638	1.19808976854298	-0.321577605188979	1.63143608692734	-0.197113210726287	0.843738945574104	NA
7639	4.34483563452233	1.77439342290662	0.890661274657977	1.99222024510722	0.0463468978853344	0.106836976464547
7640	4.34483563452233	1.77439342290662	0.890661274657977	1.99222024510722	0.0463468978853344	0.106836976464547
7641	0.232651214775525	-0.19316414502161	2.0980365678857	-0.0920690077467387	0.926643212073756	NA
7642	0.232651214775525	-0.19316414502161	2.0980365678857	-0.0920690077467387	0.926643212073756	NA
7643	2.97813040648044	0.626578822776895	0.996339445384059	0.628880875568836	0.529427047272728	0.625835518870098
7644	2.97813040648044	0.626578822776895	0.996339445384059	0.628880875568836	0.529427047272728	0.625835518870098
7645	7.21472102361675	-0.679768339906673	0.842191667526962	-0.807142086673413	0.41958462695042	0.525419031959381
7646	7.21472102361675	-0.679768339906673	0.842191667526962	-0.807142086673413	0.41958462695042	0.525419031959381
7647	0.232651214775525	-0.19316414502161	2.0980365678857	-0.0920690077467387	0.926643212073756	NA
7648	0.232651214775525	-0.19316414502161	2.0980365678857	-0.0920690077467387	0.926643212073756	NA
7649	0.431688240575743	0.300911269897379	2.10125340962322	0.143205606957866	0.886127801753767	NA
7650	0.431688240575743	0.300911269897379	2.10125340962322	0.143205606957866	0.886127801753767	NA
7651	2.25741180310965	-3.43362442902409	1.49491174021148	-2.29687434827312	0.0216259387076122	0.0614539530256911
7652	2.25741180310965	-3.43362442902409	1.49491174021148	-2.29687434827312	0.0216259387076122	0.0614539530256911
7653	3.69832702529158	-4.10824155024974	1.40567907544289	-2.9226027633337	0.00347119054768724	0.0164734466669903
7654	3.69832702529158	-4.10824155024974	1.40567907544289	-2.9226027633337	0.00347119054768724	0.0164734466669903
7655	1.74710144002983	-3.02039471725982	1.57052262036403	-1.92317810523462	0.0544576859708159	0.119853737674905
7656	1.74710144002983	-3.02039471725982	1.57052262036403	-1.92317810523462	0.0544576859708159	0.119853737674905
7657	2.84821625538855	-2.5502216984931	1.29118559717391	-1.97510079424284	0.0482567107333742	0.109733722295707
7658	2.84821625538855	-2.5502216984931	1.29118559717391	-1.97510079424284	0.0482567107333742	0.109733722295707
7659	25.4255767023746	-0.432797613966832	1.01351360516777	-0.427026940496955	0.66935970534777	0.746731427599518
7660	25.4255767023746	-0.432797613966832	1.01351360516777	-0.427026940496955	0.66935970534777	0.746731427599518
7661	0	NA	NA	NA	NA	NA
7662	0	NA	NA	NA	NA	NA
7663	0.204124145231932	-0.289902072294537	2.0984847144607	-0.138148288761322	0.890123222704436	NA
7664	0.204124145231932	-0.289902072294537	2.0984847144607	-0.138148288761322	0.890123222704436	NA
7665	0.669426574782981	-1.18312895308249	2.12141177000729	-0.557708300580618	0.577043588664145	NA
7666	0.669426574782981	-1.18312895308249	2.12141177000729	-0.557708300580618	0.577043588664145	NA
7667	0	NA	NA	NA	NA	NA
7668	0	NA	NA	NA	NA	NA
7669	0	NA	NA	NA	NA	NA
7670	1.42056674445507	0.715643383005435	1.77592410849995	0.402969574871028	0.686970606985787	NA
7671	1.42056674445507	0.715643383005435	1.77592410849995	0.402969574871028	0.686970606985787	NA
7672	1.42056674445507	0.715643383005435	1.77592410849995	0.402969574871028	0.686970606985787	NA
7673	1.43582810275021	-1.47721095800229	1.52247730292126	-0.970267967323967	0.331912939752242	NA
7674	1.43582810275021	-1.47721095800229	1.52247730292126	-0.970267967323967	0.331912939752242	NA
7675	0.76263506451454	0.90825854165857	2.11893950545205	0.428638259526341	0.668186498014633	NA
7676	0.76263506451454	0.90825854165857	2.11893950545205	0.428638259526341	0.668186498014633	NA
7677	0.436775360007456	-0.717854028375714	2.10172648415553	-0.341554447635058	0.732686223085295	NA
7678	0.436775360007456	-0.717854028375714	2.10172648415553	-0.341554447635058	0.732686223085295	NA
7679	0	NA	NA	NA	NA	NA
7680	0	NA	NA	NA	NA	NA
7681	0	NA	NA	NA	NA	NA
7682	0	NA	NA	NA	NA	NA
7683	0	NA	NA	NA	NA	NA
7684	0	NA	NA	NA	NA	NA
7685	4.22706204318423	1.7066299775796	1.1108751217002	1.53629327387186	0.124466468407475	0.216822549693652
7686	4.22706204318423	1.7066299775796	1.1108751217002	1.53629327387186	0.124466468407475	0.216822549693652
7687	0.232651214775525	-0.19316414502161	2.0980365678857	-0.0920690077467387	0.926643212073756	NA
7688	0.232651214775525	-0.19316414502161	2.0980365678857	-0.0920690077467387	0.926643212073756	NA
7689	0.562277382735302	0.0498330857396452	2.0951784918673	0.0237846493428024	0.981024384636588	NA
7690	0.562277382735302	0.0498330857396452	2.0951784918673	0.0237846493428024	0.981024384636588	NA
7691	2.91666413902921	-1.81182822594745	1.20064074906517	-1.50905108572914	0.131285728259038	0.22336926263604
7692	2.91666413902921	-1.81182822594745	1.20064074906517	-1.50905108572914	0.131285728259038	0.22336926263604
7693	0.436775360007456	-0.717854028375714	2.10172648415553	-0.341554447635058	0.732686223085295	NA
7694	0.436775360007456	-0.717854028375714	2.10172648415553	-0.341554447635058	0.732686223085295	NA
7695	0.436775360007456	-0.717854028375714	2.10172648415553	-0.341554447635058	0.732686223085295	NA
7696	0.436775360007456	-0.717854028375714	2.10172648415553	-0.341554447635058	0.732686223085295	NA
7697	6.10468080124096	-2.88938653207335	1.07000991354639	-2.70033622632234	0.00692694320085665	0.0266177140380585
7698	6.10468080124096	-2.88938653207335	1.07000991354639	-2.70033622632234	0.00692694320085665	0.0266177140380585
7699	21.3157695804005	2.70852601175818	0.758342630099227	3.57163886646301	0.000354754363736042	0.00293300851907751
7700	21.3157695804005	2.70852601175818	0.758342630099227	3.57163886646301	0.000354754363736042	0.00293300851907751
7701	1.2082640074064	-2.3763871694912	1.7851471055833	-1.3311996317047	0.183123332572317	NA
7702	1.2082640074064	-2.3763871694912	1.7851471055833	-1.3311996317047	0.183123332572317	NA
7703	0.436775360007456	-0.717854028375714	2.10172648415553	-0.341554447635058	0.732686223085295	NA
7704	0.436775360007456	-0.717854028375714	2.10172648415553	-0.341554447635058	0.732686223085295	NA
7705	1.20317688797469	-1.21727093310504	1.61634957106016	-0.753098806656433	0.451390541475107	NA
7706	1.20317688797469	-1.21727093310504	1.61634957106016	-0.753098806656433	0.451390541475107	NA
7707	0.640899505239388	-1.11512100132872	2.12268220907098	-0.525335821143369	0.599349759901581	NA
7708	0.640899505239388	-1.11512100132872	2.12268220907098	-0.525335821143369	0.599349759901581	NA
7709	0.436775360007456	-0.717854028375714	2.10172648415553	-0.341554447635058	0.732686223085295	NA
7710	0.436775360007456	-0.717854028375714	2.10172648415553	-0.341554447635058	0.732686223085295	NA
7711	0	NA	NA	NA	NA	NA
7712	0	NA	NA	NA	NA	NA
7713	6.97823152125587	-3.08276044838746	1.06105513237702	-2.90537254316024	0.00366816211664234	0.0169555496993366
7714	6.97823152125587	-3.08276044838746	1.06105513237702	-2.90537254316024	0.00366816211664234	0.0169555496993366
7715	3.68815278642816	-2.15790328836146	1.13711128705786	-1.89770633087706	0.0577347781365771	0.124543435117424
7716	3.68815278642816	-2.15790328836146	1.13711128705786	-1.89770633087706	0.0577347781365771	0.124543435117424
7717	0.868463600583199	-0.685073820305404	1.84775621910483	-0.37075985090571	0.710816407676975	NA
7718	0.868463600583199	-0.685073820305404	1.84775621910483	-0.37075985090571	0.710816407676975	NA
7719	1.44400669456695	1.51000310809182	1.74225527735716	0.866694523883068	0.38610940668177	NA
7720	1.44400669456695	1.51000310809182	1.74225527735716	0.866694523883068	0.38610940668177	NA
7721	0	NA	NA	NA	NA	NA
7722	0	NA	NA	NA	NA	NA
7723	0.329626167959777	0.605654192809648	2.0991405715485	0.288524837744843	0.772945020734111	NA
7724	0.329626167959777	0.605654192809648	2.0991405715485	0.288524837744843	0.772945020734111	NA
7725	0.567364502167016	-0.883997508371301	2.10283931084895	-0.420382814707044	0.674205820337934	NA
7726	0.567364502167016	-0.883997508371301	2.10283931084895	-0.420382814707044	0.674205820337934	NA
7727	0.784754358647399	1.5234629717844	2.0917513508276	0.728319344066225	0.466418123607769	NA
7728	0.784754358647399	1.5234629717844	2.0917513508276	0.728319344066225	0.466418123607769	NA
7729	11.5577858417331	-0.324846084409958	0.846782259792288	-0.383624102481364	0.701257073210184	0.774055113661701
7730	11.5577858417331	-0.324846084409958	0.846782259792288	-0.383624102481364	0.701257073210184	0.774055113661701
7731	0	NA	NA	NA	NA	NA
7732	0	NA	NA	NA	NA	NA
7733	3.85235611756302	-2.9714945442072	1.25250370236785	-2.37244372099628	0.0176708549582447	0.053050458059062
7734	3.85235611756302	-2.9714945442072	1.25250370236785	-2.37244372099628	0.0176708549582447	0.053050458059062
7735	0.204124145231932	-0.289902072294537	2.0984847144607	-0.138148288761322	0.890123222704436	NA
7736	0.204124145231932	-0.289902072294537	2.0984847144607	-0.138148288761322	0.890123222704436	NA
7737	0.975612792630879	-1.97724141485751	1.93871554125265	-1.01987185473325	0.307789239391845	NA
7738	0.975612792630879	-1.97724141485751	1.93871554125265	-1.01987185473325	0.307789239391845	NA
7739	0	NA	NA	NA	NA	NA
7740	0	NA	NA	NA	NA	NA
7741	0	NA	NA	NA	NA	NA
7742	0	NA	NA	NA	NA	NA
7743	0	NA	NA	NA	NA	NA
7744	0	NA	NA	NA	NA	NA
7745	0	NA	NA	NA	NA	NA
7746	0	NA	NA	NA	NA	NA
7747	0	NA	NA	NA	NA	NA
7748	0	NA	NA	NA	NA	NA
7749	0	NA	NA	NA	NA	NA
7750	0	NA	NA	NA	NA	NA
7751	0	NA	NA	NA	NA	NA
7752	0	NA	NA	NA	NA	NA
7753	0	NA	NA	NA	NA	NA
7754	0	NA	NA	NA	NA	NA
7755	0	NA	NA	NA	NA	NA
7756	0	NA	NA	NA	NA	NA
7757	0	NA	NA	NA	NA	NA
7758	0	NA	NA	NA	NA	NA
7759	0	NA	NA	NA	NA	NA
7760	0	NA	NA	NA	NA	NA
7761	0.102062072615966	0.0151395672302882	2.09688988419048	0.00722001061878979	0.99423931504784	NA
7762	0.102062072615966	0.0151395672302882	2.09688988419048	0.00722001061878979	0.99423931504784	NA
7763	24.9132388039427	4.61770193916226	0.859564098686634	5.37214379499778	7.78060223794901e-08	1.48538769997208e-05
7764	24.9132388039427	4.61770193916226	0.859564098686634	5.37214379499778	7.78060223794901e-08	1.48538769997208e-05
7765	1.6779785653215	1.88936643477752	1.40995268852084	1.34002115826994	0.18023846625894	0.284480104580063
7766	1.6779785653215	1.88936643477752	1.40995268852084	1.34002115826994	0.18023846625894	0.284480104580063
7767	3.42131354189863	-0.119634990695115	1.02233081841572	-0.117021798169511	0.906842779716975	0.93191575111605
7768	3.42131354189863	-0.119634990695115	1.02233081841572	-0.117021798169511	0.906842779716975	0.93191575111605
7769	1.66847931752574	-1.69024075561901	1.47059471503724	-1.14935864948774	0.250408123357052	0.35588132441824
7770	1.66847931752574	-1.69024075561901	1.47059471503724	-1.14935864948774	0.250408123357052	0.35588132441824
7771	3.99685663588238	1.01777095928344	0.886875714548476	1.14759141849048	0.251137274054947	0.356125447299438
7772	3.99685663588238	1.01777095928344	0.886875714548476	1.14759141849048	0.251137274054947	0.356125447299438
7773	1.97466553537364	-1.99665695643976	1.38482506126311	-1.44181168603245	0.149355505274293	0.247257832933398
7774	1.97466553537364	-1.99665695643976	1.38482506126311	-1.44181168603245	0.149355505274293	0.247257832933398
7775	3.31925146928266	-0.007627528434844	1.0411487362205	-0.00732606991632426	0.994154694209976	0.996174086592014
7776	3.31925146928266	-0.007627528434844	1.0411487362205	-0.00732606991632426	0.994154694209976	0.996174086592014
7777	0.334713287391491	-0.530109587478167	2.10015201911518	-0.252414864568474	0.800720411785564	NA
7778	0.334713287391491	-0.530109587478167	2.10015201911518	-0.252414864568474	0.800720411785564	NA
7779	2.56611565256388	2.55652925840233	1.25262980478383	2.04092960956132	0.041257824207873	0.0980480990609596
7780	2.56611565256388	2.55652925840233	1.25262980478383	2.04092960956132	0.041257824207873	0.0980480990609596
7781	1.89913488525458	1.95876625073615	1.60544500861138	1.22007682619436	0.222435752501505	0.328376154835262
7782	1.89913488525458	1.95876625073615	1.60544500861138	1.22007682619436	0.222435752501505	0.328376154835262
7783	0	NA	NA	NA	NA	NA
7784	0	NA	NA	NA	NA	NA
7785	3.02124384325151	2.91454843961963	1.1937602482442	2.44148558632807	0.014626972214163	0.0459142625556687
7786	3.02124384325151	2.91454843961963	1.1937602482442	2.44148558632807	0.014626972214163	0.0459142625556687
7787	0.102062072615966	0.0151395672302882	2.09688988419048	0.00722001061878979	0.99423931504784	NA
7788	0.102062072615966	0.0151395672302882	2.09688988419048	0.00722001061878979	0.99423931504784	NA
7789	0	NA	NA	NA	NA	NA
7790	0	NA	NA	NA	NA	NA
7791	0.102062072615966	0.0151395672302882	2.09688988419048	0.00722001061878979	0.99423931504784	NA
7792	0.102062072615966	0.0151395672302882	2.09688988419048	0.00722001061878979	0.99423931504784	NA
7793	0.227564095343811	1.16277842171323	2.09495177282485	0.555038276678481	0.578868479644751	NA
7794	0.227564095343811	1.16277842171323	2.09495177282485	0.555038276678481	0.578868479644751	NA
7795	0.873550720014913	-1.7477027830362	2.0124501450409	-0.86844525681439	0.3851506285872	NA
7796	0.873550720014913	-1.7477027830362	2.0124501450409	-0.86844525681439	0.3851506285872	NA
7797	0	NA	NA	NA	NA	NA
7798	0	NA	NA	NA	NA	NA
7799	0.227564095343811	1.16277842171323	2.09495177282485	0.555038276678481	0.578868479644751	NA
7800	0.227564095343811	1.16277842171323	2.09495177282485	0.555038276678481	0.578868479644751	NA
7801	2.41652801481281	-3.4886297338405	1.47537595331801	-2.36457001077917	0.0180510151938724	0.053654822232317
7802	2.41652801481281	-3.4886297338405	1.47537595331801	-2.36457001077917	0.0180510151938724	0.053654822232317
7803	27.2144317396519	1.41980894919498	0.742463339443765	1.91229502356126	0.0558383637736357	0.121946181678368
7804	27.2144317396519	1.41980894919498	0.742463339443765	1.91229502356126	0.0558383637736357	0.121946181678368
7805	7.12530152740062	-3.13203213301733	1.07619089156194	-2.91029422156847	0.00361088658139699	0.0167577056816214
7806	7.12530152740062	-3.13203213301733	1.07619089156194	-2.91029422156847	0.00361088658139699	0.0167577056816214
7807	2.35947387572562	-3.49863799657666	1.48850405667086	-2.35043900679827	0.0187512805480379	0.0552669321415853
7808	2.35947387572562	-3.49863799657666	1.48850405667086	-2.35043900679827	0.0187512805480379	0.0552669321415853
7809	5.96269791452793	-3.57926171827464	1.22519147450409	-2.92138967072342	0.00348473675246037	0.0164765176978431
7810	5.96269791452793	-3.57926171827464	1.22519147450409	-2.92138967072342	0.00348473675246037	0.0164765176978431
7811	1.07767486524684	-2.17633120654209	1.87040749752695	-1.16355992446546	0.244602400160686	NA
7812	1.07767486524684	-2.17633120654209	1.87040749752695	-1.16355992446546	0.244602400160686	NA
7813	6.25349909372898	-0.071076234413459	0.995801930834239	-0.0713758752746287	0.943098609371495	0.961177195399307
7814	6.25349909372898	-0.071076234413459	0.995801930834239	-0.0713758752746287	0.943098609371495	0.961177195399307
7815	0.204124145231932	-0.289902072294537	2.0984847144607	-0.138148288761322	0.890123222704436	NA
7816	0.204124145231932	-0.289902072294537	2.0984847144607	-0.138148288761322	0.890123222704436	NA
7817	58.0892037620088	-7.30116625138885	1.48865302562155	-4.90454533442434	9.36439927430669e-07	4.95447251815998e-05
7818	58.0892037620088	-7.30116625138885	1.48865302562155	-4.90454533442434	9.36439927430669e-07	4.95447251815998e-05
7819	1.53280305593447	-0.731862459738575	1.44334620843763	-0.507059536693411	0.612113045082671	0.695394857816397
7820	1.53280305593447	-0.731862459738575	1.44334620843763	-0.507059536693411	0.612113045082671	0.695394857816397
7821	2.39750019306497	-0.3400069996943	1.15174000907934	-0.295211590301607	0.767832248571876	0.826896267692789
7822	2.39750019306497	-0.3400069996943	1.15174000907934	-0.295211590301607	0.767832248571876	0.826896267692789
7823	2.17878968060557	-2.16796267692336	1.35352975681523	-1.6017103916684	0.109219666155014	0.195951558244793
7824	2.17878968060557	-2.16796267692336	1.35352975681523	-1.6017103916684	0.109219666155014	0.195951558244793
7825	1.67356643695745	-2.87635747372412	1.63448596088736	-1.75979331885026	0.0784428563008049	0.154458507484004
7826	1.67356643695745	-2.87635747372412	1.63448596088736	-1.75979331885026	0.0784428563008049	0.154458507484004
7827	0.868463600583199	-0.685073820305404	1.84775621910483	-0.37075985090571	0.710816407676975	NA
7828	0.868463600583199	-0.685073820305404	1.84775621910483	-0.37075985090571	0.710816407676975	NA
7829	2.76959413288446	-1.64748010463252	1.20872564848933	-1.36298928271403	0.172885888292935	0.276696816783607
7830	2.76959413288446	-1.64748010463252	1.20872564848933	-1.36298928271403	0.172885888292935	0.276696816783607
7831	2.65735782140507	-0.462787579862652	1.10818896513125	-0.417607099893691	0.676234404920698	0.751367748952292
7832	2.65735782140507	-0.462787579862652	1.10818896513125	-0.417607099893691	0.676234404920698	0.751367748952292
7833	4.23018284172558	-1.41845244633186	1.04326195284588	-1.35963210626296	0.173946372839726	0.276732865881382
7834	4.23018284172558	-1.41845244633186	1.04326195284588	-1.35963210626296	0.173946372839726	0.276732865881382
7835	1.95122558526176	-3.2066140601429	1.52860001465251	-2.09774566885102	0.0359276182821628	0.0887623510500492
7836	1.95122558526176	-3.2066140601429	1.52860001465251	-2.09774566885102	0.0359276182821628	0.0887623510500492
7837	3.41049363812385	-1.99236742189429	1.1482552079141	-1.7351259616872	0.0827184967795816	0.161298202874972
7838	3.41049363812385	-1.99236742189429	1.1482552079141	-1.7351259616872	0.0827184967795816	0.161298202874972
7839	3.30843156550789	-1.93782242997808	1.15847360743008	-1.67273765888969	0.0943789521851471	0.176149105833968
7840	3.30843156550789	-1.93782242997808	1.15847360743008	-1.67273765888969	0.0943789521851471	0.176149105833968
7841	2.05328765787772	-3.2883049054443	1.51437153062834	-2.17139905164482	0.0299010205413615	0.0765757843132429
7842	2.05328765787772	-3.2883049054443	1.51437153062834	-2.17139905164482	0.0299010205413615	0.0765757843132429
7843	0.46530242955105	-0.73806087475055	2.10187461749905	-0.351144101844069	0.725480243379624	NA
7844	0.46530242955105	-0.73806087475055	2.10187461749905	-0.351144101844069	0.725480243379624	NA
7845	2.31446594219684	-3.41453189177978	1.49113168737204	-2.28989291871165	0.0220275248395564	0.0621744652729414
7846	2.31446594219684	-3.41453189177978	1.49113168737204	-2.28989291871165	0.0220275248395564	0.0621744652729414
7847	1.48592315571071	-2.7519322975545	1.69421975145522	-1.62430658430866	0.104310392706295	NA
7848	1.48592315571071	-2.7519322975545	1.69421975145522	-1.62430658430866	0.104310392706295	NA
7849	2.35947387572562	-3.49863799657666	1.48850405667086	-2.35043900679827	0.0187512805480379	0.0552669321415853
7850	2.35947387572562	-3.49863799657666	1.48850405667086	-2.35043900679827	0.0187512805480379	0.0552669321415853
7851	2.28085175322153	-2.24537145564305	1.34262061346628	-1.67237969767655	0.094449472937642	0.176149105833968
7852	2.28085175322153	-2.24537145564305	1.34262061346628	-1.67237969767655	0.094449472937642	0.176149105833968
7853	0.771488647398947	-1.48375308003281	2.08084128814171	-0.713054421059606	0.47581208212865	NA
7854	0.771488647398947	-1.48375308003281	2.08084128814171	-0.713054421059606	0.47581208212865	NA
7855	0.669426574782981	-1.18312895308249	2.12141177000729	-0.557708300580618	0.577043588664145	NA
7856	0.669426574782981	-1.18312895308249	2.12141177000729	-0.557708300580618	0.577043588664145	NA
7857	17.7043112799851	-3.28898971129516	0.884768059312463	-3.71734679691192	0.000201325997711585	0.0018665986542796
7858	17.7043112799851	-3.28898971129516	0.884768059312463	-3.71734679691192	0.000201325997711585	0.0018665986542796
7859	25.3709971977718	-4.29102027168054	0.955527973147192	-4.49073223628121	7.09787363100194e-06	0.000176755887951099
7860	25.3709971977718	-4.29102027168054	0.955527973147192	-4.49073223628121	7.09787363100194e-06	0.000176755887951099
7861	0.891903550695079	0.313143053340604	1.82650082124636	0.171444244479958	0.863874467683476	NA
7862	0.891903550695079	0.313143053340604	1.82650082124636	0.171444244479958	0.863874467683476	NA
7863	1.77054139014171	-1.79980048459736	1.43495851546209	-1.25425262486964	0.209750197574453	0.313738305451006
7864	1.77054139014171	-1.79980048459736	1.43495851546209	-1.25425262486964	0.209750197574453	0.313738305451006
7865	1.31032608002237	-2.53605447061539	1.72610010556136	-1.46923950844127	0.141767837720336	NA
7866	1.31032608002237	-2.53605447061539	1.72610010556136	-1.46923950844127	0.141767837720336	NA
7867	0.538837432623422	-0.864822990680704	2.10272243892331	-0.411287279134916	0.680861896192882	NA
7868	0.538837432623422	-0.864822990680704	2.10272243892331	-0.411287279134916	0.680861896192882	NA
7869	1.84916351264579	-3.1177062539302	1.54693490948058	-2.01540881573165	0.0438618314944315	0.101722635161023
7870	1.84916351264579	-3.1177062539302	1.54693490948058	-2.01540881573165	0.0438618314944315	0.101722635161023
7871	1.74710144002983	-3.02039471725982	1.57052262036403	-1.92317810523462	0.0544576859708159	0.119853737674905
7872	1.74710144002983	-3.02039471725982	1.57052262036403	-1.92317810523462	0.0544576859708159	0.119853737674905
7873	3.52205495853558	-0.231127574100237	0.936982739804539	-0.246672178986404	0.805161939275508	0.85218674960672
7874	3.52205495853558	-0.231127574100237	0.936982739804539	-0.246672178986404	0.805161939275508	0.85218674960672
7875	0.46530242955105	-0.73806087475055	2.10187461749905	-0.351144101844069	0.725480243379624	NA
7876	0.46530242955105	-0.73806087475055	2.10187461749905	-0.351144101844069	0.725480243379624	NA
7877	0	NA	NA	NA	NA	NA
7878	0	NA	NA	NA	NA	NA
7879	0.334713287391491	-0.530109587478167	2.10015201911518	-0.252414864568474	0.800720411785564	NA
7880	0.334713287391491	-0.530109587478167	2.10015201911518	-0.252414864568474	0.800720411785564	NA
7881	0	NA	NA	NA	NA	NA
7882	0	NA	NA	NA	NA	NA
7883	3.52714207796729	-0.636980847487021	0.969460569787604	-0.657046678676756	0.51115090269287	0.610069278576316
7884	3.52714207796729	-0.636980847487021	0.969460569787604	-0.657046678676756	0.51115090269287	0.610069278576316
7885	2.61556504061302	-2.44097598730728	1.30714117183421	-1.86741573129554	0.0618435546559087	0.129676949353378
7886	2.61556504061302	-2.44097598730728	1.30714117183421	-1.86741573129554	0.0618435546559087	0.129676949353378
7887	6.03114579816859	-2.85571952384055	1.07490979570348	-2.65670620479518	0.00789081769258867	0.0292349775132791
7888	6.03114579816859	-2.85571952384055	1.07490979570348	-2.65670620479518	0.00789081769258867	0.0292349775132791
7889	1.84916351264579	-3.1177062539302	1.54693490948058	-2.01540881573165	0.0438618314944315	0.101722635161023
7890	1.84916351264579	-3.1177062539302	1.54693490948058	-2.01540881573165	0.0438618314944315	0.101722635161023
7891	1.54297729479789	-2.79400755251868	1.6395409094695	-1.70414018728128	0.0883549003098271	0.167914290181572
7892	1.54297729479789	-2.79400755251868	1.6395409094695	-1.70414018728128	0.0883549003098271	0.167914290181572
7893	0.669426574782981	-1.18312895308249	2.12141177000729	-0.557708300580618	0.577043588664145	NA
7894	0.669426574782981	-1.18312895308249	2.12141177000729	-0.557708300580618	0.577043588664145	NA
7895	1.87260346275767	-1.90171822889812	1.40691803373302	-1.35169084715776	0.176474234291431	0.28011783220862
7896	1.87260346275767	-1.90171822889812	1.40691803373302	-1.35169084715776	0.176474234291431	0.28011783220862
7897	2.82477630527667	-3.74129867067249	1.43889590580168	-2.60011767049127	0.00931917990706337	0.0322675643937891
7898	2.82477630527667	-3.74129867067249	1.43889590580168	-2.60011767049127	0.00931917990706337	0.0322675643937891
7899	1.74201432059811	-1.82419979500934	1.43110340419489	-1.27468063430092	0.202422304017218	0.307922374817933
7900	1.74201432059811	-1.82419979500934	1.43110340419489	-1.27468063430092	0.202422304017218	0.307922374817933
7901	0	NA	NA	NA	NA	NA
7902	0	NA	NA	NA	NA	NA
7903	0	NA	NA	NA	NA	NA
7904	0	NA	NA	NA	NA	NA
7905	15.0387685698154	-0.0394057213050633	2.11675503518387	-0.0186160990053534	0.985147359912574	0.988914653831933
7906	15.0387685698154	-0.0394057213050633	2.11675503518387	-0.0186160990053534	0.985147359912574	0.988914653831933
7907	15.0387685698154	-0.0394057213050633	2.11675503518387	-0.0186160990053534	0.985147359912574	0.988914653831933
7908	5.42615328287016	2.88773477018862	1.10051353382741	2.62398842124688	0.00869067395434522	0.0310056495884957
7909	5.42615328287016	2.88773477018862	1.10051353382741	2.62398842124688	0.00869067395434522	0.0310056495884957
7910	0	NA	NA	NA	NA	NA
7911	0	NA	NA	NA	NA	NA
7912	2.08622685578536	0.687693807397406	1.19472549233567	0.575608214446798	0.564880027477906	0.656837241253379
7913	2.08622685578536	0.687693807397406	1.19472549233567	0.575608214446798	0.564880027477906	0.656837241253379
7914	0.329626167959777	0.605654192809648	2.0991405715485	0.288524837744843	0.772945020734111	NA
7915	0.329626167959777	0.605654192809648	2.0991405715485	0.288524837744843	0.772945020734111	NA
7916	0.431688240575743	0.300911269897379	2.10125340962322	0.143205606957866	0.886127801753767	NA
7917	0.431688240575743	0.300911269897379	2.10125340962322	0.143205606957866	0.886127801753767	NA
7918	0.910256381375245	1.8949507654303	2.11458035208375	0.896135615543281	0.370180337336823	NA
7919	0.910256381375245	1.8949507654303	2.11458035208375	0.896135615543281	0.370180337336823	NA
7920	0	NA	NA	NA	NA	NA
7921	0	NA	NA	NA	NA	NA
7922	0.664339455351268	-0.218000059103391	2.01088723535044	-0.108409887571543	0.913670558214857	NA
7923	0.664339455351268	-0.218000059103391	2.01088723535044	-0.108409887571543	0.913670558214857	NA
7924	1.1245547654706	-0.0958364160127469	1.67572833733718	-0.057190902533185	0.954393125027233	NA
7925	1.1245547654706	-0.0958364160127469	1.67572833733718	-0.057190902533185	0.954393125027233	NA
7926	1.1245547654706	-0.0958364160127469	1.67572833733718	-0.057190902533185	0.954393125027233	NA
7927	1.1245547654706	-0.0958364160127469	1.67572833733718	-0.057190902533185	0.954393125027233	NA
7928	0.204124145231932	-0.289902072294537	2.0984847144607	-0.138148288761322	0.890123222704436	NA
7929	0.204124145231932	-0.289902072294537	2.0984847144607	-0.138148288761322	0.890123222704436	NA
7930	2.85262838375259	0.274211857865871	1.02363490638883	0.267880526694066	0.788791283508052	0.84041689262654
7931	2.85262838375259	0.274211857865871	1.02363490638883	0.267880526694066	0.788791283508052	0.84041689262654
7932	0	NA	NA	NA	NA	NA
7933	0	NA	NA	NA	NA	NA
7934	0	NA	NA	NA	NA	NA
7935	0	NA	NA	NA	NA	NA
7936	0.975612792630879	-1.97724141485751	1.93871554125265	-1.01987185473325	0.307789239391845	NA
7937	0.975612792630879	-1.97724141485751	1.93871554125265	-1.01987185473325	0.307789239391845	NA
7938	0.975612792630879	-1.97724141485751	1.93871554125265	-1.01987185473325	0.307789239391845	NA
7939	0.975612792630879	-1.97724141485751	1.93871554125265	-1.01987185473325	0.307789239391845	NA
7940	1.41238815263834	-2.67644172728055	1.67869848209266	-1.59435524355995	0.110856490840115	NA
7941	1.41238815263834	-2.67644172728055	1.67869848209266	-1.59435524355995	0.110856490840115	NA
7942	0.204124145231932	-0.289902072294537	2.0984847144607	-0.138148288761322	0.890123222704436	NA
7943	0.204124145231932	-0.289902072294537	2.0984847144607	-0.138148288761322	0.890123222704436	NA
7944	0.102062072615966	0.0151395672302882	2.09688988419048	0.00722001061878979	0.99423931504784	NA
7945	0.102062072615966	0.0151395672302882	2.09688988419048	0.00722001061878979	0.99423931504784	NA
7946	0.102062072615966	0.0151395672302882	2.09688988419048	0.00722001061878979	0.99423931504784	NA
7947	0.102062072615966	0.0151395672302882	2.09688988419048	0.00722001061878979	0.99423931504784	NA
7948	0	NA	NA	NA	NA	NA
7949	0	NA	NA	NA	NA	NA
7950	0.102062072615966	0.0151395672302882	2.09688988419048	0.00722001061878979	0.99423931504784	NA
7951	0.102062072615966	0.0151395672302882	2.09688988419048	0.00722001061878979	0.99423931504784	NA
7952	0	NA	NA	NA	NA	NA
7953	0	NA	NA	NA	NA	NA
7954	0	NA	NA	NA	NA	NA
7955	0	NA	NA	NA	NA	NA
7956	2.43996796492469	-2.27814533126021	1.34504078270384	-1.69373699337251	0.0903152715285328	0.17010051139903
7957	2.43996796492469	-2.27814533126021	1.34504078270384	-1.69373699337251	0.0903152715285328	0.17010051139903
7958	0.784754358647399	1.5234629717844	2.0917513508276	0.728319344066225	0.466418123607769	NA
7959	0.784754358647399	1.5234629717844	2.0917513508276	0.728319344066225	0.466418123607769	NA
7960	0	NA	NA	NA	NA	NA
7961	0	NA	NA	NA	NA	NA
7962	0.891903550695079	0.313143053340604	1.82650082124636	0.171444244479958	0.863874467683476	NA
7963	0.891903550695079	0.313143053340604	1.82650082124636	0.171444244479958	0.863874467683476	NA
7964	2.35558373192122	3.55688989305433	1.42437093765649	2.49716544968718	0.0125190531357311	0.0405710055324621
7965	2.35558373192122	3.55688989305433	1.42437093765649	2.49716544968718	0.0125190531357311	0.0405710055324621
7966	1.45041446997769	1.53543666574195	1.49866647636395	1.0245352718286	0.305582519751191	NA
7967	1.45041446997769	1.53543666574195	1.49866647636395	1.0245352718286	0.305582519751191	NA
7968	0.557190263303588	0.93792212795813	2.1015277568334	0.446304896477504	0.655377019783103	NA
7969	0.557190263303588	0.93792212795813	2.1015277568334	0.446304896477504	0.655377019783103	NA
7970	0	NA	NA	NA	NA	NA
7971	0	NA	NA	NA	NA	NA
7972	0.669426574782981	-1.18312895308249	2.12141177000729	-0.557708300580618	0.577043588664145	NA
7973	0.669426574782981	-1.18312895308249	2.12141177000729	-0.557708300580618	0.577043588664145	NA
7974	0.204124145231932	-0.289902072294537	2.0984847144607	-0.138148288761322	0.890123222704436	NA
7975	0.204124145231932	-0.289902072294537	2.0984847144607	-0.138148288761322	0.890123222704436	NA
7976	0	NA	NA	NA	NA	NA
7977	0	NA	NA	NA	NA	NA
7978	1.21776325520216	2.32715154955594	1.70928191104886	1.3614790717161	0.173362342876341	NA
7979	1.21776325520216	2.32715154955594	1.70928191104886	1.3614790717161	0.173362342876341	NA
7980	1.5695087172948	2.1571412749912	1.70584805986042	1.26455651341404	0.206030350128559	0.311544101337521
7981	1.5695087172948	2.1571412749912	1.70584805986042	1.26455651341404	0.206030350128559	0.311544101337521
7982	0.204124145231932	-0.289902072294537	2.0984847144607	-0.138148288761322	0.890123222704436	NA
7983	0.204124145231932	-0.289902072294537	2.0984847144607	-0.138148288761322	0.890123222704436	NA
7984	0	NA	NA	NA	NA	NA
7985	0	NA	NA	NA	NA	NA
7986	0.204124145231932	-0.289902072294537	2.0984847144607	-0.138148288761322	0.890123222704436	NA
7987	0.204124145231932	-0.289902072294537	2.0984847144607	-0.138148288761322	0.890123222704436	NA
7988	0.771488647398947	-1.48375308003281	2.08084128814171	-0.713054421059606	0.47581208212865	NA
7989	0.771488647398947	-1.48375308003281	2.08084128814171	-0.713054421059606	0.47581208212865	NA
7990	0.204124145231932	-0.289902072294537	2.0984847144607	-0.138148288761322	0.890123222704436	NA
7991	0.204124145231932	-0.289902072294537	2.0984847144607	-0.138148288761322	0.890123222704436	NA
7992	0	NA	NA	NA	NA	NA
7993	0	NA	NA	NA	NA	NA
7994	0	NA	NA	NA	NA	NA
7995	0	NA	NA	NA	NA	NA
7996	0.232651214775525	-0.19316414502161	2.0980365678857	-0.0920690077467387	0.926643212073756	NA
7997	0.232651214775525	-0.19316414502161	2.0980365678857	-0.0920690077467387	0.926643212073756	NA
7998	0.329626167959777	0.605654192809648	2.0991405715485	0.288524837744843	0.772945020734111	NA
7999	0.329626167959777	0.605654192809648	2.0991405715485	0.288524837744843	0.772945020734111	NA
8000	0.204124145231932	-0.289902072294537	2.0984847144607	-0.138148288761322	0.890123222704436	NA
8001	0.204124145231932	-0.289902072294537	2.0984847144607	-0.138148288761322	0.890123222704436	NA
8002	1.28179901047878	-2.50042464510809	1.76371586956303	-1.41770264035079	0.1562775989076	NA
8003	1.28179901047878	-2.50042464510809	1.76371586956303	-1.41770264035079	0.1562775989076	NA
8004	16.9205290663244	-0.914201325825936	0.740592039948811	-1.23441959474629	0.217046591135576	0.322688737263511
8005	16.9205290663244	-0.914201325825936	0.740592039948811	-1.23441959474629	0.217046591135576	0.322688737263511
8006	0.794928597510827	-0.447817310103823	1.94754649675882	-0.229939213697387	0.818139004478471	NA
8007	0.794928597510827	-0.447817310103823	1.94754649675882	-0.229939213697387	0.818139004478471	NA
8008	1.11946764603889	0.777740889818454	1.67246886398355	0.465025631607875	0.641913101329133	NA
8009	1.11946764603889	0.777740889818454	1.67246886398355	0.465025631607875	0.641913101329133	NA
8010	0	NA	NA	NA	NA	NA
8011	0	NA	NA	NA	NA	NA
8012	1.54871007914096	3.48788554913319	1.83078347664582	1.90513274432832	0.0567628179553184	0.123461333719491
8013	1.54871007914096	3.48788554913319	1.83078347664582	1.90513274432832	0.0567628179553184	0.123461333719491
8014	0.873550720014913	-1.7477027830362	2.0124501450409	-0.86844525681439	0.3851506285872	NA
8015	0.873550720014913	-1.7477027830362	2.0124501450409	-0.86844525681439	0.3851506285872	NA
8016	0.538837432623422	-0.864822990680704	2.10272243892331	-0.411287279134916	0.680861896192882	NA
8017	0.538837432623422	-0.864822990680704	2.10272243892331	-0.411287279134916	0.680861896192882	NA
8018	0.102062072615966	0.0151395672302882	2.09688988419048	0.00722001061878979	0.99423931504784	NA
8019	0.102062072615966	0.0151395672302882	2.09688988419048	0.00722001061878979	0.99423931504784	NA
8020	0.204124145231932	-0.289902072294537	2.0984847144607	-0.138148288761322	0.890123222704436	NA
8021	0.204124145231932	-0.289902072294537	2.0984847144607	-0.138148288761322	0.890123222704436	NA
8022	0.436775360007456	-0.717854028375714	2.10172648415553	-0.341554447635058	0.732686223085295	NA
8023	0.436775360007456	-0.717854028375714	2.10172648415553	-0.341554447635058	0.732686223085295	NA
8024	0.669426574782981	-1.18312895308249	2.12141177000729	-0.557708300580618	0.577043588664145	NA
8025	0.669426574782981	-1.18312895308249	2.12141177000729	-0.557708300580618	0.577043588664145	NA
8026	1.33885314956596	-2.50883411752693	1.74972464403046	-1.43384510590642	0.151616469857865	NA
8027	1.33885314956596	-2.50883411752693	1.74972464403046	-1.43384510590642	0.151616469857865	NA
8028	0.999052742742758	-0.87403617560947	1.74218541880253	-0.501689525222998	0.615885933861144	NA
8029	0.999052742742758	-0.87403617560947	1.74218541880253	-0.501689525222998	0.615885933861144	NA
8030	1.31032608002237	-2.53605447061539	1.72610010556136	-1.46923950844127	0.141767837720336	NA
8031	1.31032608002237	-2.53605447061539	1.72610010556136	-1.46923950844127	0.141767837720336	NA
8032	1.90621765173298	-3.05184823494809	1.60507995641297	-1.90136835411512	0.0572537815767623	0.123887626286657
8033	1.90621765173298	-3.05184823494809	1.60507995641297	-1.90136835411512	0.0572537815767623	0.123887626286657
8034	1.39712679434319	0.0526279458479489	1.81088661406823	0.0290619773977555	0.976815160620737	NA
8035	1.65453861520962	0.81686548131633	1.34555015168809	0.607086610849483	0.543793435250656	0.63970925911218
8036	1.65453861520962	0.81686548131633	1.34555015168809	0.607086610849483	0.543793435250656	0.63970925911218
8037	0.771488647398947	-1.48375308003281	2.08084128814171	-0.713054421059606	0.47581208212865	NA
8038	0.771488647398947	-1.48375308003281	2.08084128814171	-0.713054421059606	0.47581208212865	NA
8039	0.102062072615966	0.0151395672302882	2.09688988419048	0.00722001061878979	0.99423931504784	NA
8040	0.102062072615966	0.0151395672302882	2.09688988419048	0.00722001061878979	0.99423931504784	NA
8041	0.102062072615966	0.0151395672302882	2.09688988419048	0.00722001061878979	0.99423931504784	NA
8042	0.102062072615966	0.0151395672302882	2.09688988419048	0.00722001061878979	0.99423931504784	NA
8043	0.204124145231932	-0.289902072294537	2.0984847144607	-0.138148288761322	0.890123222704436	NA
8044	0.204124145231932	-0.289902072294537	2.0984847144607	-0.138148288761322	0.890123222704436	NA
8045	0	NA	NA	NA	NA	NA
8046	0	NA	NA	NA	NA	NA
8047	0	NA	NA	NA	NA	NA
8048	0	NA	NA	NA	NA	NA
8049	0	NA	NA	NA	NA	NA
8050	0	NA	NA	NA	NA	NA
8051	0	NA	NA	NA	NA	NA
8052	0	NA	NA	NA	NA	NA
8053	0	NA	NA	NA	NA	NA
8054	0	NA	NA	NA	NA	NA
8055	0	NA	NA	NA	NA	NA
8056	0	NA	NA	NA	NA	NA
8057	0.455128190687622	1.46332915655147	2.09860405196263	0.697286920409284	0.485623251838368	NA
8058	0.455128190687622	1.46332915655147	2.09860405196263	0.697286920409284	0.485623251838368	NA
8059	0.46530242955105	-0.73806087475055	2.10187461749905	-0.351144101844069	0.725480243379624	NA
8060	0.46530242955105	-0.73806087475055	2.10187461749905	-0.351144101844069	0.725480243379624	NA
8061	0	NA	NA	NA	NA	NA
8062	0	NA	NA	NA	NA	NA
8063	2.78727197249696	2.56559577286366	1.22836701013785	2.08862314901778	0.0367416596864341	0.0905292205968822
8064	2.78727197249696	2.56559577286366	1.22836701013785	2.08862314901778	0.0367416596864341	0.0905292205968822
8065	0.102062072615966	0.0151395672302882	2.09688988419048	0.00722001061878979	0.99423931504784	NA
8066	0.102062072615966	0.0151395672302882	2.09688988419048	0.00722001061878979	0.99423931504784	NA
8067	0.431688240575743	0.300911269897379	2.10125340962322	0.143205606957866	0.886127801753767	NA
8068	0.431688240575743	0.300911269897379	2.10125340962322	0.143205606957866	0.886127801753767	NA
8069	0.227564095343811	1.16277842171323	2.09495177282485	0.555038276678481	0.578868479644751	NA
8070	0.227564095343811	1.16277842171323	2.09495177282485	0.555038276678481	0.578868479644751	NA
8071	0.329626167959777	0.605654192809648	2.0991405715485	0.288524837744843	0.772945020734111	NA
8072	0.329626167959777	0.605654192809648	2.0991405715485	0.288524837744843	0.772945020734111	NA
8073	0	NA	NA	NA	NA	NA
8074	0	NA	NA	NA	NA	NA
8075	0.455128190687622	1.46332915655147	2.09860405196263	0.697286920409284	0.485623251838368	NA
8076	0.455128190687622	1.46332915655147	2.09860405196263	0.697286920409284	0.485623251838368	NA
8077	1.11438052660718	1.56852620994529	1.90110490072199	0.825060315898194	0.40933734821421	NA
8078	1.11438052660718	1.56852620994529	1.90110490072199	0.825060315898194	0.40933734821421	NA
8079	1.28179901047878	-2.50042464510809	1.76371586956303	-1.41770264035079	0.1562775989076	NA
8080	1.28179901047878	-2.50042464510809	1.76371586956303	-1.41770264035079	0.1562775989076	NA
8081	0.102062072615966	0.0151395672302882	2.09688988419048	0.00722001061878979	0.99423931504784	NA
8082	0.102062072615966	0.0151395672302882	2.09688988419048	0.00722001061878979	0.99423931504784	NA
8083	0.329626167959777	0.605654192809648	2.0991405715485	0.288524837744843	0.772945020734111	NA
8084	0.329626167959777	0.605654192809648	2.0991405715485	0.288524837744843	0.772945020734111	NA
8085	0.227564095343811	1.16277842171323	2.09495177282485	0.555038276678481	0.578868479644751	NA
8086	0.227564095343811	1.16277842171323	2.09495177282485	0.555038276678481	0.578868479644751	NA
8087	8.93386923488168	-1.79562045615163	0.791466296979304	-2.26872636649819	0.023284971174504	0.0644672900019227
8088	8.93386923488168	-1.79562045615163	0.791466296979304	-2.26872636649819	0.023284971174504	0.0644672900019227
8089	2.61047792118131	-1.61878097336436	1.21419788941044	-1.33321016901978	0.182462843145597	0.285949231795338
8090	2.61047792118131	-1.61878097336436	1.21419788941044	-1.33321016901978	0.182462843145597	0.285949231795338
8091	3.532229197399	-1.1102194517939	1.03333740568657	-1.07440168688779	0.282642686775695	0.389340532783837
8092	3.532229197399	-1.1102194517939	1.03333740568657	-1.07440168688779	0.282642686775695	0.389340532783837
8093	5.42386048190451	-3.43857191793212	1.23798156419874	-2.77756310543904	0.00547682039173679	0.0225737444997983
8094	5.42386048190451	-3.43857191793212	1.23798156419874	-2.77756310543904	0.00547682039173679	0.0225737444997983
8095	0	NA	NA	NA	NA	NA
8096	0	NA	NA	NA	NA	NA
8097	30.6992437386655	-3.05506438641259	1.31065653053356	-2.33094202427611	0.0197564169450942	0.0577431810503796
8098	30.6992437386655	-3.05506438641259	1.31065653053356	-2.33094202427611	0.0197564169450942	0.0577431810503796
8099	4.17567566040104	-4.11216119577866	1.50557781505757	-2.73128439769248	0.00630880044542063	0.0247866808893982
8100	4.17567566040104	-4.11216119577866	1.50557781505757	-2.73128439769248	0.00630880044542063	0.0247866808893982
8101	0.436775360007456	-0.717854028375714	2.10172648415553	-0.341554447635058	0.732686223085295	NA
8102	0.436775360007456	-0.717854028375714	2.10172648415553	-0.341554447635058	0.732686223085295	NA
8103	5.26983138963307	-4.55235676354713	1.3896455993483	-3.27591204957728	0.0010532135364203	0.00666464934492208
8104	5.26983138963307	-4.55235676354713	1.3896455993483	-3.27591204957728	0.0010532135364203	0.00666464934492208
8105	0.562277382735302	0.0498330857396452	2.0951784918673	0.0237846493428024	0.981024384636588	NA
8106	0.562277382735302	0.0498330857396452	2.0951784918673	0.0237846493428024	0.981024384636588	NA
8107	0.664339455351268	-0.218000059103391	2.01088723535044	-0.108409887571543	0.913670558214857	NA
8108	0.664339455351268	-0.218000059103391	2.01088723535044	-0.108409887571543	0.913670558214857	NA
8109	2.55661640476812	-0.359597460645152	1.14068730211271	-0.315246308062805	0.752574647924495	0.81801592165706
8110	2.55661640476812	-0.359597460645152	1.14068730211271	-0.315246308062805	0.752574647924495	0.81801592165706
8111	0.640899505239388	-1.11512100132872	2.12268220907098	-0.525335821143369	0.599349759901581	NA
8112	0.640899505239388	-1.11512100132872	2.12268220907098	-0.525335821143369	0.599349759901581	NA
8113	0	NA	NA	NA	NA	NA
8114	0	NA	NA	NA	NA	NA
8115	0.102062072615966	0.0151395672302882	2.09688988419048	0.00722001061878979	0.99423931504784	NA
8116	0.102062072615966	0.0151395672302882	2.09688988419048	0.00722001061878979	0.99423931504784	NA
8117	2.34740514010448	0.504960875619877	1.1569764609059	0.436448702875508	0.662511209630563	0.741814737522892
8118	2.34740514010448	0.504960875619877	1.1569764609059	0.436448702875508	0.662511209630563	0.741814737522892
8119	2.65359135795238	0.0597636851614113	1.05917557591357	0.0564247198674904	0.955003464715108	0.966975542864864
8120	2.65359135795238	0.0597636851614113	1.05917557591357	0.0564247198674904	0.955003464715108	0.966975542864864
8121	3.90245117052351	-4.18821689413126	1.40171469005268	-2.98792395046802	0.00280879436206997	0.0139114815102522
8122	3.90245117052351	-4.18821689413126	1.40171469005268	-2.98792395046802	0.00280879436206997	0.0139114815102522
8123	2.6637655968158	-1.1157680528884	1.22150511280665	-0.913437071355931	0.361012715870016	0.468123929192364
8124	2.6637655968158	-1.1157680528884	1.22150511280665	-0.913437071355931	0.361012715870016	0.468123929192364
8125	1.31032608002237	-2.53605447061539	1.72610010556136	-1.46923950844127	0.141767837720336	NA
8126	1.31032608002237	-2.53605447061539	1.72610010556136	-1.46923950844127	0.141767837720336	NA
8127	1.28179901047878	-2.50042464510809	1.76371586956303	-1.41770264035079	0.1562775989076	NA
8128	1.28179901047878	-2.50042464510809	1.76371586956303	-1.41770264035079	0.1562775989076	NA
8129	0.873550720014913	-1.7477027830362	2.0124501450409	-0.86844525681439	0.3851506285872	NA
8130	0.873550720014913	-1.7477027830362	2.0124501450409	-0.86844525681439	0.3851506285872	NA
8131	1.54297729479789	-2.79400755251868	1.6395409094695	-1.70414018728128	0.0883549003098271	0.167914290181572
8132	1.54297729479789	-2.79400755251868	1.6395409094695	-1.70414018728128	0.0883549003098271	0.167914290181572
8133	5.0840600750813	-2.58272374313338	1.10873464131407	-2.32943361458639	0.0198361060296365	0.0578955144714894
8134	5.0840600750813	-2.58272374313338	1.10873464131407	-2.32943361458639	0.0198361060296365	0.0578955144714894
8135	0.102062072615966	0.0151395672302882	2.09688988419048	0.00722001061878979	0.99423931504784	NA
8136	0.102062072615966	0.0151395672302882	2.09688988419048	0.00722001061878979	0.99423931504784	NA
8137	0	NA	NA	NA	NA	NA
8138	0	NA	NA	NA	NA	NA
8139	0.460215310119336	0.276912429550551	2.10151614532912	0.131767928676648	0.895167854523936	NA
8140	0.460215310119336	0.276912429550551	2.10151614532912	0.131767928676648	0.895167854523936	NA
8141	9.55387574777183	-3.51801610621115	1.05909033618838	-3.32173374263079	0.00089460016732051	0.00588921740242342
8142	9.55387574777183	-3.51801610621115	1.05909033618838	-3.32173374263079	0.00089460016732051	0.00588921740242342
8143	15.3390820898537	-2.88856467019488	0.904036628994644	-3.19518543558039	0.00139741023261586	0.00819709912986956
8144	15.3390820898537	-2.88856467019488	0.904036628994644	-3.19518543558039	0.00139741023261586	0.00819709912986956
8145	0.455128190687622	1.46332915655147	2.09860405196263	0.697286920409284	0.485623251838368	NA
8146	0.455128190687622	1.46332915655147	2.09860405196263	0.697286920409284	0.485623251838368	NA
8147	11.1469480955302	-4.46761807888995	1.18452229096963	-3.7716623088898	0.000162163621894104	0.00158761587868354
8148	11.1469480955302	-4.46761807888995	1.18452229096963	-3.7716623088898	0.000162163621894104	0.00158761587868354
8149	17.4589681947398	-6.10034511164857	1.3678017699467	-4.45996287304575	8.19738519825533e-06	0.00018711422735148
8150	17.4589681947398	-6.10034511164857	1.3678017699467	-4.45996287304575	8.19738519825533e-06	0.00018711422735148
8151	11.8404828153992	-3.69355642369469	1.05326227908705	-3.50677746372557	0.000453568293970947	0.00355407991544399
8152	11.8404828153992	-3.69355642369469	1.05326227908705	-3.50677746372557	0.000453568293970947	0.00355407991544399
8153	21.6657110863535	-4.53543178638109	1.04260864215784	-4.35008075225074	1.36087407521198e-05	0.000257462662877943
8154	21.6657110863535	-4.53543178638109	1.04260864215784	-4.35008075225074	1.36087407521198e-05	0.000257462662877943
8155	7.97541229730365	-4.03225715804706	1.20289195044394	-3.35213578955194	0.000801906762723353	0.00541480450713518
8156	7.97541229730365	-4.03225715804706	1.20289195044394	-3.35213578955194	0.000801906762723353	0.00541480450713518
8157	15.3156646698046	-5.92890798148259	1.37006680439221	-4.32745904249009	1.50839382882228e-05	0.000258044126934739
8158	15.3156646698046	-5.92890798148259	1.37006680439221	-4.32745904249009	1.50839382882228e-05	0.000258044126934739
8159	9.64576358152437	-2.63878148266599	0.902634230501768	-2.92342279241849	0.00346206072003083	0.0164734466669903
8160	9.64576358152437	-2.63878148266599	0.902634230501768	-2.92342279241849	0.00346206072003083	0.0164734466669903
8161	12.0490258850887	-4.56690960390233	1.18738723432974	-3.84618384960173	0.000119971756745634	0.00125656204072734
8162	12.0490258850887	-4.56690960390233	1.18738723432974	-3.84618384960173	0.000119971756745634	0.00125656204072734
8163	3.94933107074727	-2.22488040692642	1.12022408453607	-1.98610299282026	0.0470218890398151	0.108037163001763
8164	3.94933107074727	-2.22488040692642	1.12022408453607	-1.98610299282026	0.0470218890398151	0.108037163001763
8165	1.10620193479044	-2.19338494381761	1.8563452695987	-1.18156087649135	0.237379984981971	NA
8166	1.10620193479044	-2.19338494381761	1.8563452695987	-1.18156087649135	0.237379984981971	NA
8167	4.65999911560634	-2.2678958207808	1.08980056325407	-2.08101913070132	0.0374321550301594	0.0910804134681872
8168	4.65999911560634	-2.2678958207808	1.08980056325407	-2.08101913070132	0.0374321550301594	0.0910804134681872
8169	5.92908372555262	-2.82724013292845	1.07838003772224	-2.6217474675256	0.00874802256246843	0.0310056495884957
8170	5.92908372555262	-2.82724013292845	1.07838003772224	-2.6217474675256	0.00874802256246843	0.0310056495884957
8171	1.59803578683839	2.27477640241772	1.79727604527828	1.26568003195386	0.205627660082186	0.311544101337521
8172	1.59803578683839	2.27477640241772	1.79727604527828	1.26568003195386	0.205627660082186	0.311544101337521
8173	7.39089194008378	-1.47050924607737	0.815370206725496	-1.80348660516172	0.071311827220503	0.143608692342475
8174	7.39089194008378	-1.47050924607737	0.815370206725496	-1.80348660516172	0.071311827220503	0.143608692342475
8175	1.07767486524684	-2.17633120654209	1.87040749752695	-1.16355992446546	0.244602400160686	NA
8176	1.07767486524684	-2.17633120654209	1.87040749752695	-1.16355992446546	0.244602400160686	NA
8177	4.24344855297403	-0.226098471845814	0.924664588266526	-0.244519444904538	0.806828544094924	0.853141965055056
8178	4.24344855297403	-0.226098471845814	0.924664588266526	-0.244519444904538	0.806828544094924	0.853141965055056
8179	0.766401527967233	-0.465278789480739	1.92404318179707	-0.241823465233334	0.808916955819756	NA
8180	0.766401527967233	-0.465278789480739	1.92404318179707	-0.241823465233334	0.808916955819756	NA
8181	0.102062072615966	0.0151395672302882	2.09688988419048	0.00722001061878979	0.99423931504784	NA
8182	0.102062072615966	0.0151395672302882	2.09688988419048	0.00722001061878979	0.99423931504784	NA
8183	0.232651214775525	-0.19316414502161	2.0980365678857	-0.0920690077467387	0.926643212073756	NA
8184	0.232651214775525	-0.19316414502161	2.0980365678857	-0.0920690077467387	0.926643212073756	NA
8185	0.334713287391491	-0.530109587478167	2.10015201911518	-0.252414864568474	0.800720411785564	NA
8186	0.334713287391491	-0.530109587478167	2.10015201911518	-0.252414864568474	0.800720411785564	NA
8187	8.23586373433605	1.85155862460548	0.723795627876189	2.55812352727032	0.010523870179717	0.0357607239116597
8188	8.23586373433605	1.85155862460548	0.723795627876189	2.55812352727032	0.010523870179717	0.0357607239116597
8189	0.408248290463863	-0.698123216799561	2.10157813569984	-0.332189988533108	0.739745802941649	NA
8190	0.408248290463863	-0.698123216799561	2.10157813569984	-0.332189988533108	0.739745802941649	NA
8191	0.640899505239388	-1.11512100132872	2.12268220907098	-0.525335821143369	0.599349759901581	NA
8192	0.640899505239388	-1.11512100132872	2.12268220907098	-0.525335821143369	0.599349759901581	NA
8193	0.669426574782981	-1.18312895308249	2.12141177000729	-0.557708300580618	0.577043588664145	NA
8194	0.669426574782981	-1.18312895308249	2.12141177000729	-0.557708300580618	0.577043588664145	NA
8195	1.1245547654706	-0.0958364160127469	1.67572833733718	-0.057190902533185	0.954393125027233	NA
8196	1.1245547654706	-0.0958364160127469	1.67572833733718	-0.057190902533185	0.954393125027233	NA
8197	2416.99505150619	0.841292649666487	0.446476738845566	1.88429222951632	0.0595254579193203	0.126796929969983
8198	2416.99505150619	0.841292649666487	0.446476738845566	1.88429222951632	0.0595254579193203	0.126796929969983
8199	2416.99505150619	0.841292649666487	0.446476738845566	1.88429222951632	0.0595254579193203	0.126796929969983
8200	46.1702665290294	1.5855742741616	1.5032014598978	1.05479825323573	0.29151760367502	0.398710171801081
8201	46.1702665290294	1.5855742741616	1.5032014598978	1.05479825323573	0.29151760367502	0.398710171801081
8202	46.1702665290294	1.5855742741616	1.5032014598978	1.05479825323573	0.29151760367502	0.398710171801081
8203	6288.1868983138	0.128771389004677	0.425254140031156	0.302810430006025	0.762034334386839	0.825307943379248
8204	6288.1868983138	0.128771389004677	0.425254140031156	0.302810430006025	0.762034334386839	0.825307943379248
8205	6288.1868983138	0.128771389004677	0.425254140031156	0.302810430006025	0.762034334386839	0.825307943379248
8206	2007.02990925589	2.78352404398552	0.435177252202762	6.39629950760523	1.59187614006437e-10	7.42875532030041e-08
8207	2007.02990925589	2.78352404398552	0.435177252202762	6.39629950760523	1.59187614006437e-10	7.42875532030041e-08
8208	2007.02990925589	2.78352404398552	0.435177252202762	6.39629950760523	1.59187614006437e-10	7.42875532030041e-08
8209	285.95578541485	2.87791508311437	1.74162700006956	1.6524290694847	0.098447113623294	0.181798820703536
8210	285.95578541485	2.87791508311437	1.74162700006956	1.6524290694847	0.098447113623294	0.181798820703536
8211	285.95578541485	2.87791508311437	1.74162700006956	1.6524290694847	0.098447113623294	0.181798820703536
8212	9.62130012935243	0.913250597293012	1.33315690092171	0.6850285939049	0.493325877573286	0.591484066745019
8213	9.62130012935243	0.913250597293012	1.33315690092171	0.6850285939049	0.493325877573286	0.591484066745019
8214	9.62130012935243	0.913250597293012	1.33315690092171	0.6850285939049	0.493325877573286	0.591484066745019
8215	1.53412371191349	-0.843497659171308	1.58908762219451	-0.530806261020677	0.59555304092908	0.685857628709113
8216	1.53412371191349	-0.843497659171308	1.58908762219451	-0.530806261020677	0.59555304092908	0.685857628709113
8217	11.1900615323013	-3.10542329243773	0.93016169263862	-3.33858437410862	0.00084206452968413	0.00563015144672034
8218	11.1900615323013	-3.10542329243773	0.93016169263862	-3.33858437410862	0.00084206452968413	0.00563015144672034
8219	0.204124145231932	-0.289902072294537	2.0984847144607	-0.138148288761322	0.890123222704436	NA
8220	0.204124145231932	-0.289902072294537	2.0984847144607	-0.138148288761322	0.890123222704436	NA
8221	39.1639025740601	-3.0172588332354	0.746330055719078	-4.04279421700137	5.28179732636042e-05	0.000677763831971369
8222	39.1639025740601	-3.0172588332354	0.746330055719078	-4.04279421700137	5.28179732636042e-05	0.000677763831971369
8223	0.408248290463863	-0.698123216799561	2.10157813569984	-0.332189988533108	0.739745802941649	NA
8224	0.408248290463863	-0.698123216799561	2.10157813569984	-0.332189988533108	0.739745802941649	NA
8225	3.15948959266816	-3.88954164390267	1.4230766885308	-2.73319187591941	0.0062723780312876	0.0247093288585789
8226	3.15948959266816	-3.88954164390267	1.4230766885308	-2.73319187591941	0.0062723780312876	0.0247093288585789
8227	1.38386108309474	-2.63355658605488	1.72503259363098	-1.52667062395127	0.126842935677298	NA
8228	1.38386108309474	-2.63355658605488	1.72503259363098	-1.52667062395127	0.126842935677298	NA
8229	3.20449752619694	-3.92743421489065	1.44524588981845	-2.71748513007984	0.00657801111435265	0.0256524110309017
8230	3.20449752619694	-3.92743421489065	1.44524588981845	-2.71748513007984	0.00657801111435265	0.0256524110309017
8231	4.97503891633864	-3.38270415084422	1.22323807070973	-2.76536859981929	0.00568585071460718	0.0231630771873316
8232	4.97503891633864	-3.38270415084422	1.22323807070973	-2.76536859981929	0.00568585071460718	0.0231630771873316
8233	8.07303971149284	-3.99479603681519	1.21926541242365	-3.27639576757479	0.00105141113731622	0.00666464934492208
8234	8.07303971149284	-3.99479603681519	1.21926541242365	-3.27639576757479	0.00105141113731622	0.00666464934492208
8235	6.20205405863315	4.88107091490979	1.32345348559164	3.6881318218205	0.000225906612348179	0.00204484433591024
8236	6.20205405863315	4.88107091490979	1.32345348559164	3.6881318218205	0.000225906612348179	0.00204484433591024
8237	2.02972402741413	1.89492234309975	1.39006226997848	1.36319241520675	0.172821877048819	0.276696816783607
8238	2.02972402741413	1.89492234309975	1.39006226997848	1.36319241520675	0.172821877048819	0.276696816783607
8239	0.436775360007456	-0.717854028375714	2.10172648415553	-0.341554447635058	0.732686223085295	NA
8240	0.436775360007456	-0.717854028375714	2.10172648415553	-0.341554447635058	0.732686223085295	NA
8241	16.523928677211	-6.02088394320382	1.37106164450563	-4.39140279894182	1.12621681131397e-05	0.000236505530375934
8242	16.523928677211	-6.02088394320382	1.37106164450563	-4.39140279894182	1.12621681131397e-05	0.000236505530375934
8243	3.53090854141998	-0.991988248988688	1.01552980254449	-0.976818451317908	0.328659039667641	0.436273292557521
8244	3.53090854141998	-0.991988248988688	1.01552980254449	-0.976818451317908	0.328659039667641	0.436273292557521
8245	0.232651214775525	-0.19316414502161	2.0980365678857	-0.0920690077467387	0.926643212073756	NA
8246	0.232651214775525	-0.19316414502161	2.0980365678857	-0.0920690077467387	0.926643212073756	NA
8247	0	NA	NA	NA	NA	NA
8248	0	NA	NA	NA	NA	NA
8249	0.845023650471319	-1.65636001094906	2.05467880706273	-0.806140602246689	0.420161782670255	NA
8250	0.845023650471319	-1.65636001094906	2.05467880706273	-0.806140602246689	0.420161782670255	NA
8251	3.07578035073236	-1.83873567418956	1.16708988448179	-1.57548762836377	0.115143931898787	0.202429683539097
8252	3.07578035073236	-1.83873567418956	1.16708988448179	-1.57548762836377	0.115143931898787	0.202429683539097
8253	5.02700593599412	-2.59747136647667	1.08745840536259	-2.38857077536736	0.0169140501460836	0.0516271879458947
8254	5.02700593599412	-2.59747136647667	1.08745840536259	-2.38857077536736	0.0169140501460836	0.0516271879458947
8255	11.0651108202894	-2.53889368759903	0.922354573290302	-2.7526222139736	0.00591200752889896	0.0236705735189472
8256	11.0651108202894	-2.53889368759903	0.922354573290302	-2.7526222139736	0.00591200752889896	0.0236705735189472
8257	7.74525618407173	0.0110576388160917	0.884148942794068	0.0125065340022322	0.990021489739915	0.992858227532866
8258	7.74525618407173	0.0110576388160917	0.884148942794068	0.0125065340022322	0.990021489739915	0.992858227532866
8259	11.2065423962865	-3.12707640536036	0.922450316698159	-3.3899672955325	0.00069900962272768	0.00484462114761758
8260	11.2065423962865	-3.12707640536036	0.922450316698159	-3.3899672955325	0.00069900962272768	0.00484462114761758
8261	4.78537745798248	0.840114332289077	0.860791119644897	0.975979320785338	0.32907471210053	0.436273292557521
8262	4.78537745798248	0.840114332289077	0.860791119644897	0.975979320785338	0.32907471210053	0.436273292557521
8263	6.17123418812391	-1.3800135123952	0.846428781581902	-1.63039530604817	0.103017976093991	0.188283507221394
8264	6.17123418812391	-1.3800135123952	0.846428781581902	-1.63039530604817	0.103017976093991	0.188283507221394
8265	2.74615418277258	-2.48722512029724	1.30077978405397	-1.91210314827128	0.055862965130757	0.121946181678368
8266	2.74615418277258	-2.48722512029724	1.30077978405397	-1.91210314827128	0.055862965130757	0.121946181678368
8267	2.35947387572562	-3.49863799657666	1.48850405667086	-2.35043900679827	0.0187512805480379	0.0552669321415853
8268	2.35947387572562	-3.49863799657666	1.48850405667086	-2.35043900679827	0.0187512805480379	0.0552669321415853
8269	0.640899505239388	-1.11512100132872	2.12268220907098	-0.525335821143369	0.599349759901581	NA
8270	0.640899505239388	-1.11512100132872	2.12268220907098	-0.525335821143369	0.599349759901581	NA
8271	0.102062072615966	0.0151395672302882	2.09688988419048	0.00722001061878979	0.99423931504784	NA
8272	0.102062072615966	0.0151395672302882	2.09688988419048	0.00722001061878979	0.99423931504784	NA
8273	0.640899505239388	-1.11512100132872	2.12268220907098	-0.525335821143369	0.599349759901581	NA
8274	0.640899505239388	-1.11512100132872	2.12268220907098	-0.525335821143369	0.599349759901581	NA
8275	1.97975265480535	-3.19207947628528	1.53156045097016	-2.08420077331148	0.0371419084508014	0.0908009403337402
8276	1.97975265480535	-3.19207947628528	1.53156045097016	-2.08420077331148	0.0371419084508014	0.0908009403337402
8277	0.538837432623422	-0.864822990680704	2.10272243892331	-0.411287279134916	0.680861896192882	NA
8278	0.538837432623422	-0.864822990680704	2.10272243892331	-0.411287279134916	0.680861896192882	NA
8279	1.10620193479044	-2.19338494381761	1.8563452695987	-1.18156087649135	0.237379984981971	NA
8280	1.10620193479044	-2.19338494381761	1.8563452695987	-1.18156087649135	0.237379984981971	NA
8281	0.640899505239388	-1.11512100132872	2.12268220907098	-0.525335821143369	0.599349759901581	NA
8282	0.640899505239388	-1.11512100132872	2.12268220907098	-0.525335821143369	0.599349759901581	NA
8283	0.538837432623422	-0.864822990680704	2.10272243892331	-0.411287279134916	0.680861896192882	NA
8284	0.538837432623422	-0.864822990680704	2.10272243892331	-0.411287279134916	0.680861896192882	NA
8285	3.21454808470866	-0.0478014211510448	1.03920687011822	-0.0459979841603692	0.963311856617602	0.972107111435351
8286	3.21454808470866	-0.0478014211510448	1.03920687011822	-0.0459979841603692	0.963311856617602	0.972107111435351
8287	5.050445886106	-2.03751726516631	0.994690135939815	-2.04839395862833	0.0405214130259945	0.0971958507762289
8288	5.050445886106	-2.03751726516631	0.994690135939815	-2.04839395862833	0.0405214130259945	0.0971958507762289
8289	5.050445886106	-2.03751726516631	0.994690135939815	-2.04839395862833	0.0405214130259945	0.0971958507762289
8290	562.890350068927	2.80805503315089	1.96465093037953	1.42928954438152	0.152921029899745	0.250690212950402
8291	562.890350068927	2.80805503315089	1.96465093037953	1.42928954438152	0.152921029899745	0.250690212950402
8292	562.890350068927	2.80805503315089	1.96465093037953	1.42928954438152	0.152921029899745	0.250690212950402
8293	33.0986756278078	1.94903407948608	1.42407949287934	1.3686273057309	0.1711158040852	0.275042624247165
8294	33.0986756278078	1.94903407948608	1.42407949287934	1.3686273057309	0.1711158040852	0.275042624247165
8295	33.0986756278078	1.94903407948608	1.42407949287934	1.3686273057309	0.1711158040852	0.275042624247165
8296	5.73059121437478	-0.29031080296957	0.973229162142932	-0.298296448834662	0.765476914411003	0.826266522880034
8297	5.73059121437478	-0.29031080296957	0.973229162142932	-0.298296448834662	0.765476914411003	0.826266522880034
8298	5.73059121437478	-0.29031080296957	0.973229162142932	-0.298296448834662	0.765476914411003	0.826266522880034
8299	1.07767486524684	-2.17633120654209	1.87040749752695	-1.16355992446546	0.244602400160686	NA
8300	1.07767486524684	-2.17633120654209	1.87040749752695	-1.16355992446546	0.244602400160686	NA
8301	4.47477911177053	-0.419632891865726	1.00407010140922	-0.417931866785762	0.675996932701951	0.751367748952292
8302	4.47477911177053	-0.419632891865726	1.00407010140922	-0.417931866785762	0.675996932701951	0.751367748952292
8303	2.91344898629247	-0.177906706187545	1.11509513434979	-0.159543971368221	0.873240317810607	0.90550914786153
8304	2.91344898629247	-0.177906706187545	1.11509513434979	-0.159543971368221	0.873240317810607	0.90550914786153
8305	5.09797145124111	0.462670760695498	0.799153178038141	0.578951286699903	0.562622042975888	0.655084470402371
8306	5.09797145124111	0.462670760695498	0.799153178038141	0.578951286699903	0.562622042975888	0.655084470402371
8307	14.5526517681413	-0.0723261670901767	0.970727866687463	-0.0745071503272945	0.940606851844773	0.959103854757962
8308	14.5526517681413	-0.0723261670901767	0.970727866687463	-0.0745071503272945	0.940606851844773	0.959103854757962
8309	0.204124145231932	-0.289902072294537	2.0984847144607	-0.138148288761322	0.890123222704436	NA
8310	0.204124145231932	-0.289902072294537	2.0984847144607	-0.138148288761322	0.890123222704436	NA
8311	0	NA	NA	NA	NA	NA
8312	0	NA	NA	NA	NA	NA
8313	0.460215310119336	0.276912429550551	2.10151614532912	0.131767928676648	0.895167854523936	NA
8314	0.460215310119336	0.276912429550551	2.10151614532912	0.131767928676648	0.895167854523936	NA
8315	1.50936310582259	-1.61432249360947	1.51223538425867	-1.06750742008384	0.285742764795301	NA
8316	1.50936310582259	-1.61432249360947	1.51223538425867	-1.06750742008384	0.285742764795301	NA
8317	0	NA	NA	NA	NA	NA
8318	0	NA	NA	NA	NA	NA
8319	0	NA	NA	NA	NA	NA
8320	0	NA	NA	NA	NA	NA
8321	0	NA	NA	NA	NA	NA
8322	0	NA	NA	NA	NA	NA
8323	3.85023679016462	2.82257693651561	1.31810537062582	2.14138945141804	0.0322426448898687	0.0813816758037552
8324	3.85023679016462	2.82257693651561	1.31810537062582	2.14138945141804	0.0322426448898687	0.0813816758037552
8325	1.50936310582259	-1.61432249360947	1.51223538425867	-1.06750742008384	0.285742764795301	NA
8326	1.50936310582259	-1.61432249360947	1.51223538425867	-1.06750742008384	0.285742764795301	NA
8327	0.538837432623422	-0.864822990680704	2.10272243892331	-0.411287279134916	0.680861896192882	NA
8328	0.538837432623422	-0.864822990680704	2.10272243892331	-0.411287279134916	0.680861896192882	NA
8329	1.2082640074064	-2.3763871694912	1.7851471055833	-1.3311996317047	0.183123332572317	NA
8330	1.2082640074064	-2.3763871694912	1.7851471055833	-1.3311996317047	0.183123332572317	NA
8331	1.00413986217447	-1.98253273236455	1.93759068845862	-1.02319480795074	0.306215747310909	NA
8332	1.00413986217447	-1.98253273236455	1.93759068845862	-1.02319480795074	0.306215747310909	NA
8333	1.84407639321408	-1.92198133538872	1.41277002824625	-1.36043467582235	0.1736924115666	0.276732865881382
8334	1.84407639321408	-1.92198133538872	1.41277002824625	-1.36043467582235	0.1736924115666	0.276732865881382
8335	2.87674332493214	-2.5299299806628	1.30553022097126	-1.93785631310828	0.0526407551501502	0.118104258349696
8336	2.87674332493214	-2.5299299806628	1.30553022097126	-1.93785631310828	0.0526407551501502	0.118104258349696
8337	0.510310363079829	-0.845839523675296	2.10260392580263	-0.402281910204469	0.687476566271192	NA
8338	0.510310363079829	-0.845839523675296	2.10260392580263	-0.402281910204469	0.687476566271192	NA
8339	1.1157011825862	3.08522103332338	1.92202803777929	1.60519044086789	0.108451900513832	NA
8340	1.1157011825862	3.08522103332338	1.92202803777929	1.60519044086789	0.108451900513832	NA
8341	0.102062072615966	0.0151395672302882	2.09688988419048	0.00722001061878979	0.99423931504784	NA
8342	0.102062072615966	0.0151395672302882	2.09688988419048	0.00722001061878979	0.99423931504784	NA
8343	0.771488647398947	-1.48375308003281	2.08084128814171	-0.713054421059606	0.47581208212865	NA
8344	0.771488647398947	-1.48375308003281	2.08084128814171	-0.713054421059606	0.47581208212865	NA
8345	0.76263506451454	0.90825854165857	2.11893950545205	0.428638259526341	0.668186498014633	NA
8346	0.76263506451454	0.90825854165857	2.11893950545205	0.428638259526341	0.668186498014633	NA
8347	4.79996382520995	1.97827303067483	0.881497488635479	2.24421856690382	0.0248183419947036	0.0675547870238205
8348	4.79996382520995	1.97827303067483	0.881497488635479	2.24421856690382	0.0248183419947036	0.0675547870238205
8349	3.29072439973907	-0.0600121943092811	1.02938805942225	-0.0582989026926959	0.953510541554718	0.966975542864864
8350	3.29072439973907	-0.0600121943092811	1.02938805942225	-0.0582989026926959	0.953510541554718	0.966975542864864
8351	0.766401527967233	-0.465278789480739	1.92404318179707	-0.241823465233334	0.808916955819756	NA
8352	0.766401527967233	-0.465278789480739	1.92404318179707	-0.241823465233334	0.808916955819756	NA
8353	0.436775360007456	-0.717854028375714	2.10172648415553	-0.341554447635058	0.732686223085295	NA
8354	0.436775360007456	-0.717854028375714	2.10172648415553	-0.341554447635058	0.732686223085295	NA
8355	1.66847931752574	-1.69024075561901	1.47059471503724	-1.14935864948774	0.250408123357052	0.35588132441824
8356	1.66847931752574	-1.69024075561901	1.47059471503724	-1.14935864948774	0.250408123357052	0.35588132441824
8357	1.7616878072573	-0.204505914212839	1.35740342341996	-0.150659642287912	0.880244210547005	0.909030165797251
8358	1.7616878072573	-0.204505914212839	1.35740342341996	-0.150659642287912	0.880244210547005	0.909030165797251
8359	0.742961577855354	-1.40391491330835	2.10237748146545	-0.667774900409302	0.504277290617022	NA
8360	0.742961577855354	-1.40391491330835	2.10237748146545	-0.667774900409302	0.504277290617022	NA
8361	3.91880835415699	0.004202084803354	1.16297292913369	0.00361322666941541	0.997117068498768	0.998543559297765
8362	3.91880835415699	0.004202084803354	1.16297292913369	0.00361322666941541	0.997117068498768	0.998543559297765
8363	24.8739750760032	-4.85341286924501	1.07554909079473	-4.51249776582379	6.40686098296311e-06	0.000169237837285818
8364	24.8739750760032	-4.85341286924501	1.07554909079473	-4.51249776582379	6.40686098296311e-06	0.000169237837285818
8365	0.334713287391491	-0.530109587478167	2.10015201911518	-0.252414864568474	0.800720411785564	NA
8366	0.334713287391491	-0.530109587478167	2.10015201911518	-0.252414864568474	0.800720411785564	NA
8367	2.85394903973161	0.392274802415064	1.09003839515724	0.359872463353436	0.718942510362717	0.790046714684304
8368	2.85394903973161	0.392274802415064	1.09003839515724	0.359872463353436	0.718942510362717	0.790046714684304
8369	1.43582810275021	-1.47721095800229	1.52247730292126	-0.970267967323967	0.331912939752242	NA
8370	1.43582810275021	-1.47721095800229	1.52247730292126	-0.970267967323967	0.331912939752242	NA
8371	0.436775360007456	-0.717854028375714	2.10172648415553	-0.341554447635058	0.732686223085295	NA
8372	0.436775360007456	-0.717854028375714	2.10172648415553	-0.341554447635058	0.732686223085295	NA
8373	5.43722054734835	-0.622364870950014	0.950653574822522	-0.65467052082164	0.51267990907118	0.61041195331597
8374	5.43722054734835	-0.622364870950014	0.950653574822522	-0.65467052082164	0.51267990907118	0.61041195331597
8375	1.63486512855043	-0.85685217732724	1.41501736420584	-0.605541811006778	0.544819052343873	0.63970925911218
8376	1.63486512855043	-0.85685217732724	1.41501736420584	-0.605541811006778	0.544819052343873	0.63970925911218
8377	4.22699021905158	-2.36442846898717	1.11671395361545	-2.1173089682744	0.0342336342629337	0.0855840856573342
8378	4.22699021905158	-2.36442846898717	1.11671395361545	-2.1173089682744	0.0342336342629337	0.0855840856573342
8379	8.31396387228049	-1.30150300162524	0.81855207967653	-1.59000634649851	0.111833374491998	0.199363401046855
8380	8.31396387228049	-1.30150300162524	0.81855207967653	-1.59000634649851	0.111833374491998	0.199363401046855
8381	3.40540651869214	-1.40642676696047	1.05962851438423	-1.32728286174686	0.184415130919757	0.287934405153523
8382	3.40540651869214	-1.40642676696047	1.05962851438423	-1.32728286174686	0.184415130919757	0.287934405153523
8383	3.50878924728712	-1.72767604740795	1.12783620033167	-1.53185014534901	0.125559418455078	0.218183515726656
8384	3.50878924728712	-1.72767604740795	1.12783620033167	-1.53185014534901	0.125559418455078	0.218183515726656
8385	0.204124145231932	-0.289902072294537	2.0984847144607	-0.138148288761322	0.890123222704436	NA
8386	0.204124145231932	-0.289902072294537	2.0984847144607	-0.138148288761322	0.890123222704436	NA
8387	1.74710144002983	-3.02039471725982	1.57052262036403	-1.92317810523462	0.0544576859708159	0.119853737674905
8388	1.74710144002983	-3.02039471725982	1.57052262036403	-1.92317810523462	0.0544576859708159	0.119853737674905
8389	5.17086078940213	-1.30003141478434	0.919228138483925	-1.41426416398487	0.157284354727115	0.257040579709683
8390	5.17086078940213	-1.30003141478434	0.919228138483925	-1.41426416398487	0.157284354727115	0.257040579709683
8391	4.43054052350482	-1.1745675235404	1.06998286716478	-1.09774423459017	0.272316188267206	0.379976076651915
8392	4.43054052350482	-1.1745675235404	1.06998286716478	-1.09774423459017	0.272316188267206	0.379976076651915
8393	1.43582810275021	-1.47721095800229	1.52247730292126	-0.970267967323967	0.331912939752242	NA
8394	1.43582810275021	-1.47721095800229	1.52247730292126	-0.970267967323967	0.331912939752242	NA
8395	7.1493352862048	6.08205338014475	1.4023248270007	4.33712165900469	1.44360728876104e-05	0.000258044126934739
8396	7.1493352862048	6.08205338014475	1.4023248270007	4.33712165900469	1.44360728876104e-05	0.000258044126934739
8397	2.25352165930525	4.54469407485445	1.58214723657175	2.87248491783992	0.00407257518080296	0.0182939205982593
8398	2.25352165930525	4.54469407485445	1.58214723657175	2.87248491783992	0.00407257518080296	0.0182939205982593
8399	1.31032608002237	-2.53605447061539	1.72610010556136	-1.46923950844127	0.141767837720336	NA
8400	1.31032608002237	-2.53605447061539	1.72610010556136	-1.46923950844127	0.141767837720336	NA
8401	1.19808976854298	-0.321577605188979	1.63143608692734	-0.197113210726287	0.843738945574104	NA
8402	1.19808976854298	-0.321577605188979	1.63143608692734	-0.197113210726287	0.843738945574104	NA
8403	1.63995224798215	-1.71818290437111	1.45445243798222	-1.18132629125691	0.237473126792137	0.344401634159867
8404	1.63995224798215	-1.71818290437111	1.45445243798222	-1.18132629125691	0.237473126792137	0.344401634159867
8405	1.20317688797469	-1.21727093310504	1.61634957106016	-0.753098806656433	0.451390541475107	NA
8406	1.20317688797469	-1.21727093310504	1.61634957106016	-0.753098806656433	0.451390541475107	NA
8407	2416.86446236403	0.841492137692712	0.446862387009966	1.88311247971279	0.059685126321585	0.126796929969983
8408	2416.86446236403	0.841492137692712	0.446862387009966	1.88311247971279	0.059685126321585	0.126796929969983
8409	2416.86446236403	0.841492137692712	0.446862387009966	1.88311247971279	0.059685126321585	0.126796929969983
8410	32.5050270638472	1.00885494761105	1.36252524853737	0.740430277306074	0.459038952850912	0.563073481884881
8411	32.5050270638472	1.00885494761105	1.36252524853737	0.740430277306074	0.459038952850912	0.563073481884881
8412	32.5050270638472	1.00885494761105	1.36252524853737	0.740430277306074	0.459038952850912	0.563073481884881
8413	148.657008475077	2.21636450813482	1.80471231356315	1.22809851269808	0.219409989294863	0.324708229400432
8414	148.657008475077	2.21636450813482	1.80471231356315	1.22809851269808	0.219409989294863	0.324708229400432
8415	148.657008475077	2.21636450813482	1.80471231356315	1.22809851269808	0.219409989294863	0.324708229400432
8416	6243.2285567262	0.126124667368755	0.422569305157486	0.298470962820526	0.765343735007886	0.826266522880034
8417	6243.2285567262	0.126124667368755	0.422569305157486	0.298470962820526	0.765343735007886	0.826266522880034
8418	6243.2285567262	0.126124667368755	0.422569305157486	0.298470962820526	0.765343735007886	0.826266522880034
8419	2667.45465905217	2.73100447815646	0.631281745404494	4.32612616797048	1.51754522268763e-05	0.000258044126934739
8420	2667.45465905217	2.73100447815646	0.631281745404494	4.32612616797048	1.51754522268763e-05	0.000258044126934739
8421	2667.45465905217	2.73100447815646	0.631281745404494	4.32612616797048	1.51754522268763e-05	0.000258044126934739
8422	0.102062072615966	0.0151395672302882	2.09688988419048	0.00722001061878979	0.99423931504784	NA
8423	0.102062072615966	0.0151395672302882	2.09688988419048	0.00722001061878979	0.99423931504784	NA
8424	0.999052742742758	-0.87403617560947	1.74218541880253	-0.501689525222998	0.615885933861144	NA
8425	0.999052742742758	-0.87403617560947	1.74218541880253	-0.501689525222998	0.615885933861144	NA
8426	0.533750313191708	0.0508251107301774	2.10370273380308	0.0241598349013387	0.980725115876254	NA
8427	0.533750313191708	0.0508251107301774	2.10370273380308	0.0241598349013387	0.980725115876254	NA
8428	4.00062309933508	0.541890399328525	0.886250470942645	0.611441592524236	0.540907274439036	0.637554714461197
8429	4.00062309933508	0.541890399328525	0.886250470942645	0.611441592524236	0.540907274439036	0.637554714461197
8430	3.70273915365563	-0.806831385885758	0.970284274083722	-0.831541237383942	0.405667942513581	0.510886164484869
8431	3.70273915365563	-0.806831385885758	0.970284274083722	-0.831541237383942	0.405667942513581	0.510886164484869
8432	2.18960958438035	0.769651603693099	1.30967910310384	0.587664262084569	0.556757667936745	0.650104369887201
8433	2.18960958438035	0.769651603693099	1.30967910310384	0.587664262084569	0.556757667936745	0.650104369887201
8434	3.77305900399127	0.374547615422461	0.901246991706977	0.41558820042557	0.677711362453976	0.75221662851657
8435	3.77305900399127	0.374547615422461	0.901246991706977	0.41558820042557	0.677711362453976	0.75221662851657
8436	2.22566958082933	-0.634070719095066	1.21679084061856	-0.521100831735989	0.602296531574542	0.690593893697264
8437	2.22566958082933	-0.634070719095066	1.21679084061856	-0.521100831735989	0.602296531574542	0.690593893697264
8438	119.438912706678	2.69741296530358	0.873384391149602	3.08846023885666	0.00201196614827153	0.0107236774400259
8439	119.438912706678	2.69741296530358	0.873384391149602	3.08846023885666	0.00201196614827153	0.0107236774400259
8440	4.18771506986586	-0.271002165344208	0.913799170559122	-0.296566438310937	0.766797537012816	0.826896267692789
8441	4.18771506986586	-0.271002165344208	0.913799170559122	-0.296566438310937	0.766797537012816	0.826896267692789
8442	1.33376603013425	-1.33979669262574	1.57164661062102	-0.852479611874284	0.393947950192337	NA
8443	1.33376603013425	-1.33979669262574	1.57164661062102	-0.852479611874284	0.393947950192337	NA
8444	6.37027121392413	-1.15837243031865	0.808351159568795	-1.43300645592761	0.151855992361767	0.249430462460071
8445	6.37027121392413	-1.15837243031865	0.808351159568795	-1.43300645592761	0.151855992361767	0.249430462460071
8446	1.58798522832667	-2.85805037436166	1.66982008658485	-1.71159180400506	0.0869719197842578	0.16771444586496
8447	1.58798522832667	-2.85805037436166	1.66982008658485	-1.71159180400506	0.0869719197842578	0.16771444586496
8448	2.58195085163772	-1.63263920629754	1.25448928908512	-1.30143734227352	0.193108798661919	0.298621853600905
8449	2.58195085163772	-1.63263920629754	1.25448928908512	-1.30143734227352	0.193108798661919	0.298621853600905
8450	25.3900250195197	-6.52870189361994	1.38285046637593	-4.72119151879802	2.3446703069948e-06	8.41496519674237e-05
8451	25.3900250195197	-6.52870189361994	1.38285046637593	-4.72119151879802	2.3446703069948e-06	8.41496519674237e-05
8452	9.84801576006132	-3.58683622016762	1.05624581708387	-3.3958347215711	0.000684196604245268	0.00477346468078094
8453	9.84801576006132	-3.58683622016762	1.05624581708387	-3.3958347215711	0.000684196604245268	0.00477346468078094
8454	0.204124145231932	-0.289902072294537	2.0984847144607	-0.138148288761322	0.890123222704436	NA
8455	0.204124145231932	-0.289902072294537	2.0984847144607	-0.138148288761322	0.890123222704436	NA
8456	0.102062072615966	0.0151395672302882	2.09688988419048	0.00722001061878979	0.99423931504784	NA
8457	0.102062072615966	0.0151395672302882	2.09688988419048	0.00722001061878979	0.99423931504784	NA
8458	0	NA	NA	NA	NA	NA
8459	0	NA	NA	NA	NA	NA
8460	2.05316397752601	2.72514901715487	1.70278712621281	1.60040499202969	0.109508768396259	0.19613510757539
8461	2.05316397752601	2.72514901715487	1.70278712621281	1.60040499202969	0.109508768396259	0.19613510757539
8462	0.102062072615966	0.0151395672302882	2.09688988419048	0.00722001061878979	0.99423931504784	NA
8463	0.102062072615966	0.0151395672302882	2.09688988419048	0.00722001061878979	0.99423931504784	NA
8464	0.329626167959777	0.605654192809648	2.0991405715485	0.288524837744843	0.772945020734111	NA
8465	0.329626167959777	0.605654192809648	2.0991405715485	0.288524837744843	0.772945020734111	NA
8466	0.455128190687622	1.46332915655147	2.09860405196263	0.697286920409284	0.485623251838368	NA
8467	0.455128190687622	1.46332915655147	2.09860405196263	0.697286920409284	0.485623251838368	NA
8468	0.635812385807674	-0.14616022719174	2.11950403513501	-0.068959636202075	0.945021748622434	NA
8469	0.635812385807674	-0.14616022719174	2.11950403513501	-0.068959636202075	0.945021748622434	NA
8470	0.102062072615966	0.0151395672302882	2.09688988419048	0.00722001061878979	0.99423931504784	NA
8471	0.102062072615966	0.0151395672302882	2.09688988419048	0.00722001061878979	0.99423931504784	NA
8472	0.891903550695079	0.313143053340604	1.82650082124636	0.171444244479958	0.863874467683476	NA
8473	0.891903550695079	0.313143053340604	1.82650082124636	0.171444244479958	0.863874467683476	NA
8474	0	NA	NA	NA	NA	NA
8475	0	NA	NA	NA	NA	NA
8476	0	NA	NA	NA	NA	NA
8477	0	NA	NA	NA	NA	NA
8478	0	NA	NA	NA	NA	NA
8479	0	NA	NA	NA	NA	NA
8480	0	NA	NA	NA	NA	NA
8481	0	NA	NA	NA	NA	NA
8482	0.334713287391491	-0.530109587478167	2.10015201911518	-0.252414864568474	0.800720411785564	NA
8483	0.334713287391491	-0.530109587478167	2.10015201911518	-0.252414864568474	0.800720411785564	NA
8484	6.61671012450774	3.35004015896898	0.951897249276969	3.51932959309796	0.000432638867046639	0.00342845894640733
8485	6.61671012450774	3.35004015896898	0.951897249276969	3.51932959309796	0.000432638867046639	0.00342845894640733
8486	1.74201432059811	-1.82419979500934	1.43110340419489	-1.27468063430092	0.202422304017218	0.307922374817933
8487	1.74201432059811	-1.82419979500934	1.43110340419489	-1.27468063430092	0.202422304017218	0.307922374817933
8488	1.61142517843855	-1.72334848934885	1.49109082499759	-1.15576359297337	0.24777786848392	0.355176466768759
8489	1.61142517843855	-1.72334848934885	1.49109082499759	-1.15576359297337	0.24777786848392	0.355176466768759
8490	1.74201432059811	-1.82419979500934	1.43110340419489	-1.27468063430092	0.202422304017218	0.307922374817933
8491	1.74201432059811	-1.82419979500934	1.43110340419489	-1.27468063430092	0.202422304017218	0.307922374817933
8492	1.84916351264579	-3.1177062539302	1.54693490948058	-2.01540881573165	0.0438618314944315	0.101722635161023
8493	1.84916351264579	-3.1177062539302	1.54693490948058	-2.01540881573165	0.0438618314944315	0.101722635161023
8494	1.19808976854298	-0.321577605188979	1.63143608692734	-0.197113210726287	0.843738945574104	NA
8495	1.19808976854298	-0.321577605188979	1.63143608692734	-0.197113210726287	0.843738945574104	NA
8496	2.75056631113663	0.399940351641316	1.03225494455987	0.387443386683743	0.698427989111351	0.771337773933124
8497	2.75056631113663	0.399940351641316	1.03225494455987	0.387443386683743	0.698427989111351	0.771337773933124
8498	0.227564095343811	1.16277842171323	2.09495177282485	0.555038276678481	0.578868479644751	NA
8499	0.227564095343811	1.16277842171323	2.09495177282485	0.555038276678481	0.578868479644751	NA
8500	1.85357564100984	1.02727535563946	1.39623304593021	0.735747774079551	0.461884209775589	0.565129665985792
8501	1.85357564100984	1.02727535563946	1.39623304593021	0.735747774079551	0.461884209775589	0.565129665985792
8502	0.334713287391491	-0.530109587478167	2.10015201911518	-0.252414864568474	0.800720411785564	NA
8503	0.334713287391491	-0.530109587478167	2.10015201911518	-0.252414864568474	0.800720411785564	NA
8504	1.74201432059811	-1.82419979500934	1.43110340419489	-1.27468063430092	0.202422304017218	0.307922374817933
8505	1.74201432059811	-1.82419979500934	1.43110340419489	-1.27468063430092	0.202422304017218	0.307922374817933
8506	2.07164048855789	-1.24359549130933	1.2947197132079	-0.960513289959956	0.336796945554911	0.442844487732229
8507	2.07164048855789	-1.24359549130933	1.2947197132079	-0.960513289959956	0.336796945554911	0.442844487732229
8508	0.436775360007456	-0.717854028375714	2.10172648415553	-0.341554447635058	0.732686223085295	NA
8509	0.436775360007456	-0.717854028375714	2.10172648415553	-0.341554447635058	0.732686223085295	NA
8510	3.46058869108434	-2.86933598090091	1.26350102654194	-2.27094075954489	0.0231505643883314	0.0643496826148192
8511	3.46058869108434	-2.86933598090091	1.26350102654194	-2.27094075954489	0.0231505643883314	0.0643496826148192
8512	1.35211886081441	0.375898423621385	1.54634543884166	0.243088260992294	0.807937024884847	NA
8513	1.35211886081441	0.375898423621385	1.54634543884166	0.243088260992294	0.807937024884847	NA
8514	1.77363286252673	1.44960847605507	1.64432664595774	0.881581819292807	0.378002990334888	0.484619218378062
8515	1.77363286252673	1.44960847605507	1.64432664595774	0.881581819292807	0.378002990334888	0.484619218378062
8516	0.329626167959777	0.605654192809648	2.0991405715485	0.288524837744843	0.772945020734111	NA
8517	0.329626167959777	0.605654192809648	2.0991405715485	0.288524837744843	0.772945020734111	NA
8518	0.873550720014913	-1.7477027830362	2.0124501450409	-0.86844525681439	0.3851506285872	NA
8519	0.873550720014913	-1.7477027830362	2.0124501450409	-0.86844525681439	0.3851506285872	NA
8520	2.81592272239226	-2.19060097778509	1.33414496219552	-1.64195124207504	0.100600109124369	0.184910485042604
8521	2.81592272239226	-2.19060097778509	1.33414496219552	-1.64195124207504	0.100600109124369	0.184910485042604
8522	1.89227694941686	-0.306967599261489	1.35812833867304	-0.226022527120973	0.821183899539967	0.863538402120146
8523	1.89227694941686	-0.306967599261489	1.35812833867304	-0.226022527120973	0.821183899539967	0.863538402120146
8524	0.204124145231932	-0.289902072294537	2.0984847144607	-0.138148288761322	0.890123222704436	NA
8525	0.204124145231932	-0.289902072294537	2.0984847144607	-0.138148288761322	0.890123222704436	NA
8526	0.227564095343811	1.16277842171323	2.09495177282485	0.555038276678481	0.578868479644751	NA
8527	0.227564095343811	1.16277842171323	2.09495177282485	0.555038276678481	0.578868479644751	NA
8528	0	NA	NA	NA	NA	NA
8529	0	NA	NA	NA	NA	NA
8530	0	NA	NA	NA	NA	NA
8531	0	NA	NA	NA	NA	NA
8532	0	NA	NA	NA	NA	NA
8533	0	NA	NA	NA	NA	NA
8534	0.334713287391491	-0.530109587478167	2.10015201911518	-0.252414864568474	0.800720411785564	NA
8535	0.334713287391491	-0.530109587478167	2.10015201911518	-0.252414864568474	0.800720411785564	NA
8536	0.557190263303588	0.93792212795813	2.1015277568334	0.446304896477504	0.655377019783103	NA
8537	0.557190263303588	0.93792212795813	2.1015277568334	0.446304896477504	0.655377019783103	NA
8538	0	NA	NA	NA	NA	NA
8539	0	NA	NA	NA	NA	NA
8540	0	NA	NA	NA	NA	NA
8541	0	NA	NA	NA	NA	NA
8542	0.334713287391491	-0.530109587478167	2.10015201911518	-0.252414864568474	0.800720411785564	NA
8543	0.334713287391491	-0.530109587478167	2.10015201911518	-0.252414864568474	0.800720411785564	NA
8544	0	NA	NA	NA	NA	NA
8545	0	NA	NA	NA	NA	NA
8546	0	NA	NA	NA	NA	NA
8547	0	NA	NA	NA	NA	NA
8548	6.67645743177202	-1.2611517683183	0.805001889892958	-1.56664448140115	0.117197814516213	0.205267231429564
8549	6.67645743177202	-1.2611517683183	0.805001889892958	-1.56664448140115	0.117197814516213	0.205267231429564
8550	0.436775360007456	-0.717854028375714	2.10172648415553	-0.341554447635058	0.732686223085295	NA
8551	0.436775360007456	-0.717854028375714	2.10172648415553	-0.341554447635058	0.732686223085295	NA
8552	0.533750313191708	0.0508251107301774	2.10370273380308	0.0241598349013387	0.980725115876254	NA
8553	0.533750313191708	0.0508251107301774	2.10370273380308	0.0241598349013387	0.980725115876254	NA
8554	1.7369272011664	-0.971292503854785	1.39310981784122	-0.697211728333029	0.485670300207054	0.58632229401254
8555	1.7369272011664	-0.971292503854785	1.39310981784122	-0.697211728333029	0.485670300207054	0.58632229401254
8556	1.36229309967784	-1.30558872211774	1.65286824422678	-0.789892797975863	0.429590377770743	NA
8557	1.36229309967784	-1.30558872211774	1.65286824422678	-0.789892797975863	0.429590377770743	NA
8558	58.8476176854284	8.47398991960108	1.48010546325527	5.72526088848006	1.03274910300649e-08	2.40974790701513e-06
8559	58.8476176854284	8.47398991960108	1.48010546325527	5.72526088848006	1.03274910300649e-08	2.40974790701513e-06
8560	2.73597994390916	-1.05877656764175	1.12350020948546	-0.942391072741007	0.34599245609677	0.452277720387934
8561	2.73597994390916	-1.05877656764175	1.12350020948546	-0.942391072741007	0.34599245609677	0.452277720387934
8562	6.31818051391694	0.40212853136227	0.815219694658505	0.493276271411379	0.621817392197857	0.704513905376585
8563	6.31818051391694	0.40212853136227	0.815219694658505	0.493276271411379	0.621817392197857	0.704513905376585
8564	0.640899505239388	-1.11512100132872	2.12268220907098	-0.525335821143369	0.599349759901581	NA
8565	0.640899505239388	-1.11512100132872	2.12268220907098	-0.525335821143369	0.599349759901581	NA
8566	6.88634368750334	-4.9170505328942	1.3758795615052	-3.57375069044195	0.000351904007044191	0.00292094235095969
8567	6.88634368750334	-4.9170505328942	1.3758795615052	-3.57375069044195	0.000351904007044191	0.00292094235095969
8568	0.102062072615966	0.0151395672302882	2.09688988419048	0.00722001061878979	0.99423931504784	NA
8569	0.102062072615966	0.0151395672302882	2.09688988419048	0.00722001061878979	0.99423931504784	NA
8570	0.102062072615966	0.0151395672302882	2.09688988419048	0.00722001061878979	0.99423931504784	NA
8571	0.102062072615966	0.0151395672302882	2.09688988419048	0.00722001061878979	0.99423931504784	NA
8572	2.22566958082933	-0.634070719095066	1.21679084061856	-0.521100831735989	0.602296531574542	0.690593893697264
8573	2.22566958082933	-0.634070719095066	1.21679084061856	-0.521100831735989	0.602296531574542	0.690593893697264
8574	0.640899505239388	-1.11512100132872	2.12268220907098	-0.525335821143369	0.599349759901581	NA
8575	0.640899505239388	-1.11512100132872	2.12268220907098	-0.525335821143369	0.599349759901581	NA
8576	0.102062072615966	0.0151395672302882	2.09688988419048	0.00722001061878979	0.99423931504784	NA
8577	0.102062072615966	0.0151395672302882	2.09688988419048	0.00722001061878979	0.99423931504784	NA
8578	0	NA	NA	NA	NA	NA
8579	0	NA	NA	NA	NA	NA
8580	0.436775360007456	-0.717854028375714	2.10172648415553	-0.341554447635058	0.732686223085295	NA
8581	0.436775360007456	-0.717854028375714	2.10172648415553	-0.341554447635058	0.732686223085295	NA
8582	4.09009445177026	-4.18907719994699	1.41806641607117	-2.95407687007569	0.00313605879597524	0.0152095230289792
8583	4.09009445177026	-4.18907719994699	1.41806641607117	-2.95407687007569	0.00313605879597524	0.0152095230289792
8584	2.23140236517239	4.39728319342382	1.56405943254948	2.81145530784343	0.00493179417024714	0.0206928426723656
8585	2.23140236517239	4.39728319342382	1.56405943254948	2.81145530784343	0.00493179417024714	0.0206928426723656
8586	1.21776325520216	2.32715154955594	1.70928191104886	1.3614790717161	0.173362342876341	NA
8587	1.21776325520216	2.32715154955594	1.70928191104886	1.3614790717161	0.173362342876341	NA
8588	0.888137087242385	2.39869042557319	2.06491450232858	1.16164152213964	0.245381108426186	NA
8589	0.888137087242385	2.39869042557319	2.06491450232858	1.16164152213964	0.245381108426186	NA
8590	0	NA	NA	NA	NA	NA
8591	0	NA	NA	NA	NA	NA
8592	0.204124145231932	-0.289902072294537	2.0984847144607	-0.138148288761322	0.890123222704436	NA
8593	0.204124145231932	-0.289902072294537	2.0984847144607	-0.138148288761322	0.890123222704436	NA
8594	0.766401527967233	-0.465278789480739	1.92404318179707	-0.241823465233334	0.808916955819756	NA
8595	0.766401527967233	-0.465278789480739	1.92404318179707	-0.241823465233334	0.808916955819756	NA
8596	0.567364502167016	-0.883997508371301	2.10283931084895	-0.420382814707044	0.674205820337934	NA
8597	0.567364502167016	-0.883997508371301	2.10283931084895	-0.420382814707044	0.674205820337934	NA
8598	1.20317688797469	-1.21727093310504	1.61634957106016	-0.753098806656433	0.451390541475107	NA
8599	1.20317688797469	-1.21727093310504	1.61634957106016	-0.753098806656433	0.451390541475107	NA
8600	24.7726079623685	-1.56570070130766	0.782094980919302	-2.00193165728705	0.0452920823325116	0.104635173705472
8601	24.7726079623685	-1.56570070130766	0.782094980919302	-2.00193165728705	0.0452920823325116	0.104635173705472
8602	2.40635377594938	-1.47098127898212	1.23359872043173	-1.1924309377261	0.233092315446621	0.339871370793662
8603	2.40635377594938	-1.47098127898212	1.23359872043173	-1.1924309377261	0.233092315446621	0.339871370793662
8604	0.232651214775525	-0.19316414502161	2.0980365678857	-0.0920690077467387	0.926643212073756	NA
8605	0.232651214775525	-0.19316414502161	2.0980365678857	-0.0920690077467387	0.926643212073756	NA
8606	3.63870339837901	0.906402461647813	0.928269541488318	0.976443178556257	0.328844893013337	0.436273292557521
8607	3.63870339837901	0.906402461647813	0.928269541488318	0.976443178556257	0.328844893013337	0.436273292557521
8608	0.659252335919554	0.693501941428492	2.12273943425933	0.326701398313859	0.743893742536631	NA
8609	0.659252335919554	0.693501941428492	2.12273943425933	0.326701398313859	0.743893742536631	NA
8610	0.455128190687622	1.46332915655147	2.09860405196263	0.697286920409284	0.485623251838368	NA
8611	0.455128190687622	1.46332915655147	2.09860405196263	0.697286920409284	0.485623251838368	NA
8612	0.102062072615966	0.0151395672302882	2.09688988419048	0.00722001061878979	0.99423931504784	NA
8613	0.102062072615966	0.0151395672302882	2.09688988419048	0.00722001061878979	0.99423931504784	NA
8614	6.10719843284729	-0.276524666416866	0.794995845549506	-0.347831586749652	0.727966666344769	0.798204224076346
8615	6.10719843284729	-0.276524666416866	0.794995845549506	-0.347831586749652	0.727966666344769	0.798204224076346
8616	6.59915596524696	-1.01847181215239	0.803080961914775	-1.26820564856134	0.204724520388645	0.310749181652443
8617	6.59915596524696	-1.01847181215239	0.803080961914775	-1.26820564856134	0.204724520388645	0.310749181652443
8618	1.07767486524684	-2.17633120654209	1.87040749752695	-1.16355992446546	0.244602400160686	NA
8619	1.07767486524684	-2.17633120654209	1.87040749752695	-1.16355992446546	0.244602400160686	NA
8620	13.6971567248876	-2.62491782795979	0.874946503646924	-3.00008951063715	0.00269900277462743	0.0134708725683819
8621	13.6971567248876	-2.62491782795979	0.874946503646924	-3.00008951063715	0.00269900277462743	0.0134708725683819
8622	3.25269808239972	-2.45405893296461	1.29765864965555	-1.89114366371774	0.0586051692239587	0.125262957119912
8623	3.25269808239972	-2.45405893296461	1.29765864965555	-1.89114366371774	0.0586051692239587	0.125262957119912
8624	3.96768390142744	-1.19783100732592	0.988319113359525	-1.21198810296627	0.22551693475725	0.332690946954847
8625	3.96768390142744	-1.19783100732592	0.988319113359525	-1.21198810296627	0.22551693475725	0.332690946954847
8626	0.510310363079829	-0.845839523675296	2.10260392580263	-0.402281910204469	0.687476566271192	NA
8627	0.510310363079829	-0.845839523675296	2.10260392580263	-0.402281910204469	0.687476566271192	NA
8628	1.84916351264579	-3.1177062539302	1.54693490948058	-2.01540881573165	0.0438618314944315	0.101722635161023
8629	1.84916351264579	-3.1177062539302	1.54693490948058	-2.01540881573165	0.0438618314944315	0.101722635161023
8630	5.29327133974495	-3.41631448824487	1.22857240178889	-2.78071889232614	0.00542386805272959	0.0224852167324062
8631	5.29327133974495	-3.41631448824487	1.22857240178889	-2.78071889232614	0.00542386805272959	0.0224852167324062
8632	0	NA	NA	NA	NA	NA
8633	0	NA	NA	NA	NA	NA
8634	0.455128190687622	1.46332915655147	2.09860405196263	0.697286920409284	0.485623251838368	NA
8635	0.455128190687622	1.46332915655147	2.09860405196263	0.697286920409284	0.485623251838368	NA
8636	2.81460206641324	-1.75093582464996	1.20356208183973	-1.45479477217622	0.145726085917348	0.243747336062469
8637	2.81460206641324	-1.75093582464996	1.20356208183973	-1.45479477217622	0.145726085917348	0.243747336062469
8638	4.13001526586733	-3.11042817230226	1.23640500017181	-2.51570332687917	0.0118795132799128	0.0391018462191486
8639	4.13001526586733	-3.11042817230226	1.23640500017181	-2.51570332687917	0.0118795132799128	0.0391018462191486
8640	8.54277679947067	-4.12391750712527	1.1938890286568	-3.45418829400329	0.000551951858563042	0.00412212979304895
8641	8.54277679947067	-4.12391750712527	1.1938890286568	-3.45418829400329	0.000551951858563042	0.00412212979304895
8642	0.455128190687622	1.46332915655147	2.09860405196263	0.697286920409284	0.485623251838368	NA
8643	0.455128190687622	1.46332915655147	2.09860405196263	0.697286920409284	0.485623251838368	NA
8644	0	NA	NA	NA	NA	NA
8645	0	NA	NA	NA	NA	NA
8646	0.204124145231932	-0.289902072294537	2.0984847144607	-0.138148288761322	0.890123222704436	NA
8647	0.204124145231932	-0.289902072294537	2.0984847144607	-0.138148288761322	0.890123222704436	NA
8648	0.538837432623422	-0.864822990680704	2.10272243892331	-0.411287279134916	0.680861896192882	NA
8649	0.538837432623422	-0.864822990680704	2.10272243892331	-0.411287279134916	0.680861896192882	NA
8650	15.8944229165251	-4.94620237082807	1.18293480397268	-4.1812975273169	2.89850289061649e-05	0.000421235714207241
8651	15.8944229165251	-4.94620237082807	1.18293480397268	-4.1812975273169	2.89850289061649e-05	0.000421235714207241
8652	2.64917922958833	-3.60068542409124	1.46615506166731	-2.45586944944046	0.0140544204425284	0.0445835089566612
8653	2.64917922958833	-3.60068542409124	1.46615506166731	-2.45586944944046	0.0140544204425284	0.0445835089566612
8654	0.204124145231932	-0.289902072294537	2.0984847144607	-0.138148288761322	0.890123222704436	NA
8655	0.204124145231932	-0.289902072294537	2.0984847144607	-0.138148288761322	0.890123222704436	NA
8656	1.07767486524684	-2.17633120654209	1.87040749752695	-1.16355992446546	0.244602400160686	NA
8657	1.07767486524684	-2.17633120654209	1.87040749752695	-1.16355992446546	0.244602400160686	NA
8658	0.436775360007456	-0.717854028375714	2.10172648415553	-0.341554447635058	0.732686223085295	NA
8659	0.436775360007456	-0.717854028375714	2.10172648415553	-0.341554447635058	0.732686223085295	NA
8660	0.993965623311044	0.070477634208762	1.74486433211095	0.0403914693605419	0.967781031164989	NA
8661	0.993965623311044	0.070477634208762	1.74486433211095	0.0403914693605419	0.967781031164989	NA
8662	0.102062072615966	0.0151395672302882	2.09688988419048	0.00722001061878979	0.99423931504784	NA
8663	0.102062072615966	0.0151395672302882	2.09688988419048	0.00722001061878979	0.99423931504784	NA
8664	1.10111481535872	-1.0550769181078	1.67162404110264	-0.631168786859426	0.527930168423654	NA
8665	1.10111481535872	-1.0550769181078	1.67162404110264	-0.631168786859426	0.527930168423654	NA
8666	1.77363286252673	1.44960847605507	1.64432664595774	0.881581819292807	0.378002990334888	0.484619218378062
8667	1.77363286252673	1.44960847605507	1.64432664595774	0.881581819292807	0.378002990334888	0.484619218378062
8668	0.533750313191708	0.0508251107301774	2.10370273380308	0.0241598349013387	0.980725115876254	NA
8669	0.533750313191708	0.0508251107301774	2.10370273380308	0.0241598349013387	0.980725115876254	NA
8670	0.334713287391491	-0.530109587478167	2.10015201911518	-0.252414864568474	0.800720411785564	NA
8671	0.334713287391491	-0.530109587478167	2.10015201911518	-0.252414864568474	0.800720411785564	NA
8672	2.33094680618203	-3.4616222476418	1.52911840543313	-2.2638026168165	0.0235862575125635	0.065044176988028
8673	2.33094680618203	-3.4616222476418	1.52911840543313	-2.2638026168165	0.0235862575125635	0.065044176988028
8674	30.7390455763419	-4.67390281719768	1.02948904218189	-4.54002191931237	5.62483804237703e-06	0.00015440731881035
8675	30.7390455763419	-4.67390281719768	1.02948904218189	-4.54002191931237	5.62483804237703e-06	0.00015440731881035
8676	25.1332813936273	-6.52732919189407	1.37886241420227	-4.73385098082495	2.20299496712016e-06	8.41143532900423e-05
8677	25.1332813936273	-6.52732919189407	1.37886241420227	-4.73385098082495	2.20299496712016e-06	8.41143532900423e-05
8678	3.48402864119622	-2.06036576908026	1.14186011390347	-1.8043942020506	0.0711695313393455	0.143608692342475
8679	3.48402864119622	-2.06036576908026	1.14186011390347	-1.8043942020506	0.0711695313393455	0.143608692342475
8680	9.04169341799703	-5.27686273864251	1.37034292450854	-3.85076074336284	0.000117751490715095	0.00123948937594837
8681	9.04169341799703	-5.27686273864251	1.37034292450854	-3.85076074336284	0.000117751490715095	0.00123948937594837
8682	4.38423446405975	-4.34746878398591	1.41446761265994	-3.07357251949403	0.00211512273159395	0.0111322249031261
8683	4.38423446405975	-4.34746878398591	1.41446761265994	-3.07357251949403	0.00211512273159395	0.0111322249031261
8684	8.34373977367045	-5.18175739505574	1.37187100988292	-3.77714621690124	0.000158635609179576	0.0015676930789511
8685	8.34373977367045	-5.18175739505574	1.37187100988292	-3.77714621690124	0.000158635609179576	0.0015676930789511
8686	1.28179901047878	-2.50042464510809	1.76371586956303	-1.41770264035079	0.1562775989076	NA
8687	1.28179901047878	-2.50042464510809	1.76371586956303	-1.41770264035079	0.1562775989076	NA
8688	7.41408452949224	1.7612326588014	0.963910498489787	1.82717447476796	0.0676735404150741	0.139191415153434
8689	7.41408452949224	1.7612326588014	0.963910498489787	1.82717447476796	0.0676735404150741	0.139191415153434
8690	1.50427598639087	-0.756529116185399	1.53556902823299	-0.492670210375336	0.622245629732104	NA
8691	1.50427598639087	-0.756529116185399	1.53556902823299	-0.492670210375336	0.622245629732104	NA
8692	0.664339455351268	-0.218000059103391	2.01088723535044	-0.108409887571543	0.913670558214857	NA
8693	0.664339455351268	-0.218000059103391	2.01088723535044	-0.108409887571543	0.913670558214857	NA
8694	1.88078205457441	0.753122614024655	1.35482175858465	0.555883170057309	0.578290724150019	0.669281080581449
8695	1.88078205457441	0.753122614024655	1.35482175858465	0.555883170057309	0.578290724150019	0.669281080581449
8696	0.204124145231932	-0.289902072294537	2.0984847144607	-0.138148288761322	0.890123222704436	NA
8697	1.73824785714542	-1.16944751169667	1.52268383340481	-0.768017290287849	0.442476912758722	0.54771677971902
8698	1.73824785714542	-1.16944751169667	1.52268383340481	-0.768017290287849	0.442476912758722	0.54771677971902
8699	1.20317688797469	-1.21727093310504	1.61634957106016	-0.753098806656433	0.451390541475107	NA
8700	1.20317688797469	-1.21727093310504	1.61634957106016	-0.753098806656433	0.451390541475107	NA
8701	2416.86446236403	0.841492137692712	0.446862387009966	1.88311247971279	0.059685126321585	0.126796929969983
8702	2416.86446236403	0.841492137692712	0.446862387009966	1.88311247971279	0.059685126321585	0.126796929969983
8703	2416.86446236403	0.841492137692712	0.446862387009966	1.88311247971279	0.059685126321585	0.126796929969983
8704	32.5050270638472	1.00885494761105	1.36252524853737	0.740430277306074	0.459038952850912	0.563073481884881
8705	32.5050270638472	1.00885494761105	1.36252524853737	0.740430277306074	0.459038952850912	0.563073481884881
8706	32.5050270638472	1.00885494761105	1.36252524853737	0.740430277306074	0.459038952850912	0.563073481884881
8707	148.657008475077	2.21636450813482	1.80471231356315	1.22809851269808	0.219409989294863	0.324708229400432
8708	148.657008475077	2.21636450813482	1.80471231356315	1.22809851269808	0.219409989294863	0.324708229400432
8709	148.657008475077	2.21636450813482	1.80471231356315	1.22809851269808	0.219409989294863	0.324708229400432
8710	6243.2285567262	0.126124667368755	0.422569305157486	0.298470962820526	0.765343735007886	0.826266522880034
8711	6243.2285567262	0.126124667368755	0.422569305157486	0.298470962820526	0.765343735007886	0.826266522880034
8712	6243.2285567262	0.126124667368755	0.422569305157486	0.298470962820526	0.765343735007886	0.826266522880034
8713	2784.57188609719	2.69165615436094	0.666606864436354	4.03784643987556	5.39441447209348e-05	0.000682425927192549
8714	2784.57188609719	2.69165615436094	0.666606864436354	4.03784643987556	5.39441447209348e-05	0.000682425927192549
8715	2784.57188609719	2.69165615436094	0.666606864436354	4.03784643987556	5.39441447209348e-05	0.000682425927192549
8716	0.999052742742758	-0.87403617560947	1.74218541880253	-0.501689525222998	0.615885933861144	NA
8717	0.999052742742758	-0.87403617560947	1.74218541880253	-0.501689525222998	0.615885933861144	NA
8718	1.7616878072573	-0.204505914212839	1.35740342341996	-0.150659642287912	0.880244210547005	0.909030165797251
8719	1.7616878072573	-0.204505914212839	1.35740342341996	-0.150659642287912	0.880244210547005	0.909030165797251
8720	2.11034179696491	-3.24879377014256	1.53566203765087	-2.11556559352884	0.0343817707011177	0.0858522217269289
8721	2.11034179696491	-3.24879377014256	1.53566203765087	-2.11556559352884	0.0343817707011177	0.0858522217269289
8722	0.455128190687622	1.46332915655147	2.09860405196263	0.697286920409284	0.485623251838368	NA
8723	0.455128190687622	1.46332915655147	2.09860405196263	0.697286920409284	0.485623251838368	NA
8724	225.286777399858	2.33013754441457	1.90611360826203	1.22245470275991	0.221535723579405	0.32750793348592
8725	225.286777399858	2.33013754441457	1.90611360826203	1.22245470275991	0.221535723579405	0.32750793348592
8726	225.286777399858	2.33013754441457	1.90611360826203	1.22245470275991	0.221535723579405	0.32750793348592
8727	12.6569123052843	1.89732201644145	1.36194533242036	1.39309704382162	0.163590446941855	0.264464925772051
8728	12.6569123052843	1.89732201644145	1.36194533242036	1.39309704382162	0.163590446941855	0.264464925772051
8729	12.6569123052843	1.89732201644145	1.36194533242036	1.39309704382162	0.163590446941855	0.264464925772051
8730	310.951186830618	3.34292976942373	1.7953592273813	1.86198378488282	0.0626053758714753	0.13081720331353
8731	310.951186830618	3.34292976942373	1.7953592273813	1.86198378488282	0.0626053758714753	0.13081720331353
8732	310.951186830618	3.34292976942373	1.7953592273813	1.86198378488282	0.0626053758714753	0.13081720331353
8733	7.80762277237693	2.30673401431059	1.28397808715736	1.7965524781015	0.0724066944795888	0.14529771467476
8734	7.80762277237693	2.30673401431059	1.28397808715736	1.7965524781015	0.0724066944795888	0.14529771467476
8735	7.80762277237693	2.30673401431059	1.28397808715736	1.7965524781015	0.0724066944795888	0.14529771467476
8736	53.1699161549099	-4.19791554551672	0.870212378654586	-4.82401267608605	1.40698469552515e-06	6.28847050634936e-05
8737	53.1699161549099	-4.19791554551672	0.870212378654586	-4.82401267608605	1.40698469552515e-06	6.28847050634936e-05
8738	3.84858965411033	-2.69571961786037	1.27454871234273	-2.11503851657848	0.0344266646873675	0.0858622278426031
8739	3.84858965411033	-2.69571961786037	1.27454871234273	-2.11503851657848	0.0344266646873675	0.0858622278426031
8740	5.59060397470844	-2.53575030669389	1.06731165929294	-2.37582929467269	0.0175095611770972	0.0527144590673383
8741	5.59060397470844	-2.53575030669389	1.06731165929294	-2.37582929467269	0.0175095611770972	0.0527144590673383
8742	26.2978041254829	-5.38349984869003	1.40215754325633	-3.83944006476444	0.00012331522765208	0.00127882458305861
8743	26.2978041254829	-5.38349984869003	1.40215754325633	-3.83944006476444	0.00012331522765208	0.00127882458305861
8744	20.0865794409113	-5.24716976861019	1.19118788160423	-4.40498921256955	1.05789142132188e-05	0.00022440121058343
8745	20.0865794409113	-5.24716976861019	1.19118788160423	-4.40498921256955	1.05789142132188e-05	0.00022440121058343
8746	31.5524281548219	-5.01880723518354	1.06875632278412	-4.69593220474198	2.65393561013574e-06	8.91722365005609e-05
8747	31.5524281548219	-5.01880723518354	1.06875632278412	-4.69593220474198	2.65393561013574e-06	8.91722365005609e-05
8748	37.0180520913621	-2.5637175657889	0.708764884929844	-3.61716222163385	0.00029785064366397	0.00259737259947087
8749	37.0180520913621	-2.5637175657889	0.708764884929844	-3.61716222163385	0.00029785064366397	0.00259737259947087
8750	25.4946272538047	-4.74707375479495	1.05271940096281	-4.50934384837335	6.50284380859892e-06	0.000169639403702581
8751	25.4946272538047	-4.74707375479495	1.05271940096281	-4.50934384837335	6.50284380859892e-06	0.000169639403702581
8752	28.0480510358988	-4.09557665418275	0.897393208809904	-4.56385964811811	5.02216599891865e-06	0.000141564410707774
8753	28.0480510358988	-4.09557665418275	0.897393208809904	-4.56385964811811	5.02216599891865e-06	0.000141564410707774
8754	0.102062072615966	0.0151395672302882	2.09688988419048	0.00722001061878979	0.99423931504784	NA
8755	0.102062072615966	0.0151395672302882	2.09688988419048	0.00722001061878979	0.99423931504784	NA
8756	0.204124145231932	-0.289902072294537	2.0984847144607	-0.138148288761322	0.890123222704436	NA
8757	0.204124145231932	-0.289902072294537	2.0984847144607	-0.138148288761322	0.890123222704436	NA
8758	6.22000858510538	-1.63615563704383	0.901815746657483	-1.81429038371544	0.0696330312644416	0.141169955256409
8759	6.22000858510538	-1.63615563704383	0.901815746657483	-1.81429038371544	0.0696330312644416	0.141169955256409
8760	0	NA	NA	NA	NA	NA
8761	0	NA	NA	NA	NA	NA
8762	1.54297729479789	-2.79400755251868	1.6395409094695	-1.70414018728128	0.0883549003098271	0.167914290181572
8763	1.54297729479789	-2.79400755251868	1.6395409094695	-1.70414018728128	0.0883549003098271	0.167914290181572
8764	7.48666991764072	-5.03222326329237	1.39759203405284	-3.6006381981869	0.000317437047489343	0.0027077296059177
8765	7.48666991764072	-5.03222326329237	1.39759203405284	-3.6006381981869	0.000317437047489343	0.0027077296059177
8766	4.16362945484263	-4.24602462437821	1.40021328145318	-3.03241276212691	0.00242607211328924	0.0123359598980809
8767	4.16362945484263	-4.24602462437821	1.40021328145318	-3.03241276212691	0.00242607211328924	0.0123359598980809
8768	1.17973693786281	-2.34927159821038	1.81186296654521	-1.29660556100988	0.194766938080339	NA
8769	1.17973693786281	-2.34927159821038	1.81186296654521	-1.29660556100988	0.194766938080339	NA
8770	4.45776946713212	-4.35031586536447	1.43816578372418	-3.02490569209564	0.00248710665781846	0.0126157584092241
8771	4.45776946713212	-4.35031586536447	1.43816578372418	-3.02490569209564	0.00248710665781846	0.0126157584092241
8772	3.29007873482772	-3.92455805944465	1.42313517395508	-2.75768467484209	0.00582123212052722	0.0234862391029917
8773	3.29007873482772	-3.92455805944465	1.42313517395508	-2.75768467484209	0.00582123212052722	0.0234862391029917
8774	9.75612792630879	-5.38050498890471	1.37097677850412	-3.92457777058442	8.6881988727608e-05	0.00099158791482596
8775	9.75612792630879	-5.38050498890471	1.37097677850412	-3.92457777058442	8.6881988727608e-05	0.00099158791482596
8776	198.219108941188	-2.40295437598007	1.21208422110757	-1.98249786123304	0.0474235465240277	0.108781483015247
8777	1.57150436434149	-2.74615936339145	1.68774366171072	-1.6271187536903	0.103711878755661	0.189058112315006
8778	1.57150436434149	-2.74615936339145	1.68774366171072	-1.6271187536903	0.103711878755661	0.189058112315006
8779	0.431688240575743	0.300911269897379	2.10125340962322	0.143205606957866	0.886127801753767	NA
8780	0.431688240575743	0.300911269897379	2.10125340962322	0.143205606957866	0.886127801753767	NA
8781	1.32867891070254	-0.443943755878198	1.52786060272776	-0.290565615138977	0.771383561047814	NA
8782	1.32867891070254	-0.443943755878198	1.52786060272776	-0.290565615138977	0.771383561047814	NA
8783	0.436775360007456	-0.717854028375714	2.10172648415553	-0.341554447635058	0.732686223085295	NA
8784	0.436775360007456	-0.717854028375714	2.10172648415553	-0.341554447635058	0.732686223085295	NA
8785	2.27199817033713	-0.899784431708677	1.2659946703323	-0.710733190900794	0.477249587783009	0.580494720153096
8786	2.27199817033713	-0.899784431708677	1.2659946703323	-0.710733190900794	0.477249587783009	0.580494720153096
8787	15.4126396229888	-4.8992057621535	1.18565359273204	-4.13207178908344	3.5950809321811e-05	0.000500422376778399
8788	15.4126396229888	-4.8992057621535	1.18565359273204	-4.13207178908344	3.5950809321811e-05	0.000500422376778399
8789	2.80320832185977	-2.44661374154828	1.36085210591073	-1.7978542494968	0.0722001078027099	0.145230101902003
8790	2.80320832185977	-2.44661374154828	1.36085210591073	-1.7978542494968	0.0722001078027099	0.145230101902003
8791	0	NA	NA	NA	NA	NA
8792	0	NA	NA	NA	NA	NA
8793	0.664339455351268	-0.218000059103391	2.01088723535044	-0.108409887571543	0.913670558214857	NA
8794	0.664339455351268	-0.218000059103391	2.01088723535044	-0.108409887571543	0.913670558214857	NA
8795	0.669426574782981	-1.18312895308249	2.12141177000729	-0.557708300580618	0.577043588664145	NA
8796	0.669426574782981	-1.18312895308249	2.12141177000729	-0.557708300580618	0.577043588664145	NA
8797	2.56359802095755	-3.61597250268422	1.48040859143504	-2.44255033617379	0.0145838956892048	0.0459142625556687
8798	2.56359802095755	-3.61597250268422	1.48040859143504	-2.44255033617379	0.0145838956892048	0.0459142625556687
8799	3.26155166528413	-3.93858549481092	1.41893366502681	-2.77573616856607	0.00550768820443191	0.0226122096369639
8800	3.26155166528413	-3.93858549481092	1.41893366502681	-2.77573616856607	0.00550768820443191	0.0226122096369639
8801	2416.99505150619	0.841292649666487	0.446476738845566	1.88429222951632	0.0595254579193203	0.126796929969983
8802	2416.99505150619	0.841292649666487	0.446476738845566	1.88429222951632	0.0595254579193203	0.126796929969983
8803	2416.99505150619	0.841292649666487	0.446476738845566	1.88429222951632	0.0595254579193203	0.126796929969983
8804	46.1702665290294	1.5855742741616	1.5032014598978	1.05479825323573	0.29151760367502	0.398710171801081
8805	46.1702665290294	1.5855742741616	1.5032014598978	1.05479825323573	0.29151760367502	0.398710171801081
8806	46.1702665290294	1.5855742741616	1.5032014598978	1.05479825323573	0.29151760367502	0.398710171801081
8807	6209.74309220062	0.129588936541275	0.421557596335394	0.307405056077256	0.758535080196273	0.823085702217209
8808	6209.74309220062	0.129588936541275	0.421557596335394	0.307405056077256	0.758535080196273	0.823085702217209
8809	6209.74309220062	0.129588936541275	0.421557596335394	0.307405056077256	0.758535080196273	0.823085702217209
8810	1363.63774197802	2.57621103667016	0.541795291732202	4.75495279487133	1.98492791059597e-06	7.84206898715288e-05
8811	1363.63774197802	2.57621103667016	0.541795291732202	4.75495279487133	1.98492791059597e-06	7.84206898715288e-05
8812	1363.63774197802	2.57621103667016	0.541795291732202	4.75495279487133	1.98492791059597e-06	7.84206898715288e-05
8813	5.17646989339349	2.86264761161384	0.993120940936394	2.88247633658263	0.00394562770485143	0.0178381446290377
8814	5.17646989339349	2.86264761161384	0.993120940936394	2.88247633658263	0.00394562770485143	0.0178381446290377
8815	10.7076257777601	-2.68224929413674	0.874171646622305	-3.06833252313848	0.00215256947247748	0.0112307972477086
8816	10.7076257777601	-2.68224929413674	0.874171646622305	-3.06833252313848	0.00215256947247748	0.0112307972477086
8817	5.12714418569605	3.19320810289294	1.00933115651773	3.16368724206408	0.00155784106629296	0.0088657621658949
8818	5.12714418569605	3.19320810289294	1.00933115651773	3.16368724206408	0.00155784106629296	0.0088657621658949
8819	5.4839767672204	2.62809361385305	0.898881674418357	2.92373700415421	0.00345856822620673	0.0164734466669903
8820	5.4839767672204	2.62809361385305	0.898881674418357	2.92373700415421	0.00345856822620673	0.0164734466669903
8821	23.6853013098771	5.50629115697637	1.05710918299766	5.20881971847232	1.90045653871206e-07	2.72001434705839e-05
8822	23.6853013098771	5.50629115697637	1.05710918299766	5.20881971847232	1.90045653871206e-07	2.72001434705839e-05
8823	0.659252335919554	0.693501941428492	2.12273943425933	0.326701398313859	0.743893742536631	NA
8824	0.659252335919554	0.693501941428492	2.12273943425933	0.326701398313859	0.743893742536631	NA
8825	3.14919167345302	1.52446373837478	1.17973590899573	1.29220762608854	0.19628525141686	0.302309518133778
8826	3.14919167345302	1.52446373837478	1.17973590899573	1.29220762608854	0.19628525141686	0.302309518133778
8827	6.31389206590461	-3.70038620462676	1.2016807045958	-3.07934228324938	0.00207458181573397	0.0109738584711369
8828	6.31389206590461	-3.70038620462676	1.2016807045958	-3.07934228324938	0.00207458181573397	0.0109738584711369
8829	3.22913445193613	1.28519299346488	0.983286906168262	1.30703763611895	0.191199929665652	0.29612621809687
8830	3.22913445193613	1.28519299346488	0.983286906168262	1.30703763611895	0.191199929665652	0.29612621809687
8831	0.436775360007456	-0.717854028375714	2.10172648415553	-0.341554447635058	0.732686223085295	NA
8832	0.436775360007456	-0.717854028375714	2.10172648415553	-0.341554447635058	0.732686223085295	NA
8833	0.227564095343811	1.16277842171323	2.09495177282485	0.555038276678481	0.578868479644751	NA
8834	0.227564095343811	1.16277842171323	2.09495177282485	0.555038276678481	0.578868479644751	NA
8835	2.68211842749597	0.115844887195963	1.10239743906162	0.105084503184779	0.916308755882749	0.939345075593738
8836	2.68211842749597	0.115844887195963	1.10239743906162	0.105084503184779	0.916308755882749	0.939345075593738
8837	0.873550720014913	-1.7477027830362	2.0124501450409	-0.86844525681439	0.3851506285872	NA
8838	0.873550720014913	-1.7477027830362	2.0124501450409	-0.86844525681439	0.3851506285872	NA
8839	0.669426574782981	-1.18312895308249	2.12141177000729	-0.557708300580618	0.577043588664145	NA
8840	0.669426574782981	-1.18312895308249	2.12141177000729	-0.557708300580618	0.577043588664145	NA
8841	0.204124145231932	-0.289902072294537	2.0984847144607	-0.138148288761322	0.890123222704436	NA
8842	0.204124145231932	-0.289902072294537	2.0984847144607	-0.138148288761322	0.890123222704436	NA
8843	0.455128190687622	1.46332915655147	2.09860405196263	0.697286920409284	0.485623251838368	NA
8844	0.455128190687622	1.46332915655147	2.09860405196263	0.697286920409284	0.485623251838368	NA
8845	0	NA	NA	NA	NA	NA
8846	0	NA	NA	NA	NA	NA
8847	0	NA	NA	NA	NA	NA
8848	0	NA	NA	NA	NA	NA
8849	0	NA	NA	NA	NA	NA
8850	0	NA	NA	NA	NA	NA
8851	0.102062072615966	0.0151395672302882	2.09688988419048	0.00722001061878979	0.99423931504784	NA
8852	0.102062072615966	0.0151395672302882	2.09688988419048	0.00722001061878979	0.99423931504784	NA
8853	0	NA	NA	NA	NA	NA
8854	0	NA	NA	NA	NA	NA
8855	0	NA	NA	NA	NA	NA
8856	0	NA	NA	NA	NA	NA
8857	0.102062072615966	0.0151395672302882	2.09688988419048	0.00722001061878979	0.99423931504784	NA
8858	0.102062072615966	0.0151395672302882	2.09688988419048	0.00722001061878979	0.99423931504784	NA
8859	1.47762088354226	0.920863931502366	1.58145146605739	0.582290352417903	0.560371122767603	NA
8860	1.47762088354226	0.920863931502366	1.58145146605739	0.582290352417903	0.560371122767603	NA
8861	0.334713287391491	-0.530109587478167	2.10015201911518	-0.252414864568474	0.800720411785564	NA
8862	0.334713287391491	-0.530109587478167	2.10015201911518	-0.252414864568474	0.800720411785564	NA
8863	0.910256381375245	1.8949507654303	2.11458035208375	0.896135615543281	0.370180337336823	NA
8864	0.910256381375245	1.8949507654303	2.11458035208375	0.896135615543281	0.370180337336823	NA
8865	0.232651214775525	-0.19316414502161	2.0980365678857	-0.0920690077467387	0.926643212073756	NA
8866	0.232651214775525	-0.19316414502161	2.0980365678857	-0.0920690077467387	0.926643212073756	NA
8867	0.102062072615966	0.0151395672302882	2.09688988419048	0.00722001061878979	0.99423931504784	NA
8868	0.102062072615966	0.0151395672302882	2.09688988419048	0.00722001061878979	0.99423931504784	NA
8869	0	NA	NA	NA	NA	NA
8870	0	NA	NA	NA	NA	NA
8871	0	NA	NA	NA	NA	NA
8872	0	NA	NA	NA	NA	NA
8873	0	NA	NA	NA	NA	NA
8874	0	NA	NA	NA	NA	NA
8875	0	NA	NA	NA	NA	NA
8876	0	NA	NA	NA	NA	NA
8877	0	NA	NA	NA	NA	NA
8878	0	NA	NA	NA	NA	NA
8879	0.204124145231932	-0.289902072294537	2.0984847144607	-0.138148288761322	0.890123222704436	NA
8880	0.204124145231932	-0.289902072294537	2.0984847144607	-0.138148288761322	0.890123222704436	NA
8881	0	NA	NA	NA	NA	NA
8882	0	NA	NA	NA	NA	NA
8883	0	NA	NA	NA	NA	NA
8884	0	NA	NA	NA	NA	NA
8885	0	NA	NA	NA	NA	NA
8886	0	NA	NA	NA	NA	NA
8887	0	NA	NA	NA	NA	NA
8888	0	NA	NA	NA	NA	NA
8889	0	NA	NA	NA	NA	NA
8890	0	NA	NA	NA	NA	NA
8891	0	NA	NA	NA	NA	NA
8892	0	NA	NA	NA	NA	NA
8893	0.891903550695079	0.313143053340604	1.82650082124636	0.171444244479958	0.863874467683476	NA
8894	0.891903550695079	0.313143053340604	1.82650082124636	0.171444244479958	0.863874467683476	NA
8895	36.8032385188007	-6.93382243192552	1.40732289643418	-4.92695915734347	8.35192041058002e-07	4.678748415685e-05
8896	36.8032385188007	-6.93382243192552	1.40732289643418	-4.92695915734347	8.35192041058002e-07	4.678748415685e-05
8897	7.25908329223418	-2.41578704186769	0.946884329513293	-2.55130111099148	0.0107321559078233	0.0362339668913648
8898	7.25908329223418	-2.41578704186769	0.946884329513293	-2.55130111099148	0.0107321559078233	0.0362339668913648
8899	0.102062072615966	0.0151395672302882	2.09688988419048	0.00722001061878979	0.99423931504784	NA
8900	0.102062072615966	0.0151395672302882	2.09688988419048	0.00722001061878979	0.99423931504784	NA
8901	0.102062072615966	0.0151395672302882	2.09688988419048	0.00722001061878979	0.99423931504784	NA
8902	0.102062072615966	0.0151395672302882	2.09688988419048	0.00722001061878979	0.99423931504784	NA
8903	0.102062072615966	0.0151395672302882	2.09688988419048	0.00722001061878979	0.99423931504784	NA
8904	0.102062072615966	0.0151395672302882	2.09688988419048	0.00722001061878979	0.99423931504784	NA
8905	0.664339455351268	-0.218000059103391	2.01088723535044	-0.108409887571543	0.913670558214857	NA
8906	0.664339455351268	-0.218000059103391	2.01088723535044	-0.108409887571543	0.913670558214857	NA
8907	4.29421859700219	-4.26976884632608	1.40573262399806	-3.03739756297494	0.00238630496280843	0.0121632049075187
8908	4.29421859700219	-4.26976884632608	1.40573262399806	-3.03739756297494	0.00238630496280843	0.0121632049075187
8909	0	NA	NA	NA	NA	NA
8910	0	NA	NA	NA	NA	NA
8911	0	NA	NA	NA	NA	NA
8912	0	NA	NA	NA	NA	NA
8913	0.102062072615966	0.0151395672302882	2.09688988419048	0.00722001061878979	0.99423931504784	NA
8914	0.102062072615966	0.0151395672302882	2.09688988419048	0.00722001061878979	0.99423931504784	NA
8915	0.329626167959777	0.605654192809648	2.0991405715485	0.288524837744843	0.772945020734111	NA
8916	0.329626167959777	0.605654192809648	2.0991405715485	0.288524837744843	0.772945020734111	NA
8917	0	NA	NA	NA	NA	NA
8918	0	NA	NA	NA	NA	NA
8919	0.232651214775525	-0.19316414502161	2.0980365678857	-0.0920690077467387	0.926643212073756	NA
8920	0.232651214775525	-0.19316414502161	2.0980365678857	-0.0920690077467387	0.926643212073756	NA
8921	2.56347434060584	1.33669653343931	1.26254934432077	1.05872815145964	0.289723603218894	0.397270366803577
8922	2.56347434060584	1.33669653343931	1.26254934432077	1.05872815145964	0.289723603218894	0.397270366803577
8923	2.23516882862509	1.97992239167142	1.21023889626503	1.63597649834404	0.101844506128014	0.186544668878176
8924	2.23516882862509	1.97992239167142	1.21023889626503	1.63597649834404	0.101844506128014	0.186544668878176
8925	1.77495351850575	2.3093891284749	1.42809610716693	1.61711044297732	0.105854443070389	0.19148609689632
8926	1.77495351850575	2.3093891284749	1.42809610716693	1.61711044297732	0.105854443070389	0.19148609689632
8927	6.15220636637607	-0.361110245107456	0.767311009815304	-0.470617833561879	0.63791367008577	0.718101692404244
8928	6.15220636637607	-0.361110245107456	0.767311009815304	-0.470617833561879	0.63791367008577	0.718101692404244
8929	9.31426544686962	-4.23940094830382	1.18910107439626	-3.56521496749658	0.000363558080744303	0.00299349180481094
8930	9.31426544686962	-4.23940094830382	1.18910107439626	-3.56521496749658	0.000363558080744303	0.00299349180481094
8931	7.48664738757799	-2.06168724516443	0.879125690863632	-2.34515640549541	0.0190190993890863	0.0559704259524137
8932	7.48664738757799	-2.06168724516443	0.879125690863632	-2.34515640549541	0.0190190993890863	0.0559704259524137
8933	0.538837432623422	-0.864822990680704	2.10272243892331	-0.411287279134916	0.680861896192882	NA
8934	0.538837432623422	-0.864822990680704	2.10272243892331	-0.411287279134916	0.680861896192882	NA
8935	10.0042857970794	5.51972277364676	1.25066664702873	4.41342446187418	1.01748229780133e-05	0.000218031920957427
8936	10.0042857970794	5.51972277364676	1.25066664702873	4.41342446187418	1.01748229780133e-05	0.000218031920957427
8937	26.6210284733913	4.53716940714637	0.909871086901132	4.98660686383519	6.14489244583785e-07	4.33760913590248e-05
8938	26.6210284733913	4.53716940714637	0.909871086901132	4.98660686383519	6.14489244583785e-07	4.33760913590248e-05
8939	1.32867891070254	-0.443943755878198	1.52786060272776	-0.290565615138977	0.771383561047814	NA
8940	1.32867891070254	-0.443943755878198	1.52786060272776	-0.290565615138977	0.771383561047814	NA
8941	0.204124145231932	-0.289902072294537	2.0984847144607	-0.138148288761322	0.890123222704436	NA
8942	0.204124145231932	-0.289902072294537	2.0984847144607	-0.138148288761322	0.890123222704436	NA
8943	1.78889422082187	-0.215353325105986	1.33650700119757	-0.161131460525848	0.871989862072451	0.90550914786153
8944	1.78889422082187	-0.215353325105986	1.33650700119757	-0.161131460525848	0.871989862072451	0.90550914786153
8945	0.227564095343811	1.16277842171323	2.09495177282485	0.555038276678481	0.578868479644751	NA
8946	0.227564095343811	1.16277842171323	2.09495177282485	0.555038276678481	0.578868479644751	NA
8947	1.57968295615823	0.738754927346836	1.45908170326254	0.506314982701079	0.612635546664738	0.695612137332224
8948	1.57968295615823	0.738754927346836	1.45908170326254	0.506314982701079	0.612635546664738	0.695612137332224
8949	2.27576463378982	-1.41427719879431	1.27110279224534	-1.1126379451154	0.26586395681265	0.372597639787815
8950	2.27576463378982	-1.41427719879431	1.27110279224534	-1.1126379451154	0.26586395681265	0.372597639787815
8951	1.43582810275021	-1.47721095800229	1.52247730292126	-0.970267967323967	0.331912939752242	NA
8952	1.43582810275021	-1.47721095800229	1.52247730292126	-0.970267967323967	0.331912939752242	NA
8953	3.0289004505086	-3.84678634332646	1.43053328042223	-2.68905756753248	0.0071654061068069	0.0272844112861188
8954	3.0289004505086	-3.84678634332646	1.43053328042223	-2.68905756753248	0.0071654061068069	0.0272844112861188
8955	0.664339455351268	-0.218000059103391	2.01088723535044	-0.108409887571543	0.913670558214857	NA
8956	0.664339455351268	-0.218000059103391	2.01088723535044	-0.108409887571543	0.913670558214857	NA
8957	0.970525673199165	-0.879241494083832	1.78417221075644	-0.492800800720383	0.622153344900128	NA
8958	0.970525673199165	-0.879241494083832	1.78417221075644	-0.492800800720383	0.622153344900128	NA
8959	0.431688240575743	0.300911269897379	2.10125340962322	0.143205606957866	0.886127801753767	NA
8960	0.431688240575743	0.300911269897379	2.10125340962322	0.143205606957866	0.886127801753767	NA
8961	0	NA	NA	NA	NA	NA
8962	0	NA	NA	NA	NA	NA
8963	0	NA	NA	NA	NA	NA
8964	0	NA	NA	NA	NA	NA
8965	3.88718981222837	-1.68042408370697	1.0703374576836	-1.56999465135389	0.116416355618403	0.204495480383643
8966	3.88718981222837	-1.68042408370697	1.0703374576836	-1.56999465135389	0.116416355618403	0.204495480383643
8967	4.77211174673402	0.0522260164670702	0.839400572228052	0.0622182283345897	0.950389046500328	0.964628805051082
8968	4.77211174673402	0.0522260164670702	0.839400572228052	0.0622182283345897	0.950389046500328	0.964628805051082
8969	0.102062072615966	0.0151395672302882	2.09688988419048	0.00722001061878979	0.99423931504784	NA
8970	0.102062072615966	0.0151395672302882	2.09688988419048	0.00722001061878979	0.99423931504784	NA
8971	0.102062072615966	0.0151395672302882	2.09688988419048	0.00722001061878979	0.99423931504784	NA
8972	0.102062072615966	0.0151395672302882	2.09688988419048	0.00722001061878979	0.99423931504784	NA
8973	0	NA	NA	NA	NA	NA
8974	0	NA	NA	NA	NA	NA
8975	0.102062072615966	0.0151395672302882	2.09688988419048	0.00722001061878979	0.99423931504784	NA
8976	0.102062072615966	0.0151395672302882	2.09688988419048	0.00722001061878979	0.99423931504784	NA
8977	9.88644038160861	1.29701697837715	0.762672380603381	1.70062140882961	0.0890141013874877	0.168709036925744
8978	9.88644038160861	1.29701697837715	0.762672380603381	1.70062140882961	0.0890141013874877	0.168709036925744
8979	0.766401527967233	-0.465278789480739	1.92404318179707	-0.241823465233334	0.808916955819756	NA
8980	0.766401527967233	-0.465278789480739	1.92404318179707	-0.241823465233334	0.808916955819756	NA
8981	3.92885891266871	2.0046314671603	1.24579121884498	1.60912313141753	0.107589420230565	0.194021281652372
8982	3.92885891266871	2.0046314671603	1.24579121884498	1.60912313141753	0.107589420230565	0.194021281652372
8983	1.45041446997769	1.53543666574195	1.49866647636395	1.0245352718286	0.305582519751191	NA
8984	1.45041446997769	1.53543666574195	1.49866647636395	1.0245352718286	0.305582519751191	NA
8985	0.640899505239388	-1.11512100132872	2.12268220907098	-0.525335821143369	0.599349759901581	NA
8986	0.640899505239388	-1.11512100132872	2.12268220907098	-0.525335821143369	0.599349759901581	NA
8987	1.22285037463388	1.07582595899395	1.63535799168721	0.657853488020694	0.510632280475417	NA
8988	1.22285037463388	1.07582595899395	1.63535799168721	0.657853488020694	0.510632280475417	NA
8989	3.23554222734686	1.12874260219952	1.03066487781983	1.09515966488269	0.273446693115376	0.381300169682796
8990	3.23554222734686	1.12874260219952	1.03066487781983	1.09515966488269	0.273446693115376	0.381300169682796
8991	2.51859008742877	-3.5578691160862	1.46284612277793	-2.43215541312701	0.015009265600977	0.046284078945744
8992	2.51859008742877	-3.5578691160862	1.46284612277793	-2.43215541312701	0.015009265600977	0.046284078945744
8993	1.10111481535872	-1.0550769181078	1.67162404110264	-0.631168786859426	0.527930168423654	NA
8994	1.10111481535872	-1.0550769181078	1.67162404110264	-0.631168786859426	0.527930168423654	NA
8995	1.53280305593447	-0.731862459738575	1.44334620843763	-0.507059536693411	0.612113045082671	0.695394857816397
8996	1.53280305593447	-0.731862459738575	1.44334620843763	-0.507059536693411	0.612113045082671	0.695394857816397
8997	0.436775360007456	-0.717854028375714	2.10172648415553	-0.341554447635058	0.732686223085295	NA
8998	0.436775360007456	-0.717854028375714	2.10172648415553	-0.341554447635058	0.732686223085295	NA
8999	0.334713287391491	-0.530109587478167	2.10015201911518	-0.252414864568474	0.800720411785564	NA
9000	0.334713287391491	-0.530109587478167	2.10015201911518	-0.252414864568474	0.800720411785564	NA
9001	1.1245547654706	-0.0958364160127469	1.67572833733718	-0.057190902533185	0.954393125027233	NA
9002	1.1245547654706	-0.0958364160127469	1.67572833733718	-0.057190902533185	0.954393125027233	NA
9003	0	NA	NA	NA	NA	NA
9004	0	NA	NA	NA	NA	NA
9005	13.8433468772376	3.33333692799856	0.820675513422023	4.06169901926199	4.87168610986783e-05	0.000641413218227113
9006	13.8433468772376	3.33333692799856	0.820675513422023	4.06169901926199	4.87168610986783e-05	0.000641413218227113
9007	0	NA	NA	NA	NA	NA
9008	0	NA	NA	NA	NA	NA
9009	0	NA	NA	NA	NA	NA
9010	0	NA	NA	NA	NA	NA
9011	0.102062072615966	0.0151395672302882	2.09688988419048	0.00722001061878979	0.99423931504784	NA
9012	0.102062072615966	0.0151395672302882	2.09688988419048	0.00722001061878979	0.99423931504784	NA
9013	0	NA	NA	NA	NA	NA
9014	0	NA	NA	NA	NA	NA
9015	0	NA	NA	NA	NA	NA
9016	0	NA	NA	NA	NA	NA
9017	0	NA	NA	NA	NA	NA
9018	0	NA	NA	NA	NA	NA
9019	2.07164048855789	-1.24359549130933	1.2947197132079	-0.960513289959956	0.336796945554911	0.442844487732229
9020	2.07164048855789	-1.24359549130933	1.2947197132079	-0.960513289959956	0.336796945554911	0.442844487732229
9021	0.873550720014913	-1.7477027830362	2.0124501450409	-0.86844525681439	0.3851506285872	NA
9022	0.873550720014913	-1.7477027830362	2.0124501450409	-0.86844525681439	0.3851506285872	NA
9023	1.07767486524684	-2.17633120654209	1.87040749752695	-1.16355992446546	0.244602400160686	NA
9024	1.07767486524684	-2.17633120654209	1.87040749752695	-1.16355992446546	0.244602400160686	NA
9025	4.81083558520378	-2.57635187039947	1.15520335037806	-2.23021502626037	0.0257331711700476	0.0685931559184257
9026	4.81083558520378	-2.57635187039947	1.15520335037806	-2.23021502626037	0.0257331711700476	0.0685931559184257
9027	3.27990449596429	-1.95419936972224	1.15129319280279	-1.69739505274482	0.0896219972653267	0.169250174691714
9028	3.27990449596429	-1.95419936972224	1.15129319280279	-1.69739505274482	0.0896219972653267	0.169250174691714
9029	0.886816431263365	1.1594675477146	2.03060525861534	0.570996033224714	0.568002331771835	NA
9030	0.886816431263365	1.1594675477146	2.03060525861534	0.570996033224714	0.568002331771835	NA
9031	0.46530242955105	-0.73806087475055	2.10187461749905	-0.351144101844069	0.725480243379624	NA
9032	0.46530242955105	-0.73806087475055	2.10187461749905	-0.351144101844069	0.725480243379624	NA
9033	5.97660929068773	-0.2419319976594	0.780041906066683	-0.310152564596597	0.756444940939053	0.821797400916715
9034	5.97660929068773	-0.2419319976594	0.780041906066683	-0.310152564596597	0.756444940939053	0.821797400916715
9035	60.121577989637	-4.49998147968423	0.959588107211201	-4.68949275826509	2.7388312634227e-06	8.97087750766152e-05
9036	60.121577989637	-4.49998147968423	0.959588107211201	-4.68949275826509	2.7388312634227e-06	8.97087750766152e-05
9037	4.97503891633864	-3.38270415084422	1.22323807070973	-2.76536859981929	0.00568585071460718	0.0231630771873316
9038	4.97503891633864	-3.38270415084422	1.22323807070973	-2.76536859981929	0.00568585071460718	0.0231630771873316
9039	4.59023057598666	-2.46242832880422	1.09763507629366	-2.24339435025983	0.0248713958991957	0.0676115616677166
9040	4.59023057598666	-2.46242832880422	1.09763507629366	-2.24339435025983	0.0248713958991957	0.0676115616677166
9041	15.9526965613023	-3.4021777675994	0.918745642960496	-3.70306819266809	0.000213007595314016	0.00194485195721493
9042	15.9526965613023	-3.4021777675994	0.918745642960496	-3.70306819266809	0.000213007595314016	0.00194485195721493
9043	0.204124145231932	-0.289902072294537	2.0984847144607	-0.138148288761322	0.890123222704436	NA
9044	0.204124145231932	-0.289902072294537	2.0984847144607	-0.138148288761322	0.890123222704436	NA
9045	0.455128190687622	1.46332915655147	2.09860405196263	0.697286920409284	0.485623251838368	NA
9046	0.455128190687622	1.46332915655147	2.09860405196263	0.697286920409284	0.485623251838368	NA
9047	0.204124145231932	-0.289902072294537	2.0984847144607	-0.138148288761322	0.890123222704436	NA
9048	0.204124145231932	-0.289902072294537	2.0984847144607	-0.138148288761322	0.890123222704436	NA
9049	0.227564095343811	1.16277842171323	2.09495177282485	0.555038276678481	0.578868479644751	NA
9050	0.227564095343811	1.16277842171323	2.09495177282485	0.555038276678481	0.578868479644751	NA
9051	0.102062072615966	0.0151395672302882	2.09688988419048	0.00722001061878979	0.99423931504784	NA
9052	0.102062072615966	0.0151395672302882	2.09688988419048	0.00722001061878979	0.99423931504784	NA
9053	0.102062072615966	0.0151395672302882	2.09688988419048	0.00722001061878979	0.99423931504784	NA
9054	0.102062072615966	0.0151395672302882	2.09688988419048	0.00722001061878979	0.99423931504784	NA
9055	0.659252335919554	0.693501941428492	2.12273943425933	0.326701398313859	0.743893742536631	NA
9056	0.659252335919554	0.693501941428492	2.12273943425933	0.326701398313859	0.743893742536631	NA
9057	0.102062072615966	0.0151395672302882	2.09688988419048	0.00722001061878979	0.99423931504784	NA
9058	0.102062072615966	0.0151395672302882	2.09688988419048	0.00722001061878979	0.99423931504784	NA
9059	0.567364502167016	-0.883997508371301	2.10283931084895	-0.420382814707044	0.674205820337934	NA
9060	0.567364502167016	-0.883997508371301	2.10283931084895	-0.420382814707044	0.674205820337934	NA
9061	0.896990670126792	-0.671851961788102	1.83207637872	-0.366716131266044	0.713830772624265	NA
9062	0.896990670126792	-0.671851961788102	1.83207637872	-0.366716131266044	0.713830772624265	NA
9063	1.68174502877419	0.556249791669837	1.38091887729374	0.402811345993001	0.687087013775545	0.761014097536205
9064	1.68174502877419	0.556249791669837	1.38091887729374	0.402811345993001	0.687087013775545	0.761014097536205
9065	0.993965623311044	0.070477634208762	1.74486433211095	0.0403914693605419	0.967781031164989	NA
9066	0.993965623311044	0.070477634208762	1.74486433211095	0.0403914693605419	0.967781031164989	NA
9067	0.102062072615966	0.0151395672302882	2.09688988419048	0.00722001061878979	0.99423931504784	NA
9068	0.102062072615966	0.0151395672302882	2.09688988419048	0.00722001061878979	0.99423931504784	NA
9069	0.102062072615966	0.0151395672302882	2.09688988419048	0.00722001061878979	0.99423931504784	NA
9070	0.102062072615966	0.0151395672302882	2.09688988419048	0.00722001061878979	0.99423931504784	NA
9071	0.102062072615966	0.0151395672302882	2.09688988419048	0.00722001061878979	0.99423931504784	NA
9072	0.102062072615966	0.0151395672302882	2.09688988419048	0.00722001061878979	0.99423931504784	NA
9073	0.204124145231932	-0.289902072294537	2.0984847144607	-0.138148288761322	0.890123222704436	NA
9074	0.204124145231932	-0.289902072294537	2.0984847144607	-0.138148288761322	0.890123222704436	NA
9075	0	NA	NA	NA	NA	NA
9076	0	NA	NA	NA	NA	NA
9077	0	NA	NA	NA	NA	NA
9078	0	NA	NA	NA	NA	NA
9079	0.227564095343811	1.16277842171323	2.09495177282485	0.555038276678481	0.578868479644751	NA
9080	0.227564095343811	1.16277842171323	2.09495177282485	0.555038276678481	0.578868479644751	NA
9081	0.682692286031433	1.64314472634155	2.10054577766674	0.782246568397445	0.434069681442436	NA
9082	0.682692286031433	1.64314472634155	2.10054577766674	0.782246568397445	0.434069681442436	NA
9083	16.890352797723	7.14244701852696	1.43551033137038	4.97554553418546	6.50641370385372e-07	4.33760913590248e-05
9084	16.890352797723	7.14244701852696	1.43551033137038	4.97554553418546	6.50641370385372e-07	4.33760913590248e-05
9085	0	NA	NA	NA	NA	NA
9086	0	NA	NA	NA	NA	NA
9087	1.10620193479044	-2.19338494381761	1.8563452695987	-1.18156087649135	0.237379984981971	NA
9088	1.10620193479044	-2.19338494381761	1.8563452695987	-1.18156087649135	0.237379984981971	NA
9089	0.204124145231932	-0.289902072294537	2.0984847144607	-0.138148288761322	0.890123222704436	NA
9090	0.204124145231932	-0.289902072294537	2.0984847144607	-0.138148288761322	0.890123222704436	NA
9091	27.6816180562897	-4.53223160708364	1.01969888259761	-4.44467644755881	8.80242394477856e-06	0.00019876441165629
9092	27.6816180562897	-4.53223160708364	1.01969888259761	-4.44467644755881	8.80242394477856e-06	0.00019876441165629
9093	0	NA	NA	NA	NA	NA
9094	0	NA	NA	NA	NA	NA
9095	0.329626167959777	0.605654192809648	2.0991405715485	0.288524837744843	0.772945020734111	NA
9096	0.329626167959777	0.605654192809648	2.0991405715485	0.288524837744843	0.772945020734111	NA
9097	0	NA	NA	NA	NA	NA
9098	0	NA	NA	NA	NA	NA
9099	4.03092098528468	1.82718658183164	1.24498420768234	1.46763836083762	0.142202482118763	0.239283022795995
9100	4.03092098528468	1.82718658183164	1.24498420768234	1.46763836083762	0.142202482118763	0.239283022795995
9101	4.03092098528468	1.82718658183164	1.24498420768234	1.46763836083762	0.142202482118763	0.239283022795995
9102	7.17911118759475	0.72478948328447	0.719273167154558	1.00766929225476	0.313613251561392	0.42230703961457
9103	7.17911118759475	0.72478948328447	0.719273167154558	1.00766929225476	0.313613251561392	0.42230703961457
9104	1.17973693786281	-2.34927159821038	1.81186296654521	-1.29660556100988	0.194766938080339	NA
9105	1.17973693786281	-2.34927159821038	1.81186296654521	-1.29660556100988	0.194766938080339	NA
9106	0.533750313191708	0.0508251107301774	2.10370273380308	0.0241598349013387	0.980725115876254	NA
9107	0.533750313191708	0.0508251107301774	2.10370273380308	0.0241598349013387	0.980725115876254	NA
9108	1.32867891070254	-0.443943755878198	1.52786060272776	-0.290565615138977	0.771383561047814	NA
9109	1.32867891070254	-0.443943755878198	1.52786060272776	-0.290565615138977	0.771383561047814	NA
9110	36.1863491775905	2.99514529515028	1.26443769525326	2.36875672592976	0.0178479887999159	0.0535057480083131
9111	36.1863491775905	2.99514529515028	1.26443769525326	2.36875672592976	0.0178479887999159	0.0535057480083131
9112	1.43582810275021	-1.47721095800229	1.52247730292126	-0.970267967323967	0.331912939752242	NA
9113	1.43582810275021	-1.47721095800229	1.52247730292126	-0.970267967323967	0.331912939752242	NA
9114	5.67740468902926	-1.26392002617404	0.852109537549589	-1.48328351048469	0.137999101516445	0.232863088135424
9115	5.67740468902926	-1.26392002617404	0.852109537549589	-1.48328351048469	0.137999101516445	0.232863088135424
9116	27.4623179690825	-5.61489102588275	1.23597349333523	-4.54288951677367	5.54883370057909e-06	0.000154338420810809
9117	27.4623179690825	-5.61489102588275	1.23597349333523	-4.54288951677367	5.54883370057909e-06	0.000154338420810809
9118	40.9034217931146	-5.0514447669932	1.07063449107323	-4.71817862128608	2.37965518518534e-06	8.41496519674237e-05
9119	40.9034217931146	-5.0514447669932	1.07063449107323	-4.71817862128608	2.37965518518534e-06	8.41496519674237e-05
9120	3.76864687562722	-1.54375971721618	1.0603413146919	-1.45590829653256	0.145417971862928	0.243747336062469
9121	3.76864687562722	-1.54375971721618	1.0603413146919	-1.45590829653256	0.145417971862928	0.243747336062469
9122	0.863376481151485	0.223848322028114	2.05804537432383	0.108767437696391	0.913386951504722	NA
9123	0.863376481151485	0.223848322028114	2.05804537432383	0.108767437696391	0.913386951504722	NA
9124	3.04725328118877	-1.85697068366636	1.17122690216361	-1.58549182932528	0.112854631877138	0.200418373735299
9125	3.04725328118877	-1.85697068366636	1.17122690216361	-1.58549182932528	0.112854631877138	0.200418373735299
9126	7.89998279747357	-2.56156652460716	0.937296414583843	-2.7329311034914	0.0062773461647866	0.0247093288585789
9127	7.89998279747357	-2.56156652460716	0.937296414583843	-2.7329311034914	0.0062773461647866	0.0247093288585789
9128	0.232651214775525	-0.19316414502161	2.0980365678857	-0.0920690077467387	0.926643212073756	NA
9129	0.232651214775525	-0.19316414502161	2.0980365678857	-0.0920690077467387	0.926643212073756	NA
9130	84.5331942457501	3.37526552229791	0.794901883359407	4.24614105584125	2.17483743587059e-05	0.00033215699020569
9131	84.5331942457501	3.37526552229791	0.794901883359407	4.24614105584125	2.17483743587059e-05	0.00033215699020569
9132	0.436775360007456	-0.717854028375714	2.10172648415553	-0.341554447635058	0.732686223085295	NA
9133	0.436775360007456	-0.717854028375714	2.10172648415553	-0.341554447635058	0.732686223085295	NA
9134	1.22793749406559	-0.153096584992846	1.80358435156025	-0.0848846270264014	0.932353113528383	NA
9135	1.22793749406559	-0.153096584992846	1.80358435156025	-0.0848846270264014	0.932353113528383	NA
9136	1.34194462195099	1.89474130920968	1.790480276102	1.0582307632758	0.28995024938075	NA
9137	1.34194462195099	1.89474130920968	1.790480276102	1.0582307632758	0.28995024938075	NA
9138	0.863376481151485	0.223848322028114	2.05804537432383	0.108767437696391	0.913386951504722	NA
9139	0.863376481151485	0.223848322028114	2.05804537432383	0.108767437696391	0.913386951504722	NA
9140	0.431688240575743	0.300911269897379	2.10125340962322	0.143205606957866	0.886127801753767	NA
9141	0.431688240575743	0.300911269897379	2.10125340962322	0.143205606957866	0.886127801753767	NA
9142	0.102062072615966	0.0151395672302882	2.09688988419048	0.00722001061878979	0.99423931504784	NA
9143	0.102062072615966	0.0151395672302882	2.09688988419048	0.00722001061878979	0.99423931504784	NA
9144	0.873550720014913	-1.7477027830362	2.0124501450409	-0.86844525681439	0.3851506285872	NA
9145	0.873550720014913	-1.7477027830362	2.0124501450409	-0.86844525681439	0.3851506285872	NA
9146	1.07767486524684	-2.17633120654209	1.87040749752695	-1.16355992446546	0.244602400160686	NA
9147	1.07767486524684	-2.17633120654209	1.87040749752695	-1.16355992446546	0.244602400160686	NA
9148	0	NA	NA	NA	NA	NA
9149	0	NA	NA	NA	NA	NA
9150	1.1245547654706	-0.0958364160127469	1.67572833733718	-0.057190902533185	0.954393125027233	NA
9151	1.1245547654706	-0.0958364160127469	1.67572833733718	-0.057190902533185	0.954393125027233	NA
9152	4.64728471507385	-2.44532414120508	1.12107886107807	-2.18122402098775	0.0291668509594634	0.075804934424348
9153	4.64728471507385	-2.44532414120508	1.12107886107807	-2.18122402098775	0.0291668509594634	0.075804934424348
9154	3.52846273394631	-0.67952697666547	1.09560173503348	-0.620231745657743	0.535105223992878	0.631836362319395
9155	3.52846273394631	-0.67952697666547	1.09560173503348	-0.620231745657743	0.535105223992878	0.631836362319395
9156	4.8792609387817	-0.280932187027367	0.842626237680803	-0.333400711329128	0.738831826283585	0.806207760558861
9157	4.8792609387817	-0.280932187027367	0.842626237680803	-0.333400711329128	0.738831826283585	0.806207760558861
9158	1.98925190260111	0.251505787748102	1.22782459537351	0.20483853206377	0.837698281030505	0.878485088721129
9159	1.98925190260111	0.251505787748102	1.22782459537351	0.20483853206377	0.837698281030505	0.878485088721129
9160	0.873550720014913	-1.7477027830362	2.0124501450409	-0.86844525681439	0.3851506285872	NA
9161	0.873550720014913	-1.7477027830362	2.0124501450409	-0.86844525681439	0.3851506285872	NA
9162	628.396943625313	2.99801770339857	1.96552110767433	1.52530425223768	0.12718322766673	0.219589356459916
9163	628.396943625313	2.99801770339857	1.96552110767433	1.52530425223768	0.12718322766673	0.219589356459916
9164	628.396943625313	2.99801770339857	1.96552110767433	1.52530425223768	0.12718322766673	0.219589356459916
9165	626.609921371186	3.04294425341469	1.96833200688351	1.54595070484711	0.122116473488253	0.213082338450629
9166	626.609921371186	3.04294425341469	1.96833200688351	1.54595070484711	0.122116473488253	0.213082338450629
9167	626.609921371186	3.04294425341469	1.96833200688351	1.54595070484711	0.122116473488253	0.213082338450629
9168	223.234851253299	2.67985282827503	2.00114870570231	1.33915726534402	0.180519481210595	0.28460278569238
9169	223.234851253299	2.67985282827503	2.00114870570231	1.33915726534402	0.180519481210595	0.28460278569238
9170	223.234851253299	2.67985282827503	2.00114870570231	1.33915726534402	0.180519481210595	0.28460278569238
9171	0.538837432623422	-0.864822990680704	2.10272243892331	-0.411287279134916	0.680861896192882	NA
9172	0.538837432623422	-0.864822990680704	2.10272243892331	-0.411287279134916	0.680861896192882	NA
9173	1.33376603013425	-1.33979669262574	1.57164661062102	-0.852479611874284	0.393947950192337	NA
9174	1.33376603013425	-1.33979669262574	1.57164661062102	-0.852479611874284	0.393947950192337	NA
9175	1.55756366202537	0.230274594178905	1.459059061823	0.157824038933141	0.874595455721732	0.90550914786153
9176	1.55756366202537	0.230274594178905	1.459059061823	0.157824038933141	0.874595455721732	0.90550914786153
9177	2.96486469523199	-0.778116068946308	1.06627448744924	-0.729752121151969	0.465541715450351	0.567733799329697
9178	2.96486469523199	-0.778116068946308	1.06627448744924	-0.729752121151969	0.465541715450351	0.567733799329697
9179	2.0767276079896	-2.08522381638947	1.36735327495179	-1.52500736611977	0.127257260386532	0.219589356459916
9180	2.0767276079896	-2.08522381638947	1.36735327495179	-1.52500736611977	0.127257260386532	0.219589356459916
9181	14.3614668540826	-0.840397967699587	0.652607522133479	-1.28775403163021	0.197831598517587	0.304244860407859
9182	14.3614668540826	-0.840397967699587	0.652607522133479	-1.28775403163021	0.197831598517587	0.304244860407859
9183	11.7910108972873	-0.907437598476996	0.699876070001906	-1.29656897466794	0.194779533262539	0.300983826233504
9184	11.7910108972873	-0.907437598476996	0.699876070001906	-1.29656897466794	0.194779533262539	0.300983826233504
9185	11.4797375600077	-0.696481034704714	0.687160310341305	-1.01356411920645	0.310790786061367	0.419516048859997
9186	11.4797375600077	-0.696481034704714	0.687160310341305	-1.01356411920645	0.310790786061367	0.419516048859997
9187	5.84350251692184	-2.84329445840403	1.08362404534347	-2.62387538429236	0.00869355863479654	0.0310056495884957
9188	5.84350251692184	-2.84329445840403	1.08362404534347	-2.62387538429236	0.00869355863479654	0.0310056495884957
9189	7.71553213890082	-1.91437296673447	0.901905841534682	-2.12258628181959	0.0337885355054201	0.0847741034186167
9190	7.71553213890082	-1.91437296673447	0.901905841534682	-2.12258628181959	0.0337885355054201	0.0847741034186167
9191	0	NA	NA	NA	NA	NA
9192	0	NA	NA	NA	NA	NA
9193	9.5937965618689	-3.02654162226802	0.951165094321023	-3.18193091855255	0.00146296708917766	0.00848252279824141
9194	9.5937965618689	-3.02654162226802	0.951165094321023	-3.18193091855255	0.00146296708917766	0.00848252279824141
9195	3.00157035659232	1.11856763853989	1.00115620377523	1.11727583999571	0.263876402284273	0.371954169086525
9196	3.00157035659232	1.11856763853989	1.00115620377523	1.11727583999571	0.263876402284273	0.371954169086525
9197	6.2763877331249	-0.194421505616732	0.789656004020869	-0.246210381009898	0.8055193799854	0.85218674960672
9198	6.2763877331249	-0.194421505616732	0.789656004020869	-0.246210381009898	0.8055193799854	0.85218674960672
9199	2.76074055000006	-0.584521502052941	1.09393213638921	-0.534330679764376	0.593112769642809	0.684172928453666
9200	2.76074055000006	-0.584521502052941	1.09393213638921	-0.534330679764376	0.593112769642809	0.684172928453666
9201	0.227564095343811	1.16277842171323	2.09495177282485	0.555038276678481	0.578868479644751	NA
9202	0.227564095343811	1.16277842171323	2.09495177282485	0.555038276678481	0.578868479644751	NA
9203	0	NA	NA	NA	NA	NA
9204	0	NA	NA	NA	NA	NA
9205	0	NA	NA	NA	NA	NA
9206	0	NA	NA	NA	NA	NA
9207	0	NA	NA	NA	NA	NA
9208	0	NA	NA	NA	NA	NA
9209	0.232651214775525	-0.19316414502161	2.0980365678857	-0.0920690077467387	0.926643212073756	NA
9210	0.232651214775525	-0.19316414502161	2.0980365678857	-0.0920690077467387	0.926643212073756	NA
9211	0.232651214775525	-0.19316414502161	2.0980365678857	-0.0920690077467387	0.926643212073756	NA
9212	0.232651214775525	-0.19316414502161	2.0980365678857	-0.0920690077467387	0.926643212073756	NA
9213	0.102062072615966	0.0151395672302882	2.09688988419048	0.00722001061878979	0.99423931504784	NA
9214	0.102062072615966	0.0151395672302882	2.09688988419048	0.00722001061878979	0.99423931504784	NA
9215	0.784754358647399	1.5234629717844	2.0917513508276	0.728319344066225	0.466418123607769	NA
9216	0.784754358647399	1.5234629717844	2.0917513508276	0.728319344066225	0.466418123607769	NA
9217	0.784754358647399	1.5234629717844	2.0917513508276	0.728319344066225	0.466418123607769	NA
9218	0.784754358647399	1.5234629717844	2.0917513508276	0.728319344066225	0.466418123607769	NA
9219	12.6380799880208	5.58117876839458	1.28825119434686	4.33236840213	1.47513836669581e-05	0.000258044126934739
9220	12.6380799880208	5.58117876839458	1.28825119434686	4.33236840213	1.47513836669581e-05	0.000258044126934739
9221	0.988878503879331	0.844018285054542	1.97308379919926	0.427766061125772	0.668821448486019	NA
9222	0.988878503879331	0.844018285054542	1.97308379919926	0.427766061125772	0.668821448486019	NA
9223	0.76131440853552	0.44849010424205	2.0995768011383	0.213609763643273	0.830851384848037	NA
9224	0.76131440853552	0.44849010424205	2.0995768011383	0.213609763643273	0.830851384848037	NA
9225	0	NA	NA	NA	NA	NA
9226	0	NA	NA	NA	NA	NA
9227	0.102062072615966	0.0151395672302882	2.09688988419048	0.00722001061878979	0.99423931504784	NA
9228	0.102062072615966	0.0151395672302882	2.09688988419048	0.00722001061878979	0.99423931504784	NA
9229	0	NA	NA	NA	NA	NA
9230	0	NA	NA	NA	NA	NA
9231	0	NA	NA	NA	NA	NA
9232	0	NA	NA	NA	NA	NA
9233	0.227564095343811	1.16277842171323	2.09495177282485	0.555038276678481	0.578868479644751	NA
9234	0.227564095343811	1.16277842171323	2.09495177282485	0.555038276678481	0.578868479644751	NA
9235	0.102062072615966	0.0151395672302882	2.09688988419048	0.00722001061878979	0.99423931504784	NA
9236	0.102062072615966	0.0151395672302882	2.09688988419048	0.00722001061878979	0.99423931504784	NA
9237	0	NA	NA	NA	NA	NA
9238	0	NA	NA	NA	NA	NA
9239	2.79744621136039	1.50357400515686	1.06501112982103	1.41179182363054	0.158011266664325	0.258027729389644
9240	2.79744621136039	1.50357400515686	1.06501112982103	1.41179182363054	0.158011266664325	0.258027729389644
9241	7.40296067570492	-3.19081493426332	1.10005417769576	-2.90059798777092	0.0037245136872698	0.017133578846148
9242	7.40296067570492	-3.19081493426332	1.10005417769576	-2.90059798777092	0.0037245136872698	0.017133578846148
9243	10.0128715522011	-5.32530773858245	1.41789426134243	-3.75578622734575	0.000172798145738427	0.00166839588988826
9244	10.0128715522011	-5.32530773858245	1.41789426134243	-3.75578622734575	0.000172798145738427	0.00166839588988826
9245	5.98426589794483	-4.74583329814323	1.37737931520471	-3.44555290307803	0.000569892403067375	0.00421399312127284
9246	5.98426589794483	-4.74583329814323	1.37737931520471	-3.44555290307803	0.000569892403067375	0.00421399312127284
9247	4.5718777453065	-4.3902974247075	1.38972869313417	-3.15910396496623	0.00158255024997926	0.00895783160365621
9248	4.5718777453065	-4.3902974247075	1.38972869313417	-3.15910396496623	0.00158255024997926	0.00895783160365621
9249	10.1713353028993	-4.34205863587184	1.18680090496357	-3.65862430481137	0.000253572743676803	0.00225636763441223
9250	10.1713353028993	-4.34205863587184	1.18680090496357	-3.65862430481137	0.000253572743676803	0.00225636763441223
9251	1.46744664467883	2.70006186933712	1.78827364943582	1.50987063427846	0.131076437122961	NA
9252	1.46744664467883	2.70006186933712	1.78827364943582	1.50987063427846	0.131076437122961	NA
9253	8.68213834213926	2.65649121209318	0.773836854634498	3.43288277908127	0.000597200232530128	0.00433951726059955
9254	8.68213834213926	2.65649121209318	0.773836854634498	3.43288277908127	0.000597200232530128	0.00433951726059955
9255	2.15026261106197	-2.17438631880588	1.37839185850881	-1.5774805294905	0.114684998739811	0.202130505542261
9256	2.15026261106197	-2.17438631880588	1.37839185850881	-1.5774805294905	0.114684998739811	0.202130505542261
9257	2.19337604783304	-0.079273509949291	1.17773219055776	-0.067310302448087	0.94633467532376	0.962607322925598
9258	2.19337604783304	-0.079273509949291	1.17773219055776	-0.067310302448087	0.94633467532376	0.962607322925598
9259	0.204124145231932	-0.289902072294537	2.0984847144607	-0.138148288761322	0.890123222704436	NA
9260	0.204124145231932	-0.289902072294537	2.0984847144607	-0.138148288761322	0.890123222704436	NA
9261	0.204124145231932	-0.289902072294537	2.0984847144607	-0.138148288761322	0.890123222704436	NA
9262	0.204124145231932	-0.289902072294537	2.0984847144607	-0.138148288761322	0.890123222704436	NA
9263	0	NA	NA	NA	NA	NA
9264	0	NA	NA	NA	NA	NA
9265	0.557190263303588	0.93792212795813	2.1015277568334	0.446304896477504	0.655377019783103	NA
9266	0.557190263303588	0.93792212795813	2.1015277568334	0.446304896477504	0.655377019783103	NA
9267	0.771488647398947	-1.48375308003281	2.08084128814171	-0.713054421059606	0.47581208212865	NA
9268	0.771488647398947	-1.48375308003281	2.08084128814171	-0.713054421059606	0.47581208212865	NA
9269	2.77400626124851	0.925330092188311	1.02718602262346	0.900839839920128	0.367673481583815	0.47509558417852
9270	2.77400626124851	0.925330092188311	1.02718602262346	0.900839839920128	0.367673481583815	0.47509558417852
9271	0	NA	NA	NA	NA	NA
9272	0	NA	NA	NA	NA	NA
9273	174.001901561487	3.39125891500392	1.14661135099456	2.95763591740339	0.00310008044469985	0.0151399277531853
9274	174.001901561487	3.39125891500392	1.14661135099456	2.95763591740339	0.00310008044469985	0.0151399277531853
9275	6.29097410035237	0.477251480408457	0.755998222122973	0.631286511584979	0.527853204750039	0.624326516460198
9276	6.29097410035237	0.477251480408457	0.755998222122973	0.631286511584979	0.527853204750039	0.624326516460198
9277	4.8153488638568	-1.85809305261289	1.17654597194696	-1.57927790066554	0.114272328512525	0.201978770122752
9278	4.8153488638568	-1.85809305261289	1.17654597194696	-1.57927790066554	0.114272328512525	0.201978770122752
9279	3.78644839559143	-1.90997825151611	1.12521076390935	-1.69744043762986	0.0896134229232216	0.169250174691714
9280	3.78644839559143	-1.90997825151611	1.12521076390935	-1.69744043762986	0.0896134229232216	0.169250174691714
9281	6.40069278022543	-2.03023604948353	0.936939998324218	-2.16687947266073	0.030244045549631	0.0771719266758506
9282	6.40069278022543	-2.03023604948353	0.936939998324218	-2.16687947266073	0.030244045549631	0.0771719266758506
9283	3.36670521028512	-0.598494980120011	1.08786400873934	-0.550156062993176	0.582212336481927	0.671968071784582
9284	3.36670521028512	-0.598494980120011	1.08786400873934	-0.550156062993176	0.582212336481927	0.671968071784582
9285	0.334713287391491	-0.530109587478167	2.10015201911518	-0.252414864568474	0.800720411785564	NA
9286	0.334713287391491	-0.530109587478167	2.10015201911518	-0.252414864568474	0.800720411785564	NA
9287	0.102062072615966	0.0151395672302882	2.09688988419048	0.00722001061878979	0.99423931504784	NA
9288	0.102062072615966	0.0151395672302882	2.09688988419048	0.00722001061878979	0.99423931504784	NA
9289	22.7724350057036	-1.92893721609406	0.674204671959638	-2.86105584300895	0.00422232672341522	0.0187262642432354
9290	22.7724350057036	-1.92893721609406	0.674204671959638	-2.86105584300895	0.00422232672341522	0.0187262642432354
9291	3.93162390497846	-0.560560713156207	0.980747495675822	-0.571564766290768	0.567616871093315	0.658925057653931
9292	3.93162390497846	-0.560560713156207	0.980747495675822	-0.571564766290768	0.567616871093315	0.658925057653931
9293	0.742961577855354	-1.40391491330835	2.10237748146545	-0.667774900409302	0.504277290617022	NA
9294	0.742961577855354	-1.40391491330835	2.10237748146545	-0.667774900409302	0.504277290617022	NA
9295	1.40353456975393	-0.646042587359039	1.67189173646699	-0.386414127941229	0.699189988560574	NA
9296	1.40353456975393	-0.646042587359039	1.67189173646699	-0.386414127941229	0.699189988560574	NA
9297	1.21644259922314	1.21284785831332	1.84553104620809	0.657180956562765	0.511064568926309	NA
9298	1.21644259922314	1.21284785831332	1.84553104620809	0.657180956562765	0.511064568926309	NA
9299	0.436775360007456	-0.717854028375714	2.10172648415553	-0.341554447635058	0.732686223085295	NA
9300	0.436775360007456	-0.717854028375714	2.10172648415553	-0.341554447635058	0.732686223085295	NA
9301	0	NA	NA	NA	NA	NA
9302	0	NA	NA	NA	NA	NA
9303	0.102062072615966	0.0151395672302882	2.09688988419048	0.00722001061878979	0.99423931504784	NA
9304	0.102062072615966	0.0151395672302882	2.09688988419048	0.00722001061878979	0.99423931504784	NA
9305	0	NA	NA	NA	NA	NA
9306	0	NA	NA	NA	NA	NA
9307	0	NA	NA	NA	NA	NA
9308	0	NA	NA	NA	NA	NA
9309	0	NA	NA	NA	NA	NA
9310	0	NA	NA	NA	NA	NA
9311	0.76263506451454	0.90825854165857	2.11893950545205	0.428638259526341	0.668186498014633	NA
9312	0.76263506451454	0.90825854165857	2.11893950545205	0.428638259526341	0.668186498014633	NA
9313	1.94613846583004	-2.01242900126662	1.39837621760993	-1.43911844031946	0.150116968213599	0.247348476460226
9314	1.94613846583004	-2.01242900126662	1.39837621760993	-1.43911844031946	0.150116968213599	0.247348476460226
9315	1.10111481535872	-1.0550769181078	1.67162404110264	-0.631168786859426	0.527930168423654	NA
9316	1.10111481535872	-1.0550769181078	1.67162404110264	-0.631168786859426	0.527930168423654	NA
9317	0	NA	NA	NA	NA	NA
9318	0	NA	NA	NA	NA	NA
9319	0.227564095343811	1.16277842171323	2.09495177282485	0.555038276678481	0.578868479644751	NA
9320	0.227564095343811	1.16277842171323	2.09495177282485	0.555038276678481	0.578868479644751	NA
9321	0.557190263303588	0.93792212795813	2.1015277568334	0.446304896477504	0.655377019783103	NA
9322	0.557190263303588	0.93792212795813	2.1015277568334	0.446304896477504	0.655377019783103	NA
9323	0.102062072615966	0.0151395672302882	2.09688988419048	0.00722001061878979	0.99423931504784	NA
9324	0.102062072615966	0.0151395672302882	2.09688988419048	0.00722001061878979	0.99423931504784	NA
9325	0.102062072615966	0.0151395672302882	2.09688988419048	0.00722001061878979	0.99423931504784	NA
9326	0.102062072615966	0.0151395672302882	2.09688988419048	0.00722001061878979	0.99423931504784	NA
9327	0.334713287391491	-0.530109587478167	2.10015201911518	-0.252414864568474	0.800720411785564	NA
9328	0.334713287391491	-0.530109587478167	2.10015201911518	-0.252414864568474	0.800720411785564	NA
9329	0.232651214775525	-0.19316414502161	2.0980365678857	-0.0920690077467387	0.926643212073756	NA
9330	0.232651214775525	-0.19316414502161	2.0980365678857	-0.0920690077467387	0.926643212073756	NA
9331	4.66628321066537	0.482138942388411	0.839103523526764	0.574588151366561	0.565569867284364	0.657275440673583
9332	4.66628321066537	0.482138942388411	0.839103523526764	0.574588151366561	0.565569867284364	0.657275440673583
9333	2.85639484720529	-0.221925775381727	1.09156468249128	-0.20330977993464	0.838892911878924	0.878930479046446
9334	2.85639484720529	-0.221925775381727	1.09156468249128	-0.20330977993464	0.838892911878924	0.878930479046446
9335	5.28309710088152	-2.10101220921414	0.994867271112072	-2.11185177181033	0.0346991651062763	0.0864392013323609
9336	5.28309710088152	-2.10101220921414	0.994867271112072	-2.11185177181033	0.0346991651062763	0.0864392013323609
9337	0	NA	NA	NA	NA	NA
9338	0	NA	NA	NA	NA	NA
9339	0.102062072615966	0.0151395672302882	2.09688988419048	0.00722001061878979	0.99423931504784	NA
9340	0.102062072615966	0.0151395672302882	2.09688988419048	0.00722001061878979	0.99423931504784	NA
9341	0	NA	NA	NA	NA	NA
9342	0	NA	NA	NA	NA	NA
9343	0	NA	NA	NA	NA	NA
9344	0	NA	NA	NA	NA	NA
9345	0.102062072615966	0.0151395672302882	2.09688988419048	0.00722001061878979	0.99423931504784	NA
9346	0.102062072615966	0.0151395672302882	2.09688988419048	0.00722001061878979	0.99423931504784	NA
9347	0.102062072615966	0.0151395672302882	2.09688988419048	0.00722001061878979	0.99423931504784	NA
9348	0.102062072615966	0.0151395672302882	2.09688988419048	0.00722001061878979	0.99423931504784	NA
9349	0	NA	NA	NA	NA	NA
9350	0	NA	NA	NA	NA	NA
9351	0.102062072615966	0.0151395672302882	2.09688988419048	0.00722001061878979	0.99423931504784	NA
9352	0.102062072615966	0.0151395672302882	2.09688988419048	0.00722001061878979	0.99423931504784	NA
9353	0.306186217847897	-0.511379433977429	2.09997323508663	-0.243517119853355	0.807604824481893	NA
9354	0.306186217847897	-0.511379433977429	2.09997323508663	-0.243517119853355	0.807604824481893	NA
9355	0.102062072615966	0.0151395672302882	2.09688988419048	0.00722001061878979	0.99423931504784	NA
9356	0.102062072615966	0.0151395672302882	2.09688988419048	0.00722001061878979	0.99423931504784	NA
9357	0	NA	NA	NA	NA	NA
9358	0	NA	NA	NA	NA	NA
9359	0	NA	NA	NA	NA	NA
9360	0	NA	NA	NA	NA	NA
9361	0.659252335919554	0.693501941428492	2.12273943425933	0.326701398313859	0.743893742536631	NA
9362	0.659252335919554	0.693501941428492	2.12273943425933	0.326701398313859	0.743893742536631	NA
9363	0	NA	NA	NA	NA	NA
9364	0	NA	NA	NA	NA	NA
9365	0.873550720014913	-1.7477027830362	2.0124501450409	-0.86844525681439	0.3851506285872	NA
9366	0.873550720014913	-1.7477027830362	2.0124501450409	-0.86844525681439	0.3851506285872	NA
9367	0.455128190687622	1.46332915655147	2.09860405196263	0.697286920409284	0.485623251838368	NA
9368	0.455128190687622	1.46332915655147	2.09860405196263	0.697286920409284	0.485623251838368	NA
9369	4.70057239070834	-2.13511793305435	1.1740039870321	-1.81866327256005	0.0689628182602878	0.14033131622733
9370	4.70057239070834	-2.13511793305435	1.1740039870321	-1.81866327256005	0.0689628182602878	0.14033131622733
9371	0.766401527967233	-0.465278789480739	1.92404318179707	-0.241823465233334	0.808916955819756	NA
9372	0.766401527967233	-0.465278789480739	1.92404318179707	-0.241823465233334	0.808916955819756	NA
9373	0.232651214775525	-0.19316414502161	2.0980365678857	-0.0920690077467387	0.926643212073756	NA
9374	0.232651214775525	-0.19316414502161	2.0980365678857	-0.0920690077467387	0.926643212073756	NA
9375	5.66281832180179	-2.23913965919689	0.982752914100383	-2.27843604131829	0.0227006111045982	0.0637540862027661
9376	5.66281832180179	-2.23913965919689	0.982752914100383	-2.27843604131829	0.0227006111045982	0.0637540862027661
9377	0.204124145231932	-0.289902072294537	2.0984847144607	-0.138148288761322	0.890123222704436	NA
9378	0.204124145231932	-0.289902072294537	2.0984847144607	-0.138148288761322	0.890123222704436	NA
9379	0.204124145231932	-0.289902072294537	2.0984847144607	-0.138148288761322	0.890123222704436	NA
9380	0.204124145231932	-0.289902072294537	2.0984847144607	-0.138148288761322	0.890123222704436	NA
9381	1.07767486524684	-2.17633120654209	1.87040749752695	-1.16355992446546	0.244602400160686	NA
9382	1.07767486524684	-2.17633120654209	1.87040749752695	-1.16355992446546	0.244602400160686	NA
9383	0	NA	NA	NA	NA	NA
9384	0	NA	NA	NA	NA	NA
9385	0	NA	NA	NA	NA	NA
9386	0	NA	NA	NA	NA	NA
9387	0.204124145231932	-0.289902072294537	2.0984847144607	-0.138148288761322	0.890123222704436	NA
9388	0.204124145231932	-0.289902072294537	2.0984847144607	-0.138148288761322	0.890123222704436	NA
9389	0	NA	NA	NA	NA	NA
9390	0	NA	NA	NA	NA	NA
9391	0	NA	NA	NA	NA	NA
9392	0	NA	NA	NA	NA	NA
9393	0	NA	NA	NA	NA	NA
9394	0	NA	NA	NA	NA	NA
9395	0.232651214775525	-0.19316414502161	2.0980365678857	-0.0920690077467387	0.926643212073756	NA
9396	0.232651214775525	-0.19316414502161	2.0980365678857	-0.0920690077467387	0.926643212073756	NA
9397	6.13133590408958	-4.78807497456676	1.38686014377754	-3.45245697343711	0.000555506062587072	0.00412212979304895
9398	6.13133590408958	-4.78807497456676	1.38686014377754	-3.45245697343711	0.000555506062587072	0.00412212979304895
9399	1.07767486524684	-2.17633120654209	1.87040749752695	-1.16355992446546	0.244602400160686	NA
9400	1.07767486524684	-2.17633120654209	1.87040749752695	-1.16355992446546	0.244602400160686	NA
9401	2.30429170333341	-1.39055169075375	1.24785671880921	-1.11435204843126	0.265128186129943	0.371954169086525
9402	2.30429170333341	-1.39055169075375	1.24785671880921	-1.11435204843126	0.265128186129943	0.371954169086525
9403	0.567364502167016	-0.883997508371301	2.10283931084895	-0.420382814707044	0.674205820337934	NA
9404	0.567364502167016	-0.883997508371301	2.10283931084895	-0.420382814707044	0.674205820337934	NA
9405	0.102062072615966	0.0151395672302882	2.09688988419048	0.00722001061878979	0.99423931504784	NA
9406	0.102062072615966	0.0151395672302882	2.09688988419048	0.00722001061878979	0.99423931504784	NA
9407	2.77268560526949	0.656431253783865	1.14815966314141	0.571724712909566	0.567508489321353	0.658925057653931
9408	2.77268560526949	0.656431253783865	1.14815966314141	0.571724712909566	0.567508489321353	0.658925057653931
9409	0.334713287391491	-0.530109587478167	2.10015201911518	-0.252414864568474	0.800720411785564	NA
9410	0.334713287391491	-0.530109587478167	2.10015201911518	-0.252414864568474	0.800720411785564	NA
9411	9.16464848296222	-2.43796732481368	0.895045686100262	-2.72384679650932	0.00645264311083932	0.02525731692966
9412	9.16464848296222	-2.43796732481368	0.895045686100262	-2.72384679650932	0.00645264311083932	0.02525731692966
9413	2.47988877902175	-1.56425380594604	1.25814288610306	-1.24330377989985	0.213755911850935	0.318472802332007
9414	2.47988877902175	-1.56425380594604	1.25814288610306	-1.24330377989985	0.213755911850935	0.318472802332007
9415	4.69737976803434	-3.27804699718035	1.22372962400264	-2.67873469178456	0.0073900922772887	0.0278371188920292
9416	4.69737976803434	-3.27804699718035	1.22372962400264	-2.67873469178456	0.0073900922772887	0.0278371188920292
9417	1.6779785653215	1.88936643477752	1.40995268852084	1.34002115826994	0.18023846625894	0.284480104580063
9418	1.6779785653215	1.88936643477752	1.40995268852084	1.34002115826994	0.18023846625894	0.284480104580063
9419	2.42979372606126	-0.816970504274773	1.16467921174554	-0.701455384483387	0.48301886852974	0.58513967344243
9420	2.42979372606126	-0.816970504274773	1.16467921174554	-0.701455384483387	0.48301886852974	0.58513967344243
9421	2.19714251128573	-0.66445204449453	1.2076229299261	-0.550214829504099	0.582172033365964	0.671968071784582
9422	2.19714251128573	-0.66445204449453	1.2076229299261	-0.550214829504099	0.582172033365964	0.671968071784582
9423	0	NA	NA	NA	NA	NA
9424	0	NA	NA	NA	NA	NA
9425	0.102062072615966	0.0151395672302882	2.09688988419048	0.00722001061878979	0.99423931504784	NA
9426	0.102062072615966	0.0151395672302882	2.09688988419048	0.00722001061878979	0.99423931504784	NA
9427	0	NA	NA	NA	NA	NA
9428	0	NA	NA	NA	NA	NA
9429	0.682692286031433	1.64314472634155	2.10054577766674	0.782246568397445	0.434069681442436	NA
9430	0.682692286031433	1.64314472634155	2.10054577766674	0.782246568397445	0.434069681442436	NA
9431	1.21776325520216	2.32715154955594	1.70928191104886	1.3614790717161	0.173362342876341	NA
9432	1.21776325520216	2.32715154955594	1.70928191104886	1.3614790717161	0.173362342876341	NA
9433	3.32169727675634	-0.476018650044271	1.02247600376066	-0.465554837759985	0.64153417598881	0.721790393558265
9434	3.32169727675634	-0.476018650044271	1.02247600376066	-0.465554837759985	0.64153417598881	0.721790393558265
9435	11.7549581960775	1.25101215603779	1.30266013084766	0.960351918672557	0.336878128167731	0.442844487732229
9436	11.7549581960775	1.25101215603779	1.30266013084766	0.960351918672557	0.336878128167731	0.442844487732229
9437	11.7549581960775	1.25101215603779	1.30266013084766	0.960351918672557	0.336878128167731	0.442844487732229
9438	0	NA	NA	NA	NA	NA
9439	0	NA	NA	NA	NA	NA
9440	2.09508043866977	-0.562873465862254	1.22804359059814	-0.458349744399624	0.646701191097448	0.726436213589002
9441	2.09508043866977	-0.562873465862254	1.22804359059814	-0.458349744399624	0.646701191097448	0.726436213589002
9442	1.10111481535872	-1.0550769181078	1.67162404110264	-0.631168786859426	0.527930168423654	NA
9443	1.10111481535872	-1.0550769181078	1.67162404110264	-0.631168786859426	0.527930168423654	NA
9444	2.61556504061302	-2.44097598730728	1.30714117183421	-1.86741573129554	0.0618435546559087	0.129676949353378
9445	2.61556504061302	-2.44097598730728	1.30714117183421	-1.86741573129554	0.0618435546559087	0.129676949353378
9446	3.29007873482772	-3.92455805944465	1.42313517395508	-2.75768467484209	0.00582123212052722	0.0234862391029917
9447	3.29007873482772	-3.92455805944465	1.42313517395508	-2.75768467484209	0.00582123212052722	0.0234862391029917
9448	1.15120986831922	-2.2311796894808	1.90176550224939	-1.17321493467085	0.24070962448048	NA
9449	1.15120986831922	-2.2311796894808	1.90176550224939	-1.17321493467085	0.24070962448048	NA
9450	2.25741180310965	-3.43362442902409	1.49491174021148	-2.29687434827312	0.0216259387076122	0.0614539530256911
9451	2.25741180310965	-3.43362442902409	1.49491174021148	-2.29687434827312	0.0216259387076122	0.0614539530256911
9452	5.43325857941129	-0.659016986312194	1.01217968601807	-0.651086951670386	0.514990359026975	0.611523751177069
9453	5.43325857941129	-0.659016986312194	1.01217968601807	-0.651086951670386	0.514990359026975	0.611523751177069
9454	4.69737976803434	-3.27804699718035	1.22372962400264	-2.67873469178456	0.0073900922772887	0.0278371188920292
9455	4.69737976803434	-3.27804699718035	1.22372962400264	-2.67873469178456	0.0073900922772887	0.0278371188920292
9456	1.32867891070254	-0.443943755878198	1.52786060272776	-0.290565615138977	0.771383561047814	NA
9457	1.32867891070254	-0.443943755878198	1.52786060272776	-0.290565615138977	0.771383561047814	NA
9458	1.56641724490977	-1.5722008163242	1.51624172370509	-1.03690644555168	0.299779459734942	0.408323189083567
9459	1.56641724490977	-1.5722008163242	1.51624172370509	-1.03690644555168	0.299779459734942	0.408323189083567
9460	0	NA	NA	NA	NA	NA
9461	0	NA	NA	NA	NA	NA
9462	3.62411703115154	-0.312811607767982	0.930925220699917	-0.33602227204973	0.736854071334995	0.80513346993599
9463	3.62411703115154	-0.312811607767982	0.930925220699917	-0.33602227204973	0.736854071334995	0.80513346993599
9464	0.227564095343811	1.16277842171323	2.09495177282485	0.555038276678481	0.578868479644751	NA
9465	0.227564095343811	1.16277842171323	2.09495177282485	0.555038276678481	0.578868479644751	NA
9466	0.227564095343811	1.16277842171323	2.09495177282485	0.555038276678481	0.578868479644751	NA
9467	0.227564095343811	1.16277842171323	2.09495177282485	0.555038276678481	0.578868479644751	NA
9468	0	NA	NA	NA	NA	NA
9469	0	NA	NA	NA	NA	NA
9470	5.13467711260144	1.61983385570516	0.839213878307236	1.93018001438739	0.0535845369728767	0.119710135790469
9471	5.13467711260144	1.61983385570516	0.839213878307236	1.93018001438739	0.0535845369728767	0.119710135790469
9472	4.64032562894715	-3.28863437340718	1.23292586394086	-2.66734154063048	0.00764539326048011	0.0285916487970174
9473	4.64032562894715	-3.28863437340718	1.23292586394086	-2.66734154063048	0.00764539326048011	0.0285916487970174
9474	0.664339455351268	-0.218000059103391	2.01088723535044	-0.108409887571543	0.913670558214857	NA
9475	0.664339455351268	-0.218000059103391	2.01088723535044	-0.108409887571543	0.913670558214857	NA
9476	0.669426574782981	-1.18312895308249	2.12141177000729	-0.557708300580618	0.577043588664145	NA
9477	0.669426574782981	-1.18312895308249	2.12141177000729	-0.557708300580618	0.577043588664145	NA
9478	1.34194462195099	1.89474130920968	1.790480276102	1.0582307632758	0.28995024938075	NA
9479	1.34194462195099	1.89474130920968	1.790480276102	1.0582307632758	0.28995024938075	NA
9480	0	NA	NA	NA	NA	NA
9481	0	NA	NA	NA	NA	NA
9482	0.436775360007456	-0.717854028375714	2.10172648415553	-0.341554447635058	0.732686223085295	NA
9483	0.436775360007456	-0.717854028375714	2.10172648415553	-0.341554447635058	0.732686223085295	NA
9484	0.102062072615966	0.0151395672302882	2.09688988419048	0.00722001061878979	0.99423931504784	NA
9485	0.102062072615966	0.0151395672302882	2.09688988419048	0.00722001061878979	0.99423931504784	NA
9486	0.669426574782981	-1.18312895308249	2.12141177000729	-0.557708300580618	0.577043588664145	NA
9487	0.669426574782981	-1.18312895308249	2.12141177000729	-0.557708300580618	0.577043588664145	NA
9488	1.53412371191349	-0.843497659171308	1.58908762219451	-0.530806261020677	0.59555304092908	0.685857628709113
9489	1.53412371191349	-0.843497659171308	1.58908762219451	-0.530806261020677	0.59555304092908	0.685857628709113
9490	0.455128190687622	1.46332915655147	2.09860405196263	0.697286920409284	0.485623251838368	NA
9491	0.455128190687622	1.46332915655147	2.09860405196263	0.697286920409284	0.485623251838368	NA
9492	0.227564095343811	1.16277842171323	2.09495177282485	0.555038276678481	0.578868479644751	NA
9493	0.227564095343811	1.16277842171323	2.09495177282485	0.555038276678481	0.578868479644751	NA
9494	2.00628407730225	1.17813205402812	1.33530352838555	0.882295320115376	0.377617126552406	0.484619218378062
9495	2.00628407730225	1.17813205402812	1.33530352838555	0.882295320115376	0.377617126552406	0.484619218378062
9496	6.25546541461935	1.68232581045866	0.790531651071821	2.12809418595413	0.0333292752782615	0.0839226355927448
9497	6.25546541461935	1.68232581045866	0.790531651071821	2.12809418595413	0.0333292752782615	0.0839226355927448
9498	0.455128190687622	1.46332915655147	2.09860405196263	0.697286920409284	0.485623251838368	NA
9499	0.455128190687622	1.46332915655147	2.09860405196263	0.697286920409284	0.485623251838368	NA
9500	0	NA	NA	NA	NA	NA
9501	0	NA	NA	NA	NA	NA
9502	2.10590034244455	3.14828181946868	1.46707309535586	2.14596111770765	0.0318760809570207	0.0807476115919705
9503	2.10590034244455	3.14828181946868	1.46707309535586	2.14596111770765	0.0318760809570207	0.0807476115919705
9504	0	NA	NA	NA	NA	NA
9505	0	NA	NA	NA	NA	NA
9506	0.640899505239388	-1.11512100132872	2.12268220907098	-0.525335821143369	0.599349759901581	NA
9507	0.640899505239388	-1.11512100132872	2.12268220907098	-0.525335821143369	0.599349759901581	NA
9508	1.02249269285464	0.0957971624594194	1.79692756663029	0.0533116438516574	0.957483602943988	NA
9509	1.02249269285464	0.0957971624594194	1.79692756663029	0.0533116438516574	0.957483602943988	NA
9510	0	NA	NA	NA	NA	NA
9511	0	NA	NA	NA	NA	NA
9512	1.89417144617457	-3.12119225849739	1.62325198885334	-1.9228020541051	0.0545049140378735	0.119853737674905
9513	1.89417144617457	-3.12119225849739	1.62325198885334	-1.9228020541051	0.0545049140378735	0.119853737674905
9514	1.07767486524684	-2.17633120654209	1.87040749752695	-1.16355992446546	0.244602400160686	NA
9515	1.07767486524684	-2.17633120654209	1.87040749752695	-1.16355992446546	0.244602400160686	NA
9516	1.28179901047878	-2.50042464510809	1.76371586956303	-1.41770264035079	0.1562775989076	NA
9517	1.28179901047878	-2.50042464510809	1.76371586956303	-1.41770264035079	0.1562775989076	NA
9518	0.538837432623422	-0.864822990680704	2.10272243892331	-0.411287279134916	0.680861896192882	NA
9519	0.538837432623422	-0.864822990680704	2.10272243892331	-0.411287279134916	0.680861896192882	NA
9520	1.44532735054597	2.68039035521783	1.60482140827418	1.67021099132789	0.094877626126986	NA
9521	1.44532735054597	2.68039035521783	1.60482140827418	1.67021099132789	0.094877626126986	NA
9522	0	NA	NA	NA	NA	NA
9523	0	NA	NA	NA	NA	NA
9524	1.10620193479044	-2.19338494381761	1.8563452695987	-1.18156087649135	0.237379984981971	NA
9525	1.10620193479044	-2.19338494381761	1.8563452695987	-1.18156087649135	0.237379984981971	NA
9526	0.102062072615966	0.0151395672302882	2.09688988419048	0.00722001061878979	0.99423931504784	NA
9527	0.102062072615966	0.0151395672302882	2.09688988419048	0.00722001061878979	0.99423931504784	NA
9528	3.8352227925729	-2.24597905164944	1.21196571964878	-1.85317044470558	0.0638579324340471	0.133301847029323
9529	3.8352227925729	-2.24597905164944	1.21196571964878	-1.85317044470558	0.0638579324340471	0.133301847029323
9530	0.766401527967233	-0.465278789480739	1.92404318179707	-0.241823465233334	0.808916955819756	NA
9531	0.766401527967233	-0.465278789480739	1.92404318179707	-0.241823465233334	0.808916955819756	NA
9532	0	NA	NA	NA	NA	NA
9533	0	NA	NA	NA	NA	NA
9534	0.329626167959777	0.605654192809648	2.0991405715485	0.288524837744843	0.772945020734111	NA
9535	0.329626167959777	0.605654192809648	2.0991405715485	0.288524837744843	0.772945020734111	NA
9536	0	NA	NA	NA	NA	NA
9537	0	NA	NA	NA	NA	NA
9538	0	NA	NA	NA	NA	NA
9539	0	NA	NA	NA	NA	NA
9540	0	NA	NA	NA	NA	NA
9541	0	NA	NA	NA	NA	NA
9542	0	NA	NA	NA	NA	NA
9543	0	NA	NA	NA	NA	NA
9544	0.227564095343811	1.16277842171323	2.09495177282485	0.555038276678481	0.578868479644751	NA
9545	0.227564095343811	1.16277842171323	2.09495177282485	0.555038276678481	0.578868479644751	NA
9546	0.562277382735302	0.0498330857396452	2.0951784918673	0.0237846493428024	0.981024384636588	NA
9547	0.562277382735302	0.0498330857396452	2.0951784918673	0.0237846493428024	0.981024384636588	NA
9548	15.7916633227787	-1.86527017128857	0.732247163124953	-2.54732317886806	0.0108552850157912	0.0365908483678354
9549	15.7916633227787	-1.86527017128857	0.732247163124953	-2.54732317886806	0.0108552850157912	0.0365908483678354
9550	0.436775360007456	-0.717854028375714	2.10172648415553	-0.341554447635058	0.732686223085295	NA
9551	0.436775360007456	-0.717854028375714	2.10172648415553	-0.341554447635058	0.732686223085295	NA
9552	1.07767486524684	-2.17633120654209	1.87040749752695	-1.16355992446546	0.244602400160686	NA
9553	1.07767486524684	-2.17633120654209	1.87040749752695	-1.16355992446546	0.244602400160686	NA
9554	1.50427598639087	-0.756529116185399	1.53556902823299	-0.492670210375336	0.622245629732104	NA
9555	1.50427598639087	-0.756529116185399	1.53556902823299	-0.492670210375336	0.622245629732104	NA
9556	0.204124145231932	-0.289902072294537	2.0984847144607	-0.138148288761322	0.890123222704436	NA
9557	0.204124145231932	-0.289902072294537	2.0984847144607	-0.138148288761322	0.890123222704436	NA
9558	0.334713287391491	-0.530109587478167	2.10015201911518	-0.252414864568474	0.800720411785564	NA
9559	0.334713287391491	-0.530109587478167	2.10015201911518	-0.252414864568474	0.800720411785564	NA
9560	0	NA	NA	NA	NA	NA
9561	0	NA	NA	NA	NA	NA
9562	0	NA	NA	NA	NA	NA
9563	0	NA	NA	NA	NA	NA
9564	2.31446594219684	-3.41453189177978	1.49113168737204	-2.28989291871165	0.0220275248395564	0.0621744652729414
9565	2.31446594219684	-3.41453189177978	1.49113168737204	-2.28989291871165	0.0220275248395564	0.0621744652729414
9566	3.69884900985122	4.19118350390571	1.31106867367868	3.19676885585698	0.00138976243915036	0.00819709912986956
9567	3.69884900985122	4.19118350390571	1.31106867367868	3.19676885585698	0.00138976243915036	0.00819709912986956
9568	0.993965623311044	0.070477634208762	1.74486433211095	0.0403914693605419	0.967781031164989	NA
9569	0.993965623311044	0.070477634208762	1.74486433211095	0.0403914693605419	0.967781031164989	NA
9570	20.1268598748172	7.41068920548744	1.38731105701298	5.34176468069345	9.20460945025834e-08	1.61080665379521e-05
9571	20.1268598748172	7.41068920548744	1.38731105701298	5.34176468069345	9.20460945025834e-08	1.61080665379521e-05
9572	55.0183863139487	2.04115996139566	1.83178550783536	1.11430074791219	0.265150186248823	0.371954169086525
9573	55.0183863139487	2.04115996139566	1.83178550783536	1.11430074791219	0.265150186248823	0.371954169086525
9574	55.0183863139487	2.04115996139566	1.83178550783536	1.11430074791219	0.265150186248823	0.371954169086525
9575	27.501461077965	1.77214476169923	1.40246049215394	1.26359692241849	0.206374738787907	0.311544101337521
9576	27.501461077965	1.77214476169923	1.40246049215394	1.26359692241849	0.206374738787907	0.311544101337521
9577	27.501461077965	1.77214476169923	1.40246049215394	1.26359692241849	0.206374738787907	0.311544101337521
9578	172.889189456368	1.9447079109458	2.00117832817708	0.971781416760233	0.331159302703007	0.438345121762569
9579	172.889189456368	1.9447079109458	2.00117832817708	0.971781416760233	0.331159302703007	0.438345121762569
9580	172.889189456368	1.9447079109458	2.00117832817708	0.971781416760233	0.331159302703007	0.438345121762569
9581	1.97466553537364	-1.99665695643976	1.38482506126311	-1.44181168603245	0.149355505274293	0.247257832933398
9582	1.97466553537364	-1.99665695643976	1.38482506126311	-1.44181168603245	0.149355505274293	0.247257832933398
9583	1.33376603013425	-1.33979669262574	1.57164661062102	-0.852479611874284	0.393947950192337	NA
9584	1.33376603013425	-1.33979669262574	1.57164661062102	-0.852479611874284	0.393947950192337	NA
9585	0.567364502167016	-0.883997508371301	2.10283931084895	-0.420382814707044	0.674205820337934	NA
9586	0.567364502167016	-0.883997508371301	2.10283931084895	-0.420382814707044	0.674205820337934	NA
9587	0.436775360007456	-0.717854028375714	2.10172648415553	-0.341554447635058	0.732686223085295	NA
9588	0.436775360007456	-0.717854028375714	2.10172648415553	-0.341554447635058	0.732686223085295	NA
9589	2.25741180310965	-3.43362442902409	1.49491174021148	-2.29687434827312	0.0216259387076122	0.0614539530256911
9590	2.25741180310965	-3.43362442902409	1.49491174021148	-2.29687434827312	0.0216259387076122	0.0614539530256911
9591	30.0329312451087	1.34110764119317	0.6428786145878	2.0860977652104	0.0369697681044521	0.0906968610039127
9592	30.0329312451087	1.34110764119317	0.6428786145878	2.0860977652104	0.0369697681044521	0.0906968610039127
9593	2.41585302374514	0.772320401055804	1.12147043092878	0.688667645402103	0.491032441283323	0.589575830014281
9594	2.41585302374514	0.772320401055804	1.12147043092878	0.688667645402103	0.491032441283323	0.589575830014281
9595	1.10111481535872	-1.0550769181078	1.67162404110264	-0.631168786859426	0.527930168423654	NA
9596	1.10111481535872	-1.0550769181078	1.67162404110264	-0.631168786859426	0.527930168423654	NA
9597	0.306186217847897	-0.511379433977429	2.09997323508663	-0.243517119853355	0.807604824481893	NA
9598	0.306186217847897	-0.511379433977429	2.09997323508663	-0.243517119853355	0.807604824481893	NA
9599	0	NA	NA	NA	NA	NA
9600	0	NA	NA	NA	NA	NA
9601	0	NA	NA	NA	NA	NA
9602	0	NA	NA	NA	NA	NA
9603	0.306186217847897	-0.511379433977429	2.09997323508663	-0.243517119853355	0.807604824481893	NA
9604	0.306186217847897	-0.511379433977429	2.09997323508663	-0.243517119853355	0.807604824481893	NA
9605	1.32867891070254	-0.443943755878198	1.52786060272776	-0.290565615138977	0.771383561047814	NA
9606	1.32867891070254	-0.443943755878198	1.52786060272776	-0.290565615138977	0.771383561047814	NA
9607	5.3242148906059	0.485298106823	0.827814022517262	0.586240500429407	0.557713908717476	0.650847017675299
9608	5.3242148906059	0.485298106823	0.827814022517262	0.586240500429407	0.557713908717476	0.650847017675299
9609	1.45926805286209	-0.563997922762868	1.50923510714158	-0.3736978553534	0.708629121100224	NA
9610	1.45926805286209	-0.563997922762868	1.50923510714158	-0.3736978553534	0.708629121100224	NA
9611	5.15302994328161	2.33266398319384	0.905032969863416	2.57743536519545	0.00995364948333097	0.0341267982285633
9612	5.15302994328161	2.33266398319384	0.905032969863416	2.57743536519545	0.00995364948333097	0.0341267982285633
9613	1.1245547654706	-0.0958364160127469	1.67572833733718	-0.057190902533185	0.954393125027233	NA
9614	1.1245547654706	-0.0958364160127469	1.67572833733718	-0.057190902533185	0.954393125027233	NA
9615	0.455128190687622	1.46332915655147	2.09860405196263	0.697286920409284	0.485623251838368	NA
9616	0.455128190687622	1.46332915655147	2.09860405196263	0.697286920409284	0.485623251838368	NA
9617	1.02249269285464	0.0957971624594194	1.79692756663029	0.0533116438516574	0.957483602943988	NA
9618	1.02249269285464	0.0957971624594194	1.79692756663029	0.0533116438516574	0.957483602943988	NA
9619	1.1157011825862	3.08522103332338	1.92202803777929	1.60519044086789	0.108451900513832	NA
9620	1.1157011825862	3.08522103332338	1.92202803777929	1.60519044086789	0.108451900513832	NA
9621	0.204124145231932	-0.289902072294537	2.0984847144607	-0.138148288761322	0.890123222704436	NA
9622	0.204124145231932	-0.289902072294537	2.0984847144607	-0.138148288761322	0.890123222704436	NA
9623	0.306186217847897	-0.511379433977429	2.09997323508663	-0.243517119853355	0.807604824481893	NA
9624	0.306186217847897	-0.511379433977429	2.09997323508663	-0.243517119853355	0.807604824481893	NA
9625	0.975612792630879	-1.97724141485751	1.93871554125265	-1.01987185473325	0.307789239391845	NA
9626	0.975612792630879	-1.97724141485751	1.93871554125265	-1.01987185473325	0.307789239391845	NA
9627	0.873550720014913	-1.7477027830362	2.0124501450409	-0.86844525681439	0.3851506285872	NA
9628	0.873550720014913	-1.7477027830362	2.0124501450409	-0.86844525681439	0.3851506285872	NA
9629	2.0767276079896	-2.08522381638947	1.36735327495179	-1.52500736611977	0.127257260386532	0.219589356459916
9630	2.0767276079896	-2.08522381638947	1.36735327495179	-1.52500736611977	0.127257260386532	0.219589356459916
9631	11.6027219511292	-1.87099551765887	0.741830971302915	-2.52213184679084	0.0116645978606108	0.038750814120719
9632	11.6027219511292	-1.87099551765887	0.741830971302915	-2.52213184679084	0.0116645978606108	0.038750814120719
9633	1.20317688797469	-1.21727093310504	1.61634957106016	-0.753098806656433	0.451390541475107	NA
9634	1.20317688797469	-1.21727093310504	1.61634957106016	-0.753098806656433	0.451390541475107	NA
9635	1.07258774581513	-1.05126057515275	1.73226051262502	-0.606872100062884	0.543935794914801	NA
9636	1.07258774581513	-1.05126057515275	1.73226051262502	-0.606872100062884	0.543935794914801	NA
9637	0.102062072615966	0.0151395672302882	2.09688988419048	0.00722001061878979	0.99423931504784	NA
9638	0.102062072615966	0.0151395672302882	2.09688988419048	0.00722001061878979	0.99423931504784	NA
9639	1.10111481535872	-1.0550769181078	1.67162404110264	-0.631168786859426	0.527930168423654	NA
9640	1.10111481535872	-1.0550769181078	1.67162404110264	-0.631168786859426	0.527930168423654	NA
9641	14.7328339466153	1.37306773710164	0.658120028756165	2.08634850347393	0.036947066064339	0.0906968610039127
9642	14.7328339466153	1.37306773710164	0.658120028756165	2.08634850347393	0.036947066064339	0.0906968610039127
9643	1.32359179127082	0.314761402634321	1.54258047896302	0.204048610057555	0.838315512588351	NA
9644	1.32359179127082	0.314761402634321	1.54258047896302	0.204048610057555	0.838315512588351	NA
9645	1.22661683808657	-0.277769180721582	1.5909008943486	-0.174598670293234	0.861394993488318	NA
9646	1.22661683808657	-0.277769180721582	1.5909008943486	-0.174598670293234	0.861394993488318	NA
9647	0.102062072615966	0.0151395672302882	2.09688988419048	0.00722001061878979	0.99423931504784	NA
9648	0.102062072615966	0.0151395672302882	2.09688988419048	0.00722001061878979	0.99423931504784	NA
9649	0.557190263303588	0.93792212795813	2.1015277568334	0.446304896477504	0.655377019783103	NA
9650	0.557190263303588	0.93792212795813	2.1015277568334	0.446304896477504	0.655377019783103	NA
9651	0.102062072615966	0.0151395672302882	2.09688988419048	0.00722001061878979	0.99423931504784	NA
9652	0.102062072615966	0.0151395672302882	2.09688988419048	0.00722001061878979	0.99423931504784	NA
9653	0	NA	NA	NA	NA	NA
9654	0	NA	NA	NA	NA	NA
9655	0.886816431263365	1.1594675477146	2.03060525861534	0.570996033224714	0.568002331771835	NA
9656	0.886816431263365	1.1594675477146	2.03060525861534	0.570996033224714	0.568002331771835	NA
9657	0	NA	NA	NA	NA	NA
9658	0	NA	NA	NA	NA	NA
9659	0	NA	NA	NA	NA	NA
9660	0	NA	NA	NA	NA	NA
9661	7.08201255405879	2.71001592065633	0.891735348946633	3.0390361039938	0.00237336409557134	0.0121266778605835
9662	7.08201255405879	2.71001592065633	0.891735348946633	3.0390361039938	0.00237336409557134	0.0121266778605835
9663	0.669426574782981	-1.18312895308249	2.12141177000729	-0.557708300580618	0.577043588664145	NA
9664	0.669426574782981	-1.18312895308249	2.12141177000729	-0.557708300580618	0.577043588664145	NA
9665	19.9000519529165	0.097232615117663	0.595030018499812	0.163407915726346	0.870197270806307	0.90488451037051
9666	19.9000519529165	0.097232615117663	0.595030018499812	0.163407915726346	0.870197270806307	0.90488451037051
9667	0	NA	NA	NA	NA	NA
9668	0	NA	NA	NA	NA	NA
9669	0.204124145231932	-0.289902072294537	2.0984847144607	-0.138148288761322	0.890123222704436	NA
9670	0.204124145231932	-0.289902072294537	2.0984847144607	-0.138148288761322	0.890123222704436	NA
9671	22.4250571109952	0.647317932008254	0.95737950907828	0.676135143764944	0.498954845477757	0.597721149745174
9672	0	NA	NA	NA	NA	NA
9673	0	NA	NA	NA	NA	NA
9674	0.227564095343811	1.16277842171323	2.09495177282485	0.555038276678481	0.578868479644751	NA
9675	0.227564095343811	1.16277842171323	2.09495177282485	0.555038276678481	0.578868479644751	NA
9676	0	NA	NA	NA	NA	NA
9677	0	NA	NA	NA	NA	NA
9678	0	NA	NA	NA	NA	NA
9679	0	NA	NA	NA	NA	NA
9680	0	NA	NA	NA	NA	NA
9681	0	NA	NA	NA	NA	NA
9682	0	NA	NA	NA	NA	NA
9683	0	NA	NA	NA	NA	NA
9684	0	NA	NA	NA	NA	NA
9685	0	NA	NA	NA	NA	NA
9686	0.455128190687622	1.46332915655147	2.09860405196263	0.697286920409284	0.485623251838368	NA
9687	0.455128190687622	1.46332915655147	2.09860405196263	0.697286920409284	0.485623251838368	NA
9688	0	NA	NA	NA	NA	NA
9689	0	NA	NA	NA	NA	NA
9690	0	NA	NA	NA	NA	NA
9691	0	NA	NA	NA	NA	NA
9692	0	NA	NA	NA	NA	NA
9693	0	NA	NA	NA	NA	NA
9694	0	NA	NA	NA	NA	NA
9695	0	NA	NA	NA	NA	NA
9696	0	NA	NA	NA	NA	NA
9697	0	NA	NA	NA	NA	NA
9698	0	NA	NA	NA	NA	NA
9699	0	NA	NA	NA	NA	NA
9700	0	NA	NA	NA	NA	NA
9701	0	NA	NA	NA	NA	NA
9702	0	NA	NA	NA	NA	NA
9703	0	NA	NA	NA	NA	NA
9704	0	NA	NA	NA	NA	NA
9705	0	NA	NA	NA	NA	NA
9706	0	NA	NA	NA	NA	NA
9707	0	NA	NA	NA	NA	NA
9708	0	NA	NA	NA	NA	NA
9709	0	NA	NA	NA	NA	NA
9710	0.102062072615966	0.0151395672302882	2.09688988419048	0.00722001061878979	0.99423931504784	NA
9711	0.102062072615966	0.0151395672302882	2.09688988419048	0.00722001061878979	0.99423931504784	NA
9712	0	NA	NA	NA	NA	NA
9713	0	NA	NA	NA	NA	NA
9714	0	NA	NA	NA	NA	NA
9715	0	NA	NA	NA	NA	NA
9716	0	NA	NA	NA	NA	NA
9717	0	NA	NA	NA	NA	NA
9718	0	NA	NA	NA	NA	NA
9719	0	NA	NA	NA	NA	NA
9720	0	NA	NA	NA	NA	NA
9721	0	NA	NA	NA	NA	NA
9722	0	NA	NA	NA	NA	NA
9723	0	NA	NA	NA	NA	NA
9724	0	NA	NA	NA	NA	NA
9725	0	NA	NA	NA	NA	NA
9726	0	NA	NA	NA	NA	NA
9727	0	NA	NA	NA	NA	NA
9728	0	NA	NA	NA	NA	NA
9729	0	NA	NA	NA	NA	NA
9730	0	NA	NA	NA	NA	NA
9731	0	NA	NA	NA	NA	NA
9732	0	NA	NA	NA	NA	NA
9733	0	NA	NA	NA	NA	NA
9734	0	NA	NA	NA	NA	NA
9735	0	NA	NA	NA	NA	NA
9736	0	NA	NA	NA	NA	NA
9737	0	NA	NA	NA	NA	NA
9738	0	NA	NA	NA	NA	NA
9739	0	NA	NA	NA	NA	NA
9740	0	NA	NA	NA	NA	NA
9741	0	NA	NA	NA	NA	NA
9742	0	NA	NA	NA	NA	NA
9743	0	NA	NA	NA	NA	NA
9744	0	NA	NA	NA	NA	NA
9745	0	NA	NA	NA	NA	NA
9746	0	NA	NA	NA	NA	NA
9747	0	NA	NA	NA	NA	NA
9748	0	NA	NA	NA	NA	NA
9749	0	NA	NA	NA	NA	NA
9750	2.71241631344557	2.34829252184029	1.32930718692732	1.76655369423552	0.0773030017413571	0.153147456280047
9751	2.71241631344557	2.34829252184029	1.32930718692732	1.76655369423552	0.0773030017413571	0.153147456280047
9752	0	NA	NA	NA	NA	NA
9753	0	NA	NA	NA	NA	NA
9754	0	NA	NA	NA	NA	NA
9755	0	NA	NA	NA	NA	NA
9756	0	NA	NA	NA	NA	NA
9757	0	NA	NA	NA	NA	NA
9758	0	NA	NA	NA	NA	NA
9759	0	NA	NA	NA	NA	NA
9760	0	NA	NA	NA	NA	NA
9761	0	NA	NA	NA	NA	NA
9762	0	NA	NA	NA	NA	NA
9763	0	NA	NA	NA	NA	NA
9764	0	NA	NA	NA	NA	NA
9765	0	NA	NA	NA	NA	NA
9766	0	NA	NA	NA	NA	NA
9767	0	NA	NA	NA	NA	NA
9768	0	NA	NA	NA	NA	NA
9769	0	NA	NA	NA	NA	NA
9770	0	NA	NA	NA	NA	NA
9771	0	NA	NA	NA	NA	NA
9772	1.55624300604635	0.0319495344115111	1.40493959289757	0.0227408598725713	0.981856982788707	0.987027124871367
9773	1.55624300604635	0.0319495344115111	1.40493959289757	0.0227408598725713	0.981856982788707	0.987027124871367
9774	0	NA	NA	NA	NA	NA
9775	0	NA	NA	NA	NA	NA
9776	1.79021487680089	-0.121528418237548	1.41999411582696	-0.0855837477655839	0.931797318455472	0.952433374911896
9777	1.79021487680089	-0.121528418237548	1.41999411582696	-0.0855837477655839	0.931797318455472	0.952433374911896
9778	0	NA	NA	NA	NA	NA
9779	0	NA	NA	NA	NA	NA
9780	0	NA	NA	NA	NA	NA
9781	0	NA	NA	NA	NA	NA
9782	1.77627417448477	3.87180667855454	1.69942654629067	2.27830187012525	0.0227085983236519	0.0637540862027661
9783	1.77627417448477	3.87180667855454	1.69942654629067	2.27830187012525	0.0227085983236519	0.0637540862027661
9784	0	NA	NA	NA	NA	NA
9785	0	NA	NA	NA	NA	NA
9786	0	NA	NA	NA	NA	NA
9787	0	NA	NA	NA	NA	NA
9788	0	NA	NA	NA	NA	NA
9789	0	NA	NA	NA	NA	NA
9790	0	NA	NA	NA	NA	NA
9791	0	NA	NA	NA	NA	NA
9792	0	NA	NA	NA	NA	NA
9793	0	NA	NA	NA	NA	NA
9794	0	NA	NA	NA	NA	NA
9795	0	NA	NA	NA	NA	NA
9796	0	NA	NA	NA	NA	NA
9797	0	NA	NA	NA	NA	NA
9798	0	NA	NA	NA	NA	NA
9799	0	NA	NA	NA	NA	NA
9800	0	NA	NA	NA	NA	NA
9801	0	NA	NA	NA	NA	NA
9802	0	NA	NA	NA	NA	NA
9803	0	NA	NA	NA	NA	NA
9804	0	NA	NA	NA	NA	NA
9805	0	NA	NA	NA	NA	NA
9806	0	NA	NA	NA	NA	NA
9807	0	NA	NA	NA	NA	NA
9808	0	NA	NA	NA	NA	NA
9809	0	NA	NA	NA	NA	NA
9810	0	NA	NA	NA	NA	NA
9811	0	NA	NA	NA	NA	NA
9812	0	NA	NA	NA	NA	NA
9813	0	NA	NA	NA	NA	NA
9814	0	NA	NA	NA	NA	NA
9815	0	NA	NA	NA	NA	NA
9816	0	NA	NA	NA	NA	NA
9817	0	NA	NA	NA	NA	NA
9818	0	NA	NA	NA	NA	NA
9819	0	NA	NA	NA	NA	NA
9820	0	NA	NA	NA	NA	NA
9821	0	NA	NA	NA	NA	NA
9822	0	NA	NA	NA	NA	NA
9823	0	NA	NA	NA	NA	NA
9824	0	NA	NA	NA	NA	NA
9825	0	NA	NA	NA	NA	NA
9826	0	NA	NA	NA	NA	NA
9827	0	NA	NA	NA	NA	NA
9828	0	NA	NA	NA	NA	NA
9829	0	NA	NA	NA	NA	NA
9830	0	NA	NA	NA	NA	NA
9831	0	NA	NA	NA	NA	NA
9832	0	NA	NA	NA	NA	NA
9833	0	NA	NA	NA	NA	NA
9834	0	NA	NA	NA	NA	NA
9835	0	NA	NA	NA	NA	NA
9836	0	NA	NA	NA	NA	NA
9837	0	NA	NA	NA	NA	NA
9838	0	NA	NA	NA	NA	NA
9839	0	NA	NA	NA	NA	NA
9840	0	NA	NA	NA	NA	NA
9841	0	NA	NA	NA	NA	NA
9842	0	NA	NA	NA	NA	NA
9843	0	NA	NA	NA	NA	NA
9844	0	NA	NA	NA	NA	NA
9845	0	NA	NA	NA	NA	NA
9846	0	NA	NA	NA	NA	NA
9847	0	NA	NA	NA	NA	NA
9848	0	NA	NA	NA	NA	NA
9849	0	NA	NA	NA	NA	NA
9850	0	NA	NA	NA	NA	NA
9851	0	NA	NA	NA	NA	NA
9852	0	NA	NA	NA	NA	NA
9853	0	NA	NA	NA	NA	NA
9854	0	NA	NA	NA	NA	NA
9855	0	NA	NA	NA	NA	NA
9856	0	NA	NA	NA	NA	NA
9857	0	NA	NA	NA	NA	NA
9858	0	NA	NA	NA	NA	NA
9859	0	NA	NA	NA	NA	NA
9860	0	NA	NA	NA	NA	NA
9861	0	NA	NA	NA	NA	NA
9862	0	NA	NA	NA	NA	NA
9863	0	NA	NA	NA	NA	NA
9864	0	NA	NA	NA	NA	NA
9865	0	NA	NA	NA	NA	NA
9866	0	NA	NA	NA	NA	NA
9867	0	NA	NA	NA	NA	NA
9868	0	NA	NA	NA	NA	NA
9869	0	NA	NA	NA	NA	NA
9870	0.557190263303588	0.93792212795813	2.1015277568334	0.446304896477504	0.655377019783103	NA
9871	0.557190263303588	0.93792212795813	2.1015277568334	0.446304896477504	0.655377019783103	NA
9872	23.2645566534278	4.64843083275355	0.985139474536668	4.71855097973798	2.37530448051776e-06	8.41496519674237e-05
9873	0.562277382735302	0.0498330857396452	2.0951784918673	0.0237846493428024	0.981024384636588	NA
9874	0.562277382735302	0.0498330857396452	2.0951784918673	0.0237846493428024	0.981024384636588	NA
9875	0	NA	NA	NA	NA	NA
9876	0	NA	NA	NA	NA	NA
9877	0	NA	NA	NA	NA	NA
9878	0	NA	NA	NA	NA	NA
9879	0	NA	NA	NA	NA	NA
9880	0	NA	NA	NA	NA	NA
9881	0	NA	NA	NA	NA	NA
9882	0	NA	NA	NA	NA	NA
9883	0	NA	NA	NA	NA	NA
9884	0	NA	NA	NA	NA	NA
9885	0	NA	NA	NA	NA	NA
9886	0	NA	NA	NA	NA	NA
9887	0	NA	NA	NA	NA	NA
9888	0	NA	NA	NA	NA	NA
9889	0	NA	NA	NA	NA	NA
9890	0	NA	NA	NA	NA	NA
9891	0.102062072615966	0.0151395672302882	2.09688988419048	0.00722001061878979	0.99423931504784	NA
9892	0.102062072615966	0.0151395672302882	2.09688988419048	0.00722001061878979	0.99423931504784	NA
9893	0	NA	NA	NA	NA	NA
9894	0	NA	NA	NA	NA	NA
9895	0.232651214775525	-0.19316414502161	2.0980365678857	-0.0920690077467387	0.926643212073756	NA
9896	0.232651214775525	-0.19316414502161	2.0980365678857	-0.0920690077467387	0.926643212073756	NA
9897	15.0703420516185	1.38395960924052	1.15242900846083	1.2009066060294	0.229787431455488	0.337332125869643
9898	0	NA	NA	NA	NA	NA
9899	0	NA	NA	NA	NA	NA
9900	0	NA	NA	NA	NA	NA
9901	0	NA	NA	NA	NA	NA
9902	0	NA	NA	NA	NA	NA
9903	0	NA	NA	NA	NA	NA
9904	0.660572991898574	1.16277842171323	2.09495177282485	0.555038276678481	0.578868479644751	NA
9905	0.660572991898574	1.16277842171323	2.09495177282485	0.555038276678481	0.578868479644751	NA
9906	0	NA	NA	NA	NA	NA
9907	0	NA	NA	NA	NA	NA
9908	0	NA	NA	NA	NA	NA
9909	0	NA	NA	NA	NA	NA
9910	0.431688240575743	0.300911269897379	2.10125340962322	0.143205606957866	0.886127801753767	NA
9911	0.431688240575743	0.300911269897379	2.10125340962322	0.143205606957866	0.886127801753767	NA
9912	0.227564095343811	1.16277842171323	2.09495177282485	0.555038276678481	0.578868479644751	NA
9913	0.227564095343811	1.16277842171323	2.09495177282485	0.555038276678481	0.578868479644751	NA
9914	3.6709969313753	0.473898188138904	0.916319526699794	0.517175695082796	0.605033516922925	0.692220313559326
9915	3.6709969313753	0.473898188138904	0.916319526699794	0.517175695082796	0.605033516922925	0.692220313559326
9916	0	NA	NA	NA	NA	NA
9917	0	NA	NA	NA	NA	NA
9918	0	NA	NA	NA	NA	NA
9919	0	NA	NA	NA	NA	NA
9920	0	NA	NA	NA	NA	NA
9921	0	NA	NA	NA	NA	NA
9922	0	NA	NA	NA	NA	NA
9923	0	NA	NA	NA	NA	NA
9924	0	NA	NA	NA	NA	NA
9925	0	NA	NA	NA	NA	NA
9926	0	NA	NA	NA	NA	NA
9927	0	NA	NA	NA	NA	NA
9928	0	NA	NA	NA	NA	NA
9929	0	NA	NA	NA	NA	NA
9930	0	NA	NA	NA	NA	NA
9931	0	NA	NA	NA	NA	NA
9932	0	NA	NA	NA	NA	NA
9933	0	NA	NA	NA	NA	NA
9934	0	NA	NA	NA	NA	NA
9935	0	NA	NA	NA	NA	NA
9936	0	NA	NA	NA	NA	NA
9937	0	NA	NA	NA	NA	NA
9938	0	NA	NA	NA	NA	NA
9939	0	NA	NA	NA	NA	NA
9940	0	NA	NA	NA	NA	NA
9941	0	NA	NA	NA	NA	NA
9942	0	NA	NA	NA	NA	NA
9943	0	NA	NA	NA	NA	NA
9944	0	NA	NA	NA	NA	NA
9945	0	NA	NA	NA	NA	NA
9946	0	NA	NA	NA	NA	NA
9947	0	NA	NA	NA	NA	NA
9948	0	NA	NA	NA	NA	NA
9949	0	NA	NA	NA	NA	NA
9950	0	NA	NA	NA	NA	NA
9951	0	NA	NA	NA	NA	NA
9952	0	NA	NA	NA	NA	NA
9953	0	NA	NA	NA	NA	NA
9954	0	NA	NA	NA	NA	NA
9955	0	NA	NA	NA	NA	NA
9956	0	NA	NA	NA	NA	NA
9957	0	NA	NA	NA	NA	NA
9958	0	NA	NA	NA	NA	NA
9959	0	NA	NA	NA	NA	NA
9960	0	NA	NA	NA	NA	NA
9961	0	NA	NA	NA	NA	NA
9962	0	NA	NA	NA	NA	NA
9963	0	NA	NA	NA	NA	NA
9964	0	NA	NA	NA	NA	NA
9965	0	NA	NA	NA	NA	NA
9966	0	NA	NA	NA	NA	NA
9967	0	NA	NA	NA	NA	NA
9968	0	NA	NA	NA	NA	NA
9969	0	NA	NA	NA	NA	NA
9970	0	NA	NA	NA	NA	NA
9971	0	NA	NA	NA	NA	NA
9972	0	NA	NA	NA	NA	NA
9973	0	NA	NA	NA	NA	NA
9974	0	NA	NA	NA	NA	NA
9975	0	NA	NA	NA	NA	NA
9976	0	NA	NA	NA	NA	NA
9977	0	NA	NA	NA	NA	NA
9978	0	NA	NA	NA	NA	NA
9979	0	NA	NA	NA	NA	NA
9980	0	NA	NA	NA	NA	NA
9981	0	NA	NA	NA	NA	NA
9982	0	NA	NA	NA	NA	NA
9983	0	NA	NA	NA	NA	NA
9984	0	NA	NA	NA	NA	NA
9985	0	NA	NA	NA	NA	NA
9986	0	NA	NA	NA	NA	NA
9987	0	NA	NA	NA	NA	NA
9988	0	NA	NA	NA	NA	NA
9989	0	NA	NA	NA	NA	NA
9990	0	NA	NA	NA	NA	NA
9991	0	NA	NA	NA	NA	NA
9992	0	NA	NA	NA	NA	NA
9993	0	NA	NA	NA	NA	NA
9994	0	NA	NA	NA	NA	NA
9995	0	NA	NA	NA	NA	NA
9996	0	NA	NA	NA	NA	NA
9997	0	NA	NA	NA	NA	NA
9998	0	NA	NA	NA	NA	NA
9999	0	NA	NA	NA	NA	NA
10000	0	NA	NA	NA	NA	NA
10001	0	NA	NA	NA	NA	NA
10002	0	NA	NA	NA	NA	NA
10003	0	NA	NA	NA	NA	NA
10004	0	NA	NA	NA	NA	NA
10005	0	NA	NA	NA	NA	NA
10006	0	NA	NA	NA	NA	NA
10007	0	NA	NA	NA	NA	NA
10008	0	NA	NA	NA	NA	NA
10009	0	NA	NA	NA	NA	NA
10010	0	NA	NA	NA	NA	NA
10011	0	NA	NA	NA	NA	NA
10012	0	NA	NA	NA	NA	NA
10013	0	NA	NA	NA	NA	NA
10014	0.455128190687622	1.46332915655147	2.09860405196263	0.697286920409284	0.485623251838368	NA
10015	0.455128190687622	1.46332915655147	2.09860405196263	0.697286920409284	0.485623251838368	NA
10016	0.102062072615966	0.0151395672302882	2.09688988419048	0.00722001061878979	0.99423931504784	NA
10017	0.102062072615966	0.0151395672302882	2.09688988419048	0.00722001061878979	0.99423931504784	NA
10018	0	NA	NA	NA	NA	NA
10019	0	NA	NA	NA	NA	NA
10020	0.227564095343811	1.16277842171323	2.09495177282485	0.555038276678481	0.578868479644751	NA
10021	0.227564095343811	1.16277842171323	2.09495177282485	0.555038276678481	0.578868479644751	NA
10022	0	NA	NA	NA	NA	NA
10023	0	NA	NA	NA	NA	NA
10024	0	NA	NA	NA	NA	NA
10025	0	NA	NA	NA	NA	NA
10026	0	NA	NA	NA	NA	NA
10027	0	NA	NA	NA	NA	NA
10028	0.102062072615966	0.0151395672302882	2.09688988419048	0.00722001061878979	0.99423931504784	NA
10029	0.102062072615966	0.0151395672302882	2.09688988419048	0.00722001061878979	0.99423931504784	NA
10030	0	NA	NA	NA	NA	NA
10031	0	NA	NA	NA	NA	NA
10032	0	NA	NA	NA	NA	NA
10033	0	NA	NA	NA	NA	NA
10034	0	NA	NA	NA	NA	NA
10035	0	NA	NA	NA	NA	NA
10036	0	NA	NA	NA	NA	NA
10037	0	NA	NA	NA	NA	NA
10038	0	NA	NA	NA	NA	NA
10039	0	NA	NA	NA	NA	NA
10040	0	NA	NA	NA	NA	NA
10041	0	NA	NA	NA	NA	NA
10042	0	NA	NA	NA	NA	NA
10043	0	NA	NA	NA	NA	NA
10044	0	NA	NA	NA	NA	NA
10045	0	NA	NA	NA	NA	NA
10046	0.227564095343811	1.16277842171323	2.09495177282485	0.555038276678481	0.578868479644751	NA
10047	0.227564095343811	1.16277842171323	2.09495177282485	0.555038276678481	0.578868479644751	NA
10048	0.102062072615966	0.0151395672302882	2.09688988419048	0.00722001061878979	0.99423931504784	NA
10049	0.102062072615966	0.0151395672302882	2.09688988419048	0.00722001061878979	0.99423931504784	NA
10050	0	NA	NA	NA	NA	NA
10051	0	NA	NA	NA	NA	NA
10052	0	NA	NA	NA	NA	NA
10053	0	NA	NA	NA	NA	NA
10054	4.63631180479104	3.63194991546117	1.22021524566337	2.97648298393999	0.00291575262434027	0.0143397670049522
10055	4.63631180479104	3.63194991546117	1.22021524566337	2.97648298393999	0.00291575262434027	0.0143397670049522
10056	0	NA	NA	NA	NA	NA
10057	0	NA	NA	NA	NA	NA
10058	0	NA	NA	NA	NA	NA
10059	0	NA	NA	NA	NA	NA
10060	0	NA	NA	NA	NA	NA
10061	0	NA	NA	NA	NA	NA
10062	0	NA	NA	NA	NA	NA
10063	0	NA	NA	NA	NA	NA
10064	0	NA	NA	NA	NA	NA
10065	0	NA	NA	NA	NA	NA
10066	0	NA	NA	NA	NA	NA
10067	0	NA	NA	NA	NA	NA
10068	0	NA	NA	NA	NA	NA
10069	0	NA	NA	NA	NA	NA
10070	0	NA	NA	NA	NA	NA
10071	0	NA	NA	NA	NA	NA
10072	0	NA	NA	NA	NA	NA
10073	0	NA	NA	NA	NA	NA
10074	0	NA	NA	NA	NA	NA
10075	0	NA	NA	NA	NA	NA
10076	0	NA	NA	NA	NA	NA
10077	0	NA	NA	NA	NA	NA
10078	0	NA	NA	NA	NA	NA
10079	0	NA	NA	NA	NA	NA
10080	0	NA	NA	NA	NA	NA
10081	0	NA	NA	NA	NA	NA
10082	0.329626167959777	0.605654192809648	2.0991405715485	0.288524837744843	0.772945020734111	NA
10083	0.329626167959777	0.605654192809648	2.0991405715485	0.288524837744843	0.772945020734111	NA
10084	0	NA	NA	NA	NA	NA
10085	0	NA	NA	NA	NA	NA
10086	0	NA	NA	NA	NA	NA
10087	0	NA	NA	NA	NA	NA
10088	0	NA	NA	NA	NA	NA
10089	0	NA	NA	NA	NA	NA
10090	0	NA	NA	NA	NA	NA
10091	0	NA	NA	NA	NA	NA
10092	0	NA	NA	NA	NA	NA
10093	0	NA	NA	NA	NA	NA
10094	0	NA	NA	NA	NA	NA
10095	0	NA	NA	NA	NA	NA
10096	0	NA	NA	NA	NA	NA
10097	0	NA	NA	NA	NA	NA
10098	0.232651214775525	-0.19316414502161	2.0980365678857	-0.0920690077467387	0.926643212073756	NA
10099	0.232651214775525	-0.19316414502161	2.0980365678857	-0.0920690077467387	0.926643212073756	NA
10100	0	NA	NA	NA	NA	NA
10101	0	NA	NA	NA	NA	NA
10102	0	NA	NA	NA	NA	NA
10103	0	NA	NA	NA	NA	NA
10104	0	NA	NA	NA	NA	NA
10105	0	NA	NA	NA	NA	NA
10106	0	NA	NA	NA	NA	NA
10107	0	NA	NA	NA	NA	NA
10108	0	NA	NA	NA	NA	NA
10109	0	NA	NA	NA	NA	NA
10110	0	NA	NA	NA	NA	NA
10111	0	NA	NA	NA	NA	NA
10112	0	NA	NA	NA	NA	NA
10113	0	NA	NA	NA	NA	NA
10114	0	NA	NA	NA	NA	NA
10115	0	NA	NA	NA	NA	NA
10116	0	NA	NA	NA	NA	NA
10117	0	NA	NA	NA	NA	NA
10118	0	NA	NA	NA	NA	NA
10119	0	NA	NA	NA	NA	NA
10120	0.329626167959777	0.605654192809648	2.0991405715485	0.288524837744843	0.772945020734111	NA
10121	0.329626167959777	0.605654192809648	2.0991405715485	0.288524837744843	0.772945020734111	NA
10122	0	NA	NA	NA	NA	NA
10123	0	NA	NA	NA	NA	NA
10124	0	NA	NA	NA	NA	NA
10125	0	NA	NA	NA	NA	NA
10126	0	NA	NA	NA	NA	NA
10127	0	NA	NA	NA	NA	NA
10128	0	NA	NA	NA	NA	NA
10129	0	NA	NA	NA	NA	NA
